entity_id,Id,Title,Year,Director,Cast,Genre,Duration
0,c3047,Spy Kids,2001,Robert Rodriguez,"Alexa PenaVega, Daryl Sabara, Antonio Banderas","Action, Adventure, Comedy",88
0,b1358,Spy Kids,2001,Robert Rodriguez,"Antonio Banderas, Carla Gugino, Alexa Vega, Daryl Sabara","Action & Adventure, Kids & Family, Mystery & Suspense, Comedy",88
0,a1559,Spy Kids,2001,Robert Rodriguez,"Alexa PenaVega, Daryl Sabara, Antonio Banderas","Action, Adventure, Comedy, Family, Sci-Fi",88
1,d2902,transporter 3,2008,,,"Action, Adventure, Thriller",104
1,c2022,Transporter 3,2008,Olivier Megaton,"Jason Statham, Robert Knepper, Natalya Rudakova","Action, Adventure, Crime",104
2,b2581,Last Weekend,2014,Tom Williams,"Patricia Clarkson, Zachary Booth, Chris Mulkey, Joseph Cross",Comedy,94
2,d1265,le week-end,2014,Roger Michell,"Jim Broadbent,Lindsay Duncan,Jeff Goldblum,Olly Alexander,Sophie- Charlotte Husson,Brice Beaugier,Xavier De Guillebon,Marie-France Alvarez,Charlotte Leo,Denis Sebbah","Comedy, Drama",93
2,d995,last weekend,2014,,"Patricia Clarkson,Zachary Booth,Joseph Cross","Comedy, Drama",94
2,a2825,Last Weekend,2014,Tom Dolby,"Patricia Clarkson, Zachary Booth, Joseph Cross","Comedy, Drama",94
3,b2625,Parker,2013,Taylor Hackford,"Jason Statham, Jennifer Lopez, Clifton Collins Jr., Wendell Pierce",Mystery & Suspense,118
3,d1761,parker,2013,Taylor Hackford,"Jason Statham,Jennifer Lopez,Michael Chiklis,Wendell Pierce,Clifton Collins Jr.,Micah A. Hauptman,Bobby Canavale,Nick Nolte","Crime, Thriller",
3,c625,Parker,2013,Taylor Hackford,"Jason Statham, Jennifer Lopez, Michael Chiklis","Action, Crime, Thriller",118
3,a2875,Parker,2013,Taylor Hackford,"Jason Statham, Jennifer Lopez, Michael Chiklis","Action, Crime, Thriller",118
4,c2453,Serenity,2005,Joss Whedon,"Nathan Fillion, Gina Torres, Chiwetel Ejiofor","Action, Adventure, Sci-Fi",119
4,a1973,Serenity,2005,Joss Whedon,"Nathan Fillion, Gina Torres, Chiwetel Ejiofor","Action, Adventure, Sci-Fi, Thriller",119
4,b1739,Serenity,2005,Joss Whedon,"Nathan Fillion, Gina Torres, Alan Tudyk, Morena Baccarin","Action & Adventure, Science Fiction & Fantasy",119
5,a867,12 Rounds,2009,Renny Harlin,"John Cena, Ashley Scott, Aidan Gillen","Action, Crime, Thriller",108
5,c1756,12 Rounds,2009,Renny Harlin,"John Cena, Ashley Scott, Aidan Gillen","Action, Crime, Thriller",108
6,a1057,Pearl Harbor,2001,Michael Bay,"Ben Affleck, Kate Beckinsale, Josh Hartnett","Action, Drama, Romance, War",183
6,c3035,Pearl Harbor,2001,Michael Bay,"Ben Affleck, Kate Beckinsale, Josh Hartnett","Action, Drama, Romance",183
6,b1325,Pearl Harbor,2001,Michael Bay,"Ben Affleck, Josh Hartnett, Kate Beckinsale, Ewen Bremner","Drama, Action & Adventure, Romance",183
7,d1933,bill w.,2012,"Dan Carracino,Kevin Hanlon","Blake J. Evans,Chris Gates,Julia Schell,Tim Intravia,Bill Weeden",Documentary,104
7,a56,Bill W.,2012,Dan Carracino,"Bill Wilson, Dr. Bob, Blake J. Evans","Documentary, Biography, History",104
7,b57,Bill W.,2012,Dan Carracino,,Documentary,104
8,a1042,Sherlock Holmes,2009,Guy Ritchie,"Robert Downey Jr., Jude Law, Rachel McAdams","Action, Adventure, Crime, Mystery, Thriller",128
8,d2632,sherlock holmes,2009,Guy Ritchie,"Robert Downey Jr.,Jude Law,Mark Strong,Rachel McAdams,Kelly Reilly","Action, Adventure, Comedy, Crime, Drama, Mystery, Thriller",128
8,c1714,Sherlock Holmes,2009,Guy Ritchie,"Robert Downey Jr., Jude Law, Rachel McAdams","Action, Adventure, Crime",128
8,b969,Sherlock Holmes,2009,Guy Ritchie,"Robert Downey Jr., Jude Law, Rachel McAdams, Mark Strong (II)","Drama, Action & Adventure, Mystery & Suspense",129
9,a640,Spy Kids: All the Time in the World in 4D,2011,Robert Rodriguez,"Jessica Alba, Jeremy Piven, Joel McHale","Action, Adventure, Comedy, Family, Sci-Fi",89
9,c1226,Spy Kids: All the Time in the World in 4D,2011,Robert Rodriguez,"Jessica Alba, Jeremy Piven, Joel McHale","Action, Adventure, Comedy",89
10,c2092,Transformers,2007,Michael Bay,"Shia LaBeouf, Megan Fox, Josh Duhamel","Action, Adventure, Sci-Fi",144
10,a2602,Transformers,2007,Michael Bay,"Shia LaBeouf, Megan Fox, Josh Duhamel","Action, Adventure, Sci-Fi",144
10,d150,transformers,2007,Michael Bay,"Shia LaBeouf,Tyrese Gibson,Josh Duhamel,Anthony Anderson,Megan Fox,Rachael Taylor,John Turturro,Jon Voight","Action, Adventure, Science Fiction, Thriller",144
11,c2595,Catwoman,2004,Pitof,"Halle Berry, Sharon Stone, Benjamin Bratt",Action,104
11,a1621,Catwoman,2004,Pitof,"Halle Berry, Sharon Stone, Benjamin Bratt",Action,104
12,a480,Abduction,2011,John Singleton,"Taylor Lautner, Lily Collins, Alfred Molina","Action, Mystery, Thriller",106
12,b458,Abduction,2011,John Singleton,"Taylor Lautner, Lily Collins, Alfred Molina, Antonique Smith","Mystery & Suspense, Action & Adventure",105
12,c1246,Abduction,2011,John Singleton,"Taylor Lautner, Lily Collins, Alfred Molina","Action, Mystery, Thriller",106
13,a1485,A Knight's Tale,2001,Brian Helgeland,"Heath Ledger, Mark Addy, Rufus Sewell","Action, Adventure, Romance",132
13,c3027,A Knight's Tale,2001,Brian Helgeland,"Heath Ledger, Mark Addy, Rufus Sewell","Action, Adventure, Romance",132
14,a641,Sucker Punch,2011,Zack Snyder,"Emily Browning, Vanessa Hudgens, Abbie Cornish","Action, Adventure, Fantasy",110
14,c1174,Sucker Punch,2011,Zack Snyder,"Emily Browning, Vanessa Hudgens, Abbie Cornish","Action, Adventure, Fantasy",110
14,b602,Sucker Punch,2011,Zack Snyder,"Emily Browning, Abbie Cornish, Jena Malone, Jamie Chung","Action & Adventure, Mystery & Suspense, Science Fiction & Fantasy",110
15,c571,The Lone Ranger,2013,Gore Verbinski,"Johnny Depp, Armie Hammer, William Fichtner","Action, Adventure, Western",149
15,a2833,The Lone Ranger,2013,Gore Verbinski,"Johnny Depp, Armie Hammer, William Fichtner","Action, Adventure, Western",149
15,b2589,The Lone Ranger,2013,Gore Verbinski,"Johnny Depp, Armie Hammer, William Fichtner, Tom Wilkinson","Western, Action & Adventure, Kids & Family",149
16,d2676,the cove,2009,Louie Psihoyos,,"Crime, Documentary",92
16,b851,The Cove,2009,Louie Psihoyos,"Richard O'Barry, Simon Hutchins, Mandy-Rae Cruickshan..., Kirk Krack",Documentary,91
16,a915,The Cove,2009,Louie Psihoyos,"Richard O'Barry, Louie Psihoyos, Hardy Jones","Documentary, Crime",92
17,a1010,Next Day Air,2009,Benny Boom,"Yasiin Bey, Mike Epps, Donald Faison","Action, Comedy, Crime",84
17,d2767,next day air,2009,Benny Boom,"Donald Faison,Mike Epps,Mos Def,Wood Harris,Omari Hardwick,Emilio Rivera","Action, Adventure, Comedy, Crime",84
17,c1737,Next Day Air,2009,Benny Boom,"Yasiin Bey, Mike Epps, Donald Faison","Action, Comedy, Crime",84
17,b940,Next Day Air,2009,Benny Boom,"Mike Epps, Donald Faison, Darius McCrary, Lauren London","Action & Adventure, Comedy",84
18,b695,Hero Wanted,2008,Brian Smrz,"Cuba Gooding Jr., Ray Liotta, Kim Coates, Norman Reedus","Drama, Action & Adventure, Mystery & Suspense",95
18,a745,Hero Wanted,2008,Brian Smrz,"Cuba Gooding Jr., Ray Liotta, Tommy Flanagan","Action, Crime, Drama, Romance, Thriller",94
18,c1973,Hero Wanted,2008,Brian Smrz,"Cuba Gooding Jr., Ray Liotta, Tommy Flanagan","Action, Crime, Drama",94
19,d2254,30 minutes or less,2011,Ruben Fleischer,"Jesse Eisenberg,Danny McBride,Aziz Ansari,Nick Swardson,Dilshad Vadsaria,Michael Pena,Bianca Kajlich,Fred Ward","Action, Adventure, Comedy",83
19,b455,30 Minutes or Less,2011,Ruben Fleischer,"Jesse Eisenberg, Danny McBride, Aziz Ansari, Nick Swardson","Action & Adventure, Comedy",83
19,c1252,30 Minutes or Less,2011,Ruben Fleischer,"Jesse Eisenberg, Danny McBride, Nick Swardson","Action, Comedy, Crime",83
19,a477,30 Minutes or Less,2011,Ruben Fleischer,"Jesse Eisenberg, Danny McBride, Nick Swardson","Action, Comedy, Crime",83
20,b2430,Best Kept Secret,2013,Samantha Buck,,"Documentary, Special Interest",85
20,a2660,Best Kept Secret,2013,Samantha Buck,"Alyce Barnhardt, Carla Byrd, Robert Caspar","Documentary, Drama",85
21,b1407,Cellular,2004,David R. Ellis,"Kim Basinger, Jason Statham, Chris Evans, William H. Macy","Mystery & Suspense, Action & Adventure",94
21,a1622,Cellular,2004,David R. Ellis,"Kim Basinger, Chris Evans, Jason Statham","Action, Crime, Drama, Thriller",94
21,c2601,Cellular,2004,David R. Ellis,"Kim Basinger, Chris Evans, Jason Statham","Action, Crime, Drama",94
22,a1285,Mission: Impossible II,2000,John Woo,"Tom Cruise, Dougray Scott, Thandie Newton","Action, Adventure, Thriller",123
22,c3161,Mission: Impossible II,2000,John Woo,"Tom Cruise, Dougray Scott, Thandie Newton","Action, Adventure, Thriller",123
23,d2919,religulous,2008,Larry Charles,,"Comedy, Documentary",101
23,a808,Religulous,2008,Larry Charles,"Bill Maher, Tal Bachman, Jonathan Boulden","Documentary, Comedy",101
23,b751,Religulous,2008,Larry Charles,"Ray Suarez, Bill Maher, Julie Maher, Kathy Maher","Documentary, Faith & Spirituality, Comedy",101
24,a258,This Means War,2012,McG,"Reese Witherspoon, Chris Pine, Tom Hardy","Action, Comedy, Romance",103
24,d2043,this means war,2012,McG,"Reese Witherspoon,Chris Pine,Tom Hardy,Til Schweiger,Angela Bassett,Chelsea Handler","Action, Comedy, Romance, Thriller",97
24,c937,This Means War,2012,McG,"Reese Witherspoon, Chris Pine, Tom Hardy","Action, Comedy, Romance",103
24,b254,This Means War,2012,McG,"Reese Witherspoon, Chris Pine, Tom Hardy, Til Schweiger","Action & Adventure, Romance, Comedy",98
25,c1910,Punisher: War Zone,2008,Lexi Alexander,"Ray Stevenson, Dominic West, Julie Benz","Action, Crime, Drama",103
25,d2905,punisher: war zone,2008,Lexi Alexander,"Ray Stevenson,Dominic West,Doug Hutchison,Julie Benz,Wayne Knight","Action, Adventure, Thriller",107
25,b744,Punisher: War Zone,2008,Lexi Alexander,"Ray Stevenson, Dominic West, Dash Mihok, Julie Benz","Drama, Action & Adventure, Mystery & Suspense",102
25,a801,Punisher: War Zone,2008,Lexi Alexander,"Ray Stevenson, Dominic West, Julie Benz","Action, Crime, Drama, Thriller",103
26,c1197,Mars Needs Moms,2011,Simon Wells,"Seth Green, Joan Cusack, Dan Fogler","Animation, Action, Adventure",88
26,a590,Mars Needs Moms,2011,Simon Wells,"Seth Green, Joan Cusack, Dan Fogler","Animation, Action, Adventure, Comedy, Family, Sci-Fi",88
26,b555,Mars Needs Moms,2011,Simon Wells,"Seth Green, Dan Fogler, Elisabeth Harnois, Joan Cusack","Action & Adventure, Animation, Science Fiction & Fantasy, Comedy",88
27,a1430,Driven,2001,Renny Harlin,"Sylvester Stallone, Kip Pardue, Til Schweiger","Action, Drama, Sport",116
27,c3016,Driven,2001,Renny Harlin,"Sylvester Stallone, Kip Pardue, Til Schweiger","Action, Drama, Sport",116
27,b1245,Driven,2001,Renny Harlin,"Sylvester Stallone, Burt Reynolds, Kip Pardue, Stacy Edwards","Drama, Action & Adventure, Mystery & Suspense",117
28,c1903,Superhero Movie,2008,Craig Mazin,"Drake Bell, Leslie Nielsen, Sara Paxton","Action, Comedy, Sci-Fi",75
28,b780,Superhero Movie,2008,Craig Mazin,"Drake Bell, Sara Paxton, Christopher McDonald, Kevin Hart","Action & Adventure, Comedy",86
28,a836,Superhero Movie,2008,Craig Mazin,"Drake Bell, Leslie Nielsen, Sara Paxton","Action, Comedy, Sci-Fi, Thriller",75
29,a2287,Night at the Museum,2006,Shawn Levy,"Ben Stiller, Carla Gugino, Ricky Gervais","Action, Adventure, Comedy, Family, Fantasy",108
29,b2017,Night at the Museum,2006,Shawn Levy,"Ben Stiller, Carla Gugino, Robin Williams, Dick Van Dyke","Action & Adventure, Kids & Family, Comedy",108
29,c2339,Night at the Museum,2006,Shawn Levy,"Ben Stiller, Carla Gugino, Ricky Gervais","Action, Adventure, Comedy",108
30,a1072,We Live in Public,2010,Ondi Timoner,"Josh Harris, Tom Harris, Carlos Alvarez",Documentary,91
30,b995,We Live in Public,2009,Ondi Timoner,"Jason Calacanis, Jason McCabe Calacan..., Ondi Timoner, Joshua M. Harris","Documentary, Special Interest",89
30,d2667,we live in public,2009,Ondi Timoner,,Documentary,90
31,b2540,How to Lose Your Virginity,2013,Therese Shechter,,"Documentary, Comedy, Special Interest",67
31,a2780,How to Lose Your Virginity,2013,Therese Shechter,"Abiola Abrams, Hanne Blank, Lena Chen","Documentary, Comedy, News",67
32,b2208,Firehouse Dog,2007,Todd Holland,"Josh Hutcherson, Bruce Greenwood, Bill Nunn, Steven Culp","Action & Adventure, Kids & Family, Comedy",111
32,c2126,Firehouse Dog,2007,Todd Holland,"Josh Hutcherson, Bruce Greenwood, Bree Turner","Action, Comedy, Family",111
32,a1169,Firehouse Dog,2007,Todd Holland,"Josh Hutcherson, Bruce Greenwood, Bree Turner","Action, Comedy, Family",111
33,a533,Fast Five,2011,Justin Lin,"Vin Diesel, Paul Walker, Dwayne Johnson","Action, Crime, Thriller",131
33,b501,Fast Five,2011,Justin Lin,"Vin Diesel, Paul Walker, Jordana Brewster, Tyrese Gibson","Drama, Action & Adventure, Mystery & Suspense",131
33,c1244,Fast Five,2011,Justin Lin,"Vin Diesel, Paul Walker, Dwayne Johnson","Action, Crime, Thriller",131
34,b1364,Swordfish,2001,Dominic Sena,"John Travolta, Hugh Jackman, Halle Berry, Don Cheadle","Drama, Action & Adventure, Mystery & Suspense",97
34,c3065,Swordfish,2001,Dominic Sena,"John Travolta, Hugh Jackman, Halle Berry","Action, Crime, Thriller",99
34,a1565,Swordfish,2001,Dominic Sena,"John Travolta, Hugh Jackman, Halle Berry","Action, Crime, Thriller",99
35,c2257,X-Men: The Last Stand,2006,Brett Ratner,"Patrick Stewart, Hugh Jackman, Halle Berry","Action, Adventure, Sci-Fi",104
35,a2420,X-Men: The Last Stand,2006,Brett Ratner,"Patrick Stewart, Hugh Jackman, Halle Berry","Action, Adventure, Sci-Fi, Thriller",104
35,d245,x-men: the last stand,2006,Brett Ratner,"Hugh Jackman,Patrick Stewart,Ian McKellen,Halle Berry,Famke Janssen,Kelsey Grammer","Action, Adventure, Fantasy, Science Fiction",104
36,a2763,Hansel & Gretel: Witch Hunters,2013,Tommy Wirkola,"Jeremy Renner, Gemma Arterton, Peter Stormare","Action, Fantasy, Horror",88
36,c583,Hansel & Gretel: Witch Hunters,2013,Tommy Wirkola,"Jeremy Renner, Gemma Arterton, Peter Stormare","Action, Fantasy, Horror",88
36,b2523,Hansel and Gretel: Witch Hunters,2013,Tommy Wirkola,"Gemma Arterton, Jeremy Renner, Famke Janssen, Peter Stormare","Action & Adventure, Comedy",87
37,c3105,Jimmy Neutron: Boy Genius,2001,John A. Davis,"Debi Derryberry, Rob Paulsen, Megan Cavanagh","Animation, Action, Adventure",82
37,a1471,Jimmy Neutron: Boy Genius,2001,John A. Davis,"Debi Derryberry, Rob Paulsen, Megan Cavanagh","Animation, Action, Adventure, Comedy, Family, Sci-Fi",82
37,b1280,Jimmy Neutron - Boy Genius,2001,John Davis,"Debi Derryberry, Patrick Stewart, Mark De Carlo, Martin Short","Animation, Kids & Family, Science Fiction & Fantasy",87
38,a1509,The Musketeer,2001,Peter Hyams,"Justin Chambers, Catherine Deneuve, Mena Suvari","Action, Adventure, Romance",104
38,b1312,The Musketeer,2001,Peter Hyams,"Justin Chambers, Catherine Deneuve, Mena Suvari, Tim Roth","Drama, Action & Adventure",105
38,c3071,The Musketeer,2001,Peter Hyams,"Justin Chambers, Catherine Deneuve, Mena Suvari","Action, Adventure, Romance",104
39,d2578,astro boy,2009,David Bowers,"Freddie Highmore,Nicolas Cage,Kristen Bell,Nathan Lane,Eugene Levy,Matt Lucas,Bill Nighy,Donald Sutherland,Charlize Theron,Samuel L. Jackson","Action, Animation, Family",94
39,c1681,Astro Boy,2009,David Bowers,"Freddie Highmore, Nicolas Cage, Kristen Bell","Animation, Action, Family",94
39,a885,Astro Boy,2009,David Bowers,"Freddie Highmore, Nicolas Cage, Kristen Bell","Animation, Action, Family, Sci-Fi",94
39,b826,Astro Boy (AstroBoy),2009,David Bowers,"Freddie Highmore, Nicolas Cage, Kristen Bell, Nathan Lane","Action & Adventure, Animation, Kids & Family, Science Fiction & Fantasy",94
40,c2094,The Kingdom,2007,Peter Berg,"Jamie Foxx, Chris Cooper, Jennifer Garner","Action, Drama, Thriller",110
40,b2261,The Kingdom,2007,Peter Berg,"Jamie Foxx, Chris Cooper, Jennifer Garner, Jason Bateman","Drama, Action & Adventure, Mystery & Suspense",110
40,a2480,The Kingdom,2007,Peter Berg,"Jamie Foxx, Chris Cooper, Jennifer Garner","Action, Drama, Thriller",110
41,a754,Iron Man,2008,Jon Favreau,"Robert Downey Jr., Gwyneth Paltrow, Terrence Howard","Action, Adventure, Sci-Fi",126
41,c1895,Iron Man,2008,Jon Favreau,"Robert Downey Jr., Gwyneth Paltrow, Terrence Howard","Action, Adventure, Sci-Fi",126
41,d3054,iron man,2008,Jon Favreau,"Robert Downey Jr.,Terrence Howard,Jeff Bridges,Gwyneth Paltrow","Action, Adventure, Science Fiction, Thriller",126
41,b705,Iron Man,2008,Jon Favreau,"Robert Downey Jr., Terrence Howard, Jeff Bridges, Gwyneth Paltrow","Drama, Action & Adventure, Science Fiction & Fantasy",126
42,b1162,The Specials,2000,Craig Mazin,"Rob Lowe, Jamie Kennedy, Thomas Haden Church, Paget Brewster","Action & Adventure, Science Fiction & Fantasy, Comedy",82
42,a1341,The Specials,2000,Craig Mazin,"Rob Lowe, Thomas Haden Church, Paget Brewster","Action, Comedy, Fantasy, Sci-Fi",82
42,c3188,The Specials,2000,Craig Mazin,"Rob Lowe, Thomas Haden Church, Paget Brewster","Action, Comedy, Fantasy",82
43,a2719,Ender's Game,2013,Gavin Hood,"Harrison Ford, Asa Butterfield, Hailee Steinfeld","Action, Sci-Fi",114
43,c607,Ender's Game,2013,Gavin Hood,"Harrison Ford, Asa Butterfield, Hailee Steinfeld","Action, Sci-Fi",114
43,d1464,ender's game,2013,Gavin Hood,"Asa Butterfield,Hailee Steinfeld,Harrison Ford,Abigail Breslin,Aramis Knight,Moisés Arias,Jimmy ""Jax"" Pinchak,Viola Davis,Ben Kingsley,Suraj Partha,Khlylin Rhambo",Science Fiction,110
44,b68,Bully,2012,Lee Hirsch,"Ja'Meya Jackson, Kelby Johnson, Londa Johnson, Bob Johnson","Documentary, Special Interest",98
44,d2020,bully,2012,Lee Hirsch,,"Documentary, Drama",92
45,d2808,race to witch mountain,2009,Andy Fickman,"Dwayne Johnson,AnnaSophia Robb,Alexander Ludwig,Carla Gugino,Ciaran Hinds,Tom Everett Scott","Adventure, Family, Fantasy, Science Fiction, Thriller",98
45,b965,Race to Witch Mountain,2009,Andy Fickman,"Dwayne ""The Rock"" Jo..., Alexander Ludwig, Annasophia Robb, Carla Gugino","Action & Adventure, Kids & Family, Science Fiction & Fantasy, Comedy",99
45,a1037,Race to Witch Mountain,2009,Andy Fickman,"Dwayne Johnson, Carla Gugino, AnnaSophia Robb","Action, Adventure, Family, Fantasy, Sci-Fi, Thriller",98
45,c1729,Race to Witch Mountain,2009,Andy Fickman,"Dwayne Johnson, Carla Gugino, AnnaSophia Robb","Action, Adventure, Family",98
46,b2534,Homefront,2013,Gary Fleder,"Jason Statham, James Franco, Winona Ryder, Kate Bosworth","Drama, Action & Adventure, Mystery & Suspense",100
46,a2774,Homefront,2013,Gary Fleder,"Jason Statham, James Franco, Winona Ryder","Action, Crime, Drama, Thriller",100
46,d1416,homefront,2013,Gary Fleder,"James Franco,Jason Statham,Winona Ryder,Rachelle Lefevre,Kate Bosworth","Action, Thriller",
46,c690,Homefront,2013,Gary Fleder,"Jason Statham, James Franco, Winona Ryder","Action, Crime, Drama",100
47,a723,Fool's Gold,2008,Andy Tennant,"Matthew McConaughey, Kate Hudson, Donald Sutherland","Action, Adventure, Comedy, Romance, Thriller",112
47,c1935,Fool's Gold,2008,Andy Tennant,"Matthew McConaughey, Kate Hudson, Donald Sutherland","Action, Adventure, Comedy",112
48,c3024,Final Fantasy: The Spirits Within,2001,Hironobu Sakaguchi,"Alec Baldwin, Steve Buscemi, Ming-Na Wen","Animation, Action, Adventure",106
48,a1440,Final Fantasy: The Spirits Within,2001,Hironobu Sakaguchi,"Alec Baldwin, Steve Buscemi, Ming-Na Wen","Animation, Action, Adventure, Fantasy, Romance, Sci-Fi",106
49,c945,Here Comes the Boom,2012,Frank Coraci,"Kevin James, Salma Hayek, Henry Winkler","Action, Comedy, Sport",105
49,b158,Here Comes the Boom,2012,Frank coraci,"Kevin James, Salma Hayek, Henry Winkler, Bas Rutten","Action & Adventure, Comedy",105
49,a160,Here Comes the Boom,2012,Frank Coraci,"Kevin James, Salma Hayek, Henry Winkler","Action, Comedy, Sport",105
50,a2582,Spider-Man 3,2007,Sam Raimi,"Tobey Maguire, Kirsten Dunst, Topher Grace","Action, Adventure",139
50,c2091,Spider-Man 3,2007,Sam Raimi,"Tobey Maguire, Kirsten Dunst, Topher Grace","Action, Adventure",139
50,d3056,spider-man 3,2007,,"Tobey Maguire,Kirsten Dunst,James Franco,Thomas Haden Church,Topher Grace,J.K. Simmons,James Cromwell,Willem Dafoe","Action, Drama, Fantasy, Science Fiction, Thriller",139
50,b2355,Spider-Man 3,2007,Sam Raimi,"Tobey Maguire, Kirsten Dunst, James Franco, Thomas Haden Church","Action & Adventure, Mystery & Suspense, Science Fiction & Fantasy",139
51,b2402,47 Ronin,2013,Carl Rinsch,"Keanu Reeves, Hiroyuki Sanada, Kou Shibasaki, Tadanobu Asano","Drama, Action & Adventure, Science Fiction & Fantasy",127
51,d1337,47 ronin,2013,Carl Rinsch,"Keanu Reeves,Hiroyuki Sanada,Kou Shibasaki,Tadanobu Asano,Rinko Kikuchi,Min Tanaka,Jin Akanishi,Masayoshi Haneda,Hiroshi Sogabe,Takato Yonemoto","Action, Adventure, Drama, Fantasy",119
51,a2633,47 Ronin,2013,Carl Rinsch,"Keanu Reeves, Hiroyuki Sanada, Ko Shibasaki","Action, Adventure, Drama, Fantasy",128
51,c575,47 Ronin,2013,Carl Rinsch,"Keanu Reeves, Hiroyuki Sanada, Ko Shibasaki","Action, Adventure, Drama",128
52,b200,One for the Money,2012,Julie Anne Robinson,"Katherine Heigl, Jason O'Mara, Daniel Sunjata, John Leguizamo","Drama, Mystery & Suspense, Comedy",91
52,c938,One for the Money,2012,Julie Anne Robinson,"Katherine Heigl, Jason O'Mara, Daniel Sunjata","Action, Comedy, Crime",91
52,a204,One for the Money,2012,Julie Anne Robinson,"Katherine Heigl, Jason O'Mara, Daniel Sunjata","Action, Comedy, Crime, Romance, Thriller",91
53,c2361,The Quick and the Undead,2006,Gerald Nott,"Clint Glenn Hummel, Toar Campbell, Dion Day","Action, Horror, Western",80
53,b2046,The Quick and the Undead,2006,Gerald Nott,"Clint Glenn, Parrish Randall, Nicola Giacobbe, Erin McCarthy","Western, Action & Adventure, Horror",78
53,a2322,The Quick and the Undead,2006,Gerald Nott,"Clint Glenn Hummel, Toar Campbell, Dion Day","Action, Horror, Western",80
54,c3173,The Art of War,2000,Christian Duguay,"Wesley Snipes, Anne Archer, Maury Chaykin","Action, Adventure, Crime",117
54,b1015,The Art of War,2000,Christian Duguay,"Wesley Snipes, Anne Archer, Maury Chaykin, Marie Matiko","Drama, Action & Adventure, Mystery & Suspense",120
54,a1184,The Art of War,2000,Christian Duguay,"Wesley Snipes, Anne Archer, Maury Chaykin","Action, Adventure, Crime, Thriller",117
55,b78,The Central Park Five,2012,Ken Burns,"Ed Koch, David Dinkins Sr., David Dinkins, Craig Steven Wilder","Documentary, Special Interest",120
55,d1788,the central park five,2012,"Ken Burns,David McMahon,Sarah Burns",,Documentary,119
55,a78,The Central Park Five,2012,Ken Burns,"Antron McCray, Kevin Richardson, Kharey Wise",Documentary,119
56,c925,Bait,2012,Kimble Rendall,"Richard Brancatisano, Xavier Samuel, Chris Betts","Action, Horror, Sci-Fi",93
56,a1185,Bait,2012,Kimble Rendall,"Richard Brancatisano, Xavier Samuel, Chris Betts","Action, Horror, Sci-Fi, Thriller",93
57,c6386,Harakiri,1962,Masaki Kobayashi,"Tatsuya Nakadai, Akira Ishihama, Shima Iwashita","Action, Drama, History",133
57,d2050,harakiri,1962,,,"Drama, Foreign",135
58,b1539,Sky Captain and the World of Tomorrow,2004,Kerry Conran,"Gwyneth Paltrow, Jude Law, Giovanni Ribisi, Angelina Jolie","Action & Adventure, Mystery & Suspense, Science Fiction & Fantasy",107
58,c2608,Sky Captain and the World of Tomorrow,2004,Kerry Conran,"Gwyneth Paltrow, Jude Law, Angelina Jolie","Action, Adventure, Mystery",106
58,a1760,Sky Captain and the World of Tomorrow,2004,Kerry Conran,"Gwyneth Paltrow, Jude Law, Angelina Jolie","Action, Adventure, Mystery, Sci-Fi, Thriller",106
59,c1488,The Tourist,2010,Florian Henckel von Donnersmarck,"Johnny Depp, Angelina Jolie, Paul Bettany","Action, Romance, Thriller",103
59,b433,The Tourist,2010,Florian Henckel von Donnersmarck,"Johnny Depp, Angelina Jolie, Paul Bettany, Timothy Dalton","Action & Adventure, Romance, Mystery & Suspense",103
59,d2359,the tourist,2010,Florian Henckel,"Angelina Jolie,Johnny Depp,Paul Bettany,Timothy Dalton,Steven Berkoff,Rufus Sewell","Action, Mystery, Romance, Thriller",103
59,a2395,The Tourist,2010,Florian Henckel von Donnersmarck,"Johnny Depp, Angelina Jolie, Paul Bettany","Action, Romance, Thriller",103
60,d1732,olympus has fallen,2013,Antoine Fuqua,"Gerard Butler,Aaron Eckhart,Morgan Freeman,Dylan McDermott,Angela Bassett,Melissa Leo",Action,120
60,b2614,Olympus Has Fallen,2013,Antoine Fuqua,"Gerard Butler, Rick Yune, Aaron Eckhart, Morgan Freeman","Drama, Action & Adventure",119
60,a2864,Olympus Has Fallen,2013,Antoine Fuqua,"Gerard Butler, Aaron Eckhart, Morgan Freeman","Action, Thriller",119
60,c685,Olympus Has Fallen,2013,Antoine Fuqua,"Gerard Butler, Aaron Eckhart, Morgan Freeman","Action, Thriller",119
61,a1011,Night at the Museum: Battle of the Smithsonian,2009,Shawn Levy,"Ben Stiller, Owen Wilson, Amy Adams","Action, Adventure, Comedy, Family, Fantasy",105
61,c1731,Night at the Museum: Battle of the Smithsonian,2009,Shawn Levy,"Ben Stiller, Owen Wilson, Amy Adams","Action, Adventure, Comedy",105
62,b192,Marley,2012,Kevin Macdonald,"Rita Marley, Neville 'Bunny Waile..., Chris Blackwell, Cindy Breakspeare","Documentary, Musical & Performing Arts, Special Interest",144
62,d2033,marley,2012,Kevin MacDonald,,"Documentary, Music",144
62,a196,Marley,2012,Kevin Macdonald,"Bob Marley, Ziggy Marley, Jimmy Cliff","Documentary, Biography, Music",144
63,b2265,Lake of Fire,2007,Tony Kaye,"Noam Chomsky, Alan M. Dershowitz, Nat Hentoff, Flip Benham","Documentary, Special Interest",152
63,a2485,Lake of Fire,2007,Tony Kaye,"Noam Chomsky, Bill Baird, Flip Benham",Documentary,152
63,d3168,lake of fire,2007,,,Documentary,152
63,b1872,Day On Fire,,Jay Anania,"Richard Bright, Carmen Chaplin, Martin Donovan, Olympia Dukakis",Drama,94
63,a2122,Day on Fire,2007,Jay Anania,"Richard Bright, Carmen Chaplin, Martin Donovan",Drama,91
64,b1514,Paparazzi,2004,Paul Abascal,"Cole Hauser, Robin Tunney, Dennis Farina, Daniel Baldwin","Mystery & Suspense, Action & Adventure",84
64,a1733,Paparazzi,2004,Paul Abascal,"Cole Hauser, Robin Tunney, Dennis Farina","Action, Crime, Thriller",84
64,c2602,Paparazzi,2004,Paul Abascal,"Cole Hauser, Robin Tunney, Dennis Farina","Action, Crime, Thriller",84
65,b249,Taken 2,2012,Olivier Megaton,"Liam Neeson, Maggie Grace, Famke Janssen, Rade Serbedzija",Mystery & Suspense,92
65,a252,Taken 2,2012,Olivier Megaton,"Liam Neeson, Famke Janssen, Maggie Grace","Action, Thriller",92
65,d1852,taken 2,2012,Olivier Megaton,"Liam Neeson,Famke Janssen,Maggie Grace,Rade Sherbedgia,D.B. Sweeney","Action, Crime, Drama, Thriller",91
65,c920,Taken 2,2012,Olivier Megaton,"Liam Neeson, Famke Janssen, Maggie Grace","Action, Thriller",92
66,b428,Takers,2010,John Luessenhop,"Hayden Christensen, Idris Elba, Matt Dillon, Paul Walker","Drama, Action & Adventure",107
66,a450,Takers,2010,John Luessenhop,"Chris Brown, Hayden Christensen, Matt Dillon","Action, Crime, Thriller",107
66,c1466,Takers,2010,John Luessenhop,"Chris Brown, Hayden Christensen, Matt Dillon","Action, Crime, Thriller",107
67,a2925,Some Velvet Morning,2013,Neil LaBute,"Stanley Tucci, Alice Eve",Drama,84
67,b2672,Some Velvet Morning,2013,Neil LaBute,"Stanley Tucci, Alice Eve",Drama,82
67,d1434,some velvet morning,2013,Neil Labute,"Alice Eve,Stanley Tucci",,82
68,d78,the u.s. vs. john lennon,2006,"David Leaf, John Scheinfeld",,"Documentary, Indie, Music",99
68,a2397,The U.S. vs. John Lennon,2006,David Leaf,"John Lennon, Yoko Ono, Stew Albert","Documentary, Biography, Music, Romance",99
69,b2034,A Murder In The Park,2015,Brandon Kimber,"Aswan Harris, David Hammett, Christopher George S..., Joseph A. Moore","Documentary, Mystery & Suspense",93
69,d468,a murder in the park,2015,"Christopher S. Rech,Brandon Kimber",,"Crime, Documentary, History",91
70,b407,Resident Evil: Afterlife,2010,Paul W.S. Anderson,"Milla Jovovich, Ali Larter, Kim Coates, Shawn Roberts","Action & Adventure, Horror, Mystery & Suspense, Science Fiction & Fantasy",97
70,c1481,Resident Evil: Afterlife,2010,Paul W.S. Anderson,"Milla Jovovich, Ali Larter, Wentworth Miller","Action, Adventure, Horror",97
70,a427,Resident Evil: Afterlife,2010,Paul W.S. Anderson,"Milla Jovovich, Ali Larter, Wentworth Miller","Action, Adventure, Horror, Sci-Fi",97
71,c1911,Death Race,2008,Paul W.S. Anderson,"Jason Statham, Joan Allen, Tyrese Gibson","Action, Sci-Fi, Thriller",105
71,a705,Death Race,2008,Paul W.S. Anderson,"Jason Statham, Joan Allen, Tyrese Gibson","Action, Sci-Fi, Thriller",105
71,d2933,death race,2008,Paul W.S. Anderson,"Jason Statham,Joan Allen,Ian McShane,Tyrese Gibson,Natalie Martinez,Max Ryan","Action, Science Fiction, Thriller",105
71,b657,Death Race,2008,Paul W.S. Anderson,"Jason Statham, Joan Allen, Ian McShane, Tyrese Gibson","Action & Adventure, Mystery & Suspense, Science Fiction & Fantasy",105
72,b786,Trouble the Water,2008,Carl Deal,"Kendall ""Wink"" River..., Larry Simms, Kimberly Roberts, Scott Roberts","Documentary, Special Interest",94
72,d2949,trouble the water,2008,"Carl Deal,Tia Lessin",,Documentary,93
72,a842,Trouble the Water,2008,Carl Deal,"Michael Brown, George W. Bush, Julie Chen",Documentary,93
73,c2283,The Marine,2006,John Bonito,"John Cena, Kelly Carlson, Robert Patrick","Action, Drama, Thriller",92
73,a2264,The Marine,2006,John Bonito,"John Cena, Kelly Carlson, Robert Patrick","Action, Drama, Thriller",92
73,b2001,The Marine,2006,John Bonito,"John Cena, Robert Patrick, Kelly Carlson, Anthony Ray Carlson","Drama, Action & Adventure",92
74,b2101,This Film Is Not Yet Rated,2006,Kirby Dick,"Alison Andres, Todd Solondz, Allison Anders, David Ansen","Documentary, Television",97
74,a2390,This Film Is Not Yet Rated,2006,Kirby Dick,"Kirby Dick, Kimberly Peirce, Darren Aronofsky",Documentary,98
74,d76,this film is not yet rated,2006,Kirby Dick,,Documentary,97
75,a1660,The Final Cut,2004,Omar Naim,"Robin Williams, Jim Caviezel, Mira Sorvino","Action, Sci-Fi, Thriller",95
75,c2631,The Final Cut,2004,Omar Naim,"Robin Williams, Jim Caviezel, Mira Sorvino","Action, Sci-Fi, Thriller",95
75,b1442,The Final Cut,2004,Omar Naim,"Robin Williams, Mira Sorvino, Jim Caviezel, Mimi Kuzyk","Drama, Mystery & Suspense, Science Fiction & Fantasy",65
76,a1488,Lara Croft: Tomb Raider,2001,Simon West,"Angelina Jolie, Jon Voight, Iain Glen","Action, Adventure, Fantasy, Thriller",100
76,c3019,Lara Croft: Tomb Raider,2001,Simon West,"Angelina Jolie, Jon Voight, Iain Glen","Action, Adventure, Fantasy",100
77,a1676,Highwaymen,2004,Robert Harmon,"Jim Caviezel, Rhona Mitra, Frankie Faison","Action, Crime, Thriller",80
77,b1459,Highwaymen,2004,Robert Harmon,"Colm Feore, Rhona Mitra, Jim Caviezel, Frankie Faison","Drama, Action & Adventure, Horror, Mystery & Suspense",78
77,c2604,Highwaymen,2004,Robert Harmon,"Jim Caviezel, Rhona Mitra, Frankie Faison","Action, Crime, Thriller",80
78,b183,Lola Versus,2012,Daryl Wein,"Greta Gerwig, Joel Kinnaman, Zoe Lister Jones, Hamish Linklater",Comedy,86
78,a185,Lola Versus,2012,Daryl Wein,"Greta Gerwig, Zoe Lister-Jones, Hamish Linklater",Comedy,87
78,d1992,lola versus,2012,Daryl Wein,"Greta Gerwig,Joel Kinnaman,Zoe Lister Jones,Hamish Linklater",Comedy,87
79,c1434,Salt,2010,Phillip Noyce,"Angelina Jolie, Liev Schreiber, Chiwetel Ejiofor","Action, Crime, Mystery",100
79,a432,Salt,2010,Phillip Noyce,"Angelina Jolie, Liev Schreiber, Chiwetel Ejiofor","Action, Crime, Mystery, Thriller",100
79,d2460,salt,2010,Phillip Noyce,"Angelina Jolie,Liev Schreiber,Chiwetel Ejiofor,Daniel Olbrychski,Andre Braugher,Hunt Block","Action, Thriller",100
79,b412,Salt,2010,Phillip Noyce,"Angelina Jolie, Liev Schreiber, Chiwetel Ejiofor, Daniel Olbrychski","Mystery & Suspense, Action & Adventure",100
80,d1864,the sessions,2012,Ben Lewin,"John Hawkes,Helen Hunt,William H. Macy,Moon Bloodgood,Annika Marks","Drama, Romance",98
80,a216,The Possession,2012,Ole Bornedal,"Natasha Calis, Kyra Sedgwick, Jeffrey Dean Morgan","Horror, Thriller",92
80,a238,The Sessions,2012,Ben Lewin,"John Hawkes, Helen Hunt, William H. Macy","Biography, Comedy, Drama, Romance",95
80,b211,The Possession,2012,Ole Bornedal,"Jeffrey Dean Morgan, Kyra Sedgwick, Natasha Calis, Madison Davenport","Mystery & Suspense, Horror",92
80,d1974,the invisible war,2012,,,"Crime, Documentary, Drama, History",93
80,b235,The Sessions,2012,Ben Lewin,"John Hawkes, Helen Hunt, Annika Marks, Moon Bloodgood","Drama, Comedy",95
80,d1794,the impossible,2012,Juan Antonio Bayona,"Ewan McGregor,Naomi Watts,Tom Holland,Oaklee Pendergast,Geraldine Chaplin",Drama,114
80,d1819,the possession,2012,,,"Horror, Thriller",92
81,b839,Brothers at War,2009,Jake Rademacher,"Jake Rademacher, Isaac Rademacher, Joe Rademacher, Claus Rademacher","Documentary, Special Interest",109
81,a900,Brothers at War,2009,Jake Rademacher,"Jake Rademacher, Isaac Rademacher, Joe Rademacher","Documentary, War",110
81,d2810,brothers at war,2009,Jake Rademacher,,"Documentary, History, Indie",110
82,a1013,Ninja Assassin,2009,James McTeigue,"Rick Yune, Naomie Harris, Rain","Action, Crime, Thriller",99
82,c1765,Ninja Assassin,2009,James McTeigue,"Rick Yune, Naomie Harris, Rain","Action, Crime, Thriller",99
82,b942,Ninja Assassin,2009,James McTeigue,"Rain, Naomie Harris, Ben Miles, Rick Yune","Drama, Action & Adventure",99
83,b518,Hanna,2011,Joe Wright,"Saoirse Ronan, Cate Blanchett, Eric Bana, Jason Flemyng","Mystery & Suspense, Action & Adventure",111
83,a551,Hanna,2011,Joe Wright,"Saoirse Ronan, Cate Blanchett, Eric Bana","Action, Adventure, Thriller",111
83,c1177,Hanna,2011,Joe Wright,"Saoirse Ronan, Cate Blanchett, Eric Bana","Action, Adventure, Thriller",111
84,a428,Robin Hood,2010,Ridley Scott,"Russell Crowe, Cate Blanchett, Matthew Macfadyen","Action, Adventure, Drama, History",140
84,b408,Robin Hood,2010,Ridley Scott,"Russell Crowe, Cate Blanchett, Max von Sydow, William Hurt","Drama, Action & Adventure",148
84,c1436,Robin Hood,2010,Ridley Scott,"Russell Crowe, Cate Blanchett, Matthew Macfadyen","Action, Adventure, Drama",140
84,d2544,robin hood,2010,Ridley Scott,"Russell Crowe,Cate Blanchett,Max von Sydow,Oscar Isaac,Danny Huston","Action, Adventure, Drama",140
85,a2075,Blood Tea and Red String,2006,Christiane Cegavske,,"Animation, Fantasy",71
85,b1830,Blood Tea and Red String,2006,Christiane Cegavske,,"Drama, Animation, Science Fiction & Fantasy, Special Interest",69
86,b1342,The Score,2001,Frank Oz,"Robert De Niro, Edward Norton, Marlon Brando, Angela Bassett","Drama, Action & Adventure",123
86,c3046,The Score,2001,Frank Oz,"Robert De Niro, Edward Norton, Marlon Brando","Action, Crime, Romance",124
86,a1537,The Score,2001,Frank Oz,"Robert De Niro, Edward Norton, Marlon Brando","Action, Crime, Romance, Thriller",124
87,a387,The Losers,2010,Sylvain White,"Idris Elba, Zoe Saldana, Jeffrey Dean Morgan","Action, Crime, Drama, Mystery, Thriller",97
87,b370,The Losers,2010,Sylvain White,"Jeffrey Dean Morgan, Zoe Saldana, Chris Evans, Idris Elba","Drama, Action & Adventure, Mystery & Suspense",98
87,d2524,the losers,2010,Sylvain White,"Jeffrey Dean Morgan,Zoe Saldana,Chris Evans,Idris Elba,Columbus Short,Oscar Jaenada,Jason Patric","Action, Adventure, Crime, Mystery, Thriller",97
87,c1427,The Losers,2010,Sylvain White,"Idris Elba, Zoe Saldana, Jeffrey Dean Morgan","Action, Crime, Drama",97
88,c1441,Megamind,2010,Tom McGrath,"Will Ferrell, Jonah Hill, Brad Pitt","Animation, Action, Comedy",95
88,a398,Megamind,2010,Tom McGrath,"Will Ferrell, Jonah Hill, Brad Pitt","Animation, Action, Comedy, Family, Sci-Fi",95
88,d2382,megamind,2010,Tom McGrath,"Will Ferrell,Tina Fey,Jonah Hill,David Cross,Brad Pitt","Action, Animation, Comedy, Family",95
89,a288,Black Swan,2010,Darren Aronofsky,"Natalie Portman, Mila Kunis, Vincent Cassel","Drama, Thriller",108
89,b282,Black Swan,2010,Darren Aronofsky,"Natalie Portman, Mila Kunis, Vincent Cassel, Barbara Hershey","Mystery & Suspense, Drama",108
89,d2324,black swan,2010,Darren Aronofsky,,"Drama, Mystery, Suspense, Thriller",108
90,c3054,3000 Miles to Graceland,2001,Demian Lichtenstein,"Kurt Russell, Kevin Costner, Courteney Cox","Action, Comedy, Crime",125
90,a1379,3000 Miles to Graceland,2001,Demian Lichtenstein,"Kurt Russell, Kevin Costner, Courteney Cox","Action, Comedy, Crime, Thriller",125
90,b1199,3000 Miles to Graceland,2001,Demian Lichtenstein,"Kurt Russell, Kevin Costner, Christian Slater, Courteney Cox","Drama, Action & Adventure, Mystery & Suspense",126
91,c2615,Ladder 49,2004,Jay Russell,"Joaquin Phoenix, John Travolta, Jacinda Barrett","Action, Drama, Thriller",115
91,b1478,Ladder 49,2004,Jay Russell,"Joaquin Phoenix, John Travolta, Jacinda Barrett, Robert Patrick","Drama, Action & Adventure",114
91,a1693,Ladder 49,2004,Jay Russell,"Joaquin Phoenix, John Travolta, Jacinda Barrett","Action, Drama, Thriller",115
92,a2145,Eragon,2006,Stefen Fangmeier,"Ed Speleers, Sienna Guillory, Jeremy Irons","Action, Adventure, Family, Fantasy",104
92,c2307,Eragon,2006,Stefen Fangmeier,"Ed Speleers, Sienna Guillory, Jeremy Irons","Action, Adventure, Family",104
92,b1892,Eragon,2006,Stefan Fangmeier,"Ed Speleers, Jeremy Irons, Sienna Guillory, Robert Carlyle","Drama, Action & Adventure, Science Fiction & Fantasy",103
93,a80,Chasing Ice,2012,Jeff Orlowski,"James Balog, Svavar Jónatansson, Louie Psihoyos","Documentary, Biography",75
93,b80,Chasing Ice,2012,Jeff Orlowski,"James Balog, Adam LeWinter, Jeff Orlowski, Svavar Jonatansson","Documentary, Special Interest",74
93,d1892,chasing ice,2012,Jeff Orlowski,,Documentary,74
94,d1652,white house down,2013,Roland Emmerich,"Channing Tatum,Jamie Foxx,Joey King,Maggie Gyllenhaal,Richard Jenkins,James Woods","Action, Drama, Thriller",137
94,c699,White House Down,2013,Roland Emmerich,"Channing Tatum, Jamie Foxx, Maggie Gyllenhaal","Action, Drama, Thriller",131
94,b2709,White House Down,2013,Roland Emmerich,"Channing Tatum, Jamie Foxx, Maggie Gyllenhaal, Jason Clarke","Drama, Action & Adventure",137
94,a2965,White House Down,2013,Roland Emmerich,"Channing Tatum, Jamie Foxx, Maggie Gyllenhaal","Action, Drama, Thriller",131
95,c1489,RED,2010,Robert Schwentke,"Bruce Willis, Helen Mirren, Morgan Freeman","Action, Comedy, Crime",111
95,d2366,red,2010,Robert Schwentke,"Bruce Willis,Morgan Freeman,John Malkovich,Helen Mirren,Karl Urban,Mary-Louise Parker,Brian Cox,Rebecca Pidgeon,Ernest Borgnine,James Remar,Richard Dreyfuss","Action, Adventure, Comedy, Crime, Thriller",111
95,b404,Red,2010,Robert Schwentke,"Bruce Willis, Morgan Freeman, John Malkovich, Helen Mirren","Action & Adventure, Mystery & Suspense, Comedy",111
95,a424,RED,2010,Robert Schwentke,"Bruce Willis, Helen Mirren, Morgan Freeman","Action, Comedy, Crime, Thriller",111
96,b2526,Hatchet III,2013,B.J. McDonnell,"Danielle Harris, Kane Hodder, Zach Galligan, Caroline Williams",Horror,81
96,c621,Hatchet III,2013,BJ McDonnell,"Danielle Harris, Kane Hodder, Zach Galligan","Action, Comedy, Horror",81
96,a2764,Hatchet III,2013,BJ McDonnell,"Danielle Harris, Kane Hodder, Zach Galligan","Action, Comedy, Horror, Thriller",81
97,b1126,Pitch Black,2000,David Twohy,"Vin Diesel, Radha Mitchell, Cole Hauser, Keith David","Science Fiction & Fantasy, Horror",108
97,c3165,Pitch Black,2000,David Twohy,"Radha Mitchell, Cole Hauser, Vin Diesel","Action, Horror, Sci-Fi",109
97,a1303,Pitch Black,2000,David Twohy,"Radha Mitchell, Cole Hauser, Vin Diesel","Action, Horror, Sci-Fi",109
98,b2194,Death Sentence,2007,James Wan,"Kevin Bacon, Garrett Hedlund, Kelly Preston, John Goodman","Drama, Action & Adventure",111
98,a1152,Death Sentence,2007,James Wan,"Kevin Bacon, John Goodman, Kelly Preston","Action, Crime, Drama, Thriller",105
98,c2169,Death Sentence,2007,James Wan,"Kevin Bacon, John Goodman, Kelly Preston","Action, Crime, Drama",105
98,d22,death sentence,2007,James Wan,"Kevin Bacon,Aisha Tyler,Kelly Preston,Stuart Lafferty,Garrett Hedlund,Matthew O'Leary,John Goodman","Action, Crime, Drama, Thriller",105
99,c2095,Resident Evil: Extinction,2007,Russell Mulcahy,"Milla Jovovich, Ali Larter, Oded Fehr","Action, Horror, Sci-Fi",94
99,a2558,Resident Evil: Extinction,2007,Russell Mulcahy,"Milla Jovovich, Ali Larter, Oded Fehr","Action, Horror, Sci-Fi, Thriller",94
99,b2332,Resident Evil: Extinction,2007,Russell Mulcahy,"Milla Jovovich, Oded Fehr, Ali Larter, Iain Glen","Action & Adventure, Horror, Science Fiction & Fantasy",94
100,d2351,i am number four,2011,D.J. Caruso,"Alex Pettyfer,Timothy Olyphant,Dianna Agron,Callan McAuliffe","Action, Adventure, Drama, Science Fiction, Thriller",109
100,c1217,I Am Number Four,2011,D.J. Caruso,"Alex Pettyfer, Timothy Olyphant, Dianna Agron","Action, Adventure, Sci-Fi",109
100,a563,I Am Number Four,2011,D.J. Caruso,"Alex Pettyfer, Timothy Olyphant, Dianna Agron","Action, Adventure, Sci-Fi, Thriller",109
101,a2920,Side Effects,2013,Steven Soderbergh,"Rooney Mara, Channing Tatum, Jude Law","Crime, Drama, Thriller",106
101,d1780,side effects,2013,Steven Soderbergh,"Jude Law,Rooney Mara,Catherine Zeta-Jones,Channing Tatum","Crime, Drama, Thriller",106
101,b2667,Side Effects,2013,Steven Soderbergh,"Jude Law, Rooney Mara, Catherine Zeta-Jones, Channing Tatum","Mystery & Suspense, Drama",106
102,c2573,Hellboy,2004,Guillermo del Toro,"Ron Perlman, Doug Jones, Selma Blair","Action, Fantasy, Sci-Fi",122
102,a1673,Hellboy,2004,Guillermo del Toro,"Ron Perlman, Doug Jones, Selma Blair","Action, Fantasy, Sci-Fi",122
103,a2142,End Game,2006,Andy Cheng,"Cuba Gooding Jr., Angie Harmon, James Woods","Action, Crime, Drama, Mystery, Thriller",93
103,b1889,End Game,2006,Andy Cheng,"Cuba Gooding Jr., James Woods, Angie Harmon, Burt Reynolds","Documentary, Action & Adventure, Mystery & Suspense",93
103,c2277,End Game,2006,Andy Cheng,"Cuba Gooding Jr., Angie Harmon, James Woods","Action, Crime, Drama",93
104,c2588,Hidalgo,2004,Joe Johnston,"Viggo Mortensen, Omar Sharif, Zuleikha Robinson","Action, Adventure, Western",136
104,a1675,Hidalgo,2004,Joe Johnston,"Viggo Mortensen, Omar Sharif, Zuleikha Robinson","Action, Adventure, Western",136
104,b1458,Hidalgo,2004,Joe Johnston,"Viggo Mortensen, Zuleikha Robinson, Omar Sharif, Louise Lombard",Action & Adventure,135
105,a675,American Teen,2008,Nanette Burstein,"Hannah Bailey, Jake Tusing, Megan Krizmanich",Documentary,95
105,b631,American Teen,2008,Nanette Burstein,"Ali Wikalinska, Colin Clemens, Geoff Haase, Hannah Bailey","Documentary, Special Interest",101
105,d2983,american teen,2008,Nanette Burstein,,Documentary,95
106,a1558,Spy Game,2001,Tony Scott,"Robert Redford, Brad Pitt, Catherine McCormack","Action, Crime, Thriller",126
106,b1357,Spy Game,2001,Tony Scott,"Robert Redford, Brad Pitt, Catherine McCormack, Stephen Dillane","Drama, Action & Adventure, Mystery & Suspense",127
106,c3101,Spy Game,2001,Tony Scott,"Robert Redford, Brad Pitt, Catherine McCormack","Action, Crime, Thriller",126
107,a2880,The Wraith,1986,Mike Marvin,"Charlie Sheen, Nick Cassavetes, Sherilyn Fenn","Action, Horror, Romance, Sci-Fi, Thriller",93
107,c4986,The Wraith,1986,Mike Marvin,"Charlie Sheen, Nick Cassavetes, Sherilyn Fenn","Action, Horror, Romance",93
108,b753,Righteous Kill,2008,Jon Avnet,"Robert De Niro, Al Pacino, Carla Gugino, 50 Cent","Mystery & Suspense, Drama",103
108,a811,Righteous Kill,2008,Jon Avnet,"Robert De Niro, Al Pacino, Carla Gugino","Action, Crime, Drama, Mystery, Thriller",101
108,c1993,Righteous Kill,2008,Jon Avnet,"Robert De Niro, Al Pacino, Carla Gugino","Action, Crime, Drama",101
109,c2337,The Covenant,2006,Renny Harlin,"Steven Strait, Sebastian Stan, Toby Hemingway","Action, Fantasy, Horror",97
109,b1857,The Covenant,2006,Renny Harlin,"Steven Strait, Sebastian Stan, Laura Ramsey, Taylor Kitsch","Mystery & Suspense, Horror",97
109,a2106,The Covenant,2006,Renny Harlin,"Steven Strait, Sebastian Stan, Toby Hemingway","Action, Fantasy, Horror, Thriller",97
110,a1487,Alien,1979,Ridley Scott,"Sigourney Weaver, Tom Skerritt, John Hurt","Horror, Sci-Fi",117
110,d3346,alien,1979,,,"Action, Horror, Science Fiction, Thriller",117
111,c3200,Dungeons & Dragons,2000,Courtney Solomon,"Justin Whalin, Jeremy Irons, Zoe McLellan","Action, Adventure, Comedy",107
111,a1226,Dungeons & Dragons,2000,Courtney Solomon,"Justin Whalin, Jeremy Irons, Zoe McLellan","Action, Adventure, Comedy, Fantasy",107
111,b1054,Dungeons & Dragons,2000,Courtney Solomon,"Justin Whalin, Jeremy Irons, Marlon Wayans, Zoe McLellan","Action & Adventure, Science Fiction & Fantasy",107
112,d131,rush hour 3,2007,Brett Ratner,"Jackie Chan,Chris Tucker,Max von Sydow,Yvan Attal,Dana Ivey,Roman Polanski","Action, Adventure, Comedy, Crime, Thriller",91
112,c2083,Rush Hour 3,2007,Brett Ratner,"Jackie Chan, Chris Tucker, Max von Sydow","Action, Comedy, Crime",91
112,a2562,Rush Hour 3,2007,Brett Ratner,"Jackie Chan, Chris Tucker, Max von Sydow","Action, Comedy, Crime, Thriller",91
112,b2336,Rush Hour 3,2007,Brett Ratner,"Jackie Chan, Chris Tucker, Max von Sydow, Nomie Lenoir","Action & Adventure, Comedy",90
113,c2101,Pirates of the Caribbean: At World's End,2007,Gore Verbinski,"Johnny Depp, Orlando Bloom, Keira Knightley","Action, Adventure, Fantasy",169
113,a2546,Pirates of the Caribbean: At World's End,2007,Gore Verbinski,"Johnny Depp, Orlando Bloom, Keira Knightley","Action, Adventure, Fantasy",169
114,c648,Dead Man Down,2013,Niels Arden Oplev,"Colin Farrell, Noomi Rapace, Dominic Cooper","Action, Crime, Drama",118
114,a2709,Dead Man Down,2013,Niels Arden Oplev,"Colin Farrell, Noomi Rapace, Dominic Cooper","Action, Crime, Drama, Thriller",118
114,b2476,Dead Man Down,2013,Niels Arden Oplev,"Colin Farrell, Noomi Rapace, Terrence Howard, Dominic Cooper",Mystery & Suspense,118
115,b232,Samsara,2012,Ron Fricke,"Ni Made Megahadi Pra..., Puti Sri Candra Dewi",Documentary,99
115,a235,Samsara,2012,Ron Fricke,"Balinese Tari Legong Dancers, Ni Made Megahadi Pratiwi, Puti Sri Candra Dewi","Documentary, Music",102
115,d1830,samsara,2012,Ron Fricke,,"Documentary, Drama, Foreign",102
116,a2896,RED 2,2013,Dean Parisot,"Bruce Willis, Helen Mirren, John Malkovich","Action, Comedy, Crime, Thriller",116
116,d1620,red 2,2013,Dean Parisot,"Bruce Willis,Mary-Louise Parker,Helen Mirren,John Malkovich,Catherine Zeta-Jones,Anthony Hopkins,David Thewlis","Action, Comedy, Crime, Thriller",
116,b2644,Red 2,2013,Dean Parisot,"Bruce Willis, John Malkovich, Mary-Louise Parker, Helen Mirren","Drama, Action & Adventure",116
116,c614,RED 2,2013,Dean Parisot,"Bruce Willis, Helen Mirren, John Malkovich","Action, Comedy, Crime",116
117,b1543,Spartan,2004,David Mamet,"Derek Luke, Val Kilmer, William H. Macy, Ed O'Neill","Action & Adventure, Art House & International, Mystery & Suspense",107
117,a1765,Spartan,2004,David Mamet,"Val Kilmer, Derek Luke, William H. Macy","Action, Crime, Drama, Mystery, Thriller",106
117,c2625,Spartan,2004,David Mamet,"Val Kilmer, Derek Luke, William H. Macy","Action, Crime, Drama",106
118,d3418,bring me the head of alfredo garcia,1974,,,"Action, Comedy, Crime, Drama, Thriller",112
118,c5841,Bring Me the Head of Alfredo Garcia,1974,Sam Peckinpah,"Warren Oates, Isela Vega, Robert Webber","Action, Crime, Drama",112
119,a182,Lincoln,2012,Steven Spielberg,"Daniel Day-Lewis, Sally Field, David Strathairn","Biography, Drama, History, War",150
119,b180,Lincoln,2012,Steven Spielberg,"Daniel Day-Lewis, Sally Field, David Strathairn, Tommy Lee Jones",Drama,149
119,d1887,lincoln,2012,Steven Spielberg,"Daniel Day-Lewis,Sally Field,David Strathairn,Tommy Lee Jones","Documentary, Drama, War",149
120,b1692,The Legend of Zorro,2005,Martin Campbell,"Antonio Banderas, Catherine Zeta-Jones, Adrian Alonso, Rufus Sewell","Drama, Action & Adventure",129
120,a1923,The Legend of Zorro,2005,Martin Campbell,"Antonio Banderas, Catherine Zeta-Jones, Rufus Sewell","Action, Adventure, Western",129
120,c2460,The Legend of Zorro,2005,Martin Campbell,"Antonio Banderas, Catherine Zeta-Jones, Rufus Sewell","Action, Adventure, Western",129
121,c1900,Street Kings,2008,David Ayer,"Keanu Reeves, Forest Whitaker, Hugh Laurie","Action, Crime, Drama",109
121,a835,Street Kings,2008,David Ayer,"Keanu Reeves, Forest Whitaker, Hugh Laurie","Action, Crime, Drama, Thriller",109
121,d3087,street kings,2008,David Ayer,"Keanu Reeves,Forest Whitaker,Hugh Laurie,Chris Evans,Cedric The Entertainer","Action, Crime, Drama, Thriller",109
121,b779,Street Kings,2008,David Ayer,"Keanu Reeves, Forest Whitaker, Hugh Laurie, Chris Evans","Drama, Action & Adventure, Mystery & Suspense",109
122,c2790,The Rundown,2003,Peter Berg,"Dwayne Johnson, Seann William Scott, Christopher Walken","Action, Adventure, Comedy",104
122,a2964,The Rundown,2003,Peter Berg,"Dwayne Johnson, Seann William Scott, Christopher Walken","Action, Adventure, Comedy, Thriller",104
123,d3172,grindhouse,2007,,,"Action, Horror, Thriller",191
123,b2230,Grindhouse,2007,Robert Rodriguez,"Rose McGowan, Kurt Russell, Freddy Rodriguez, Rosario Dawson","Action & Adventure, Horror",192
123,c2112,Grindhouse,2007,Robert Rodriguez,"Kurt Russell, Rose McGowan, Danny Trejo","Action, Horror, Thriller",191
123,a2444,Grindhouse,2007,Robert Rodriguez,"Kurt Russell, Rose McGowan, Danny Trejo","Action, Horror, Thriller",191
124,d2320,faster,2010,George Tillman Jr,,"Action, Drama, Thriller",98
124,a331,Faster,2010,George Tillman Jr.,"Dwayne Johnson, Billy Bob Thornton, Maggie Grace","Action, Crime, Drama, Thriller",98
124,c1537,Faster,2010,George Tillman Jr.,"Dwayne Johnson, Billy Bob Thornton, Maggie Grace","Action, Crime, Drama",98
125,a2637,After Earth,2013,M. Night Shyamalan,"Jaden Smith, David Denman, Will Smith","Action, Adventure, Sci-Fi",100
125,c613,After Earth,2013,M. Night Shyamalan,"Jaden Smith, David Denman, Will Smith","Action, Adventure, Sci-Fi",100
125,b2407,After Earth,2013,M. Night Shyamalan,"Will Smith, Jaden Smith, Zo Kravitz, Sophie Okonedo","Action & Adventure, Science Fiction & Fantasy",100
125,d1684,after earth,2013,M. Night Shyamalan,"Will Smith,Jaden Smith,Sophie Okonedo,Zoe Kravitz","Action, Adventure, Science Fiction",
126,a2730,Fast & Furious 6,2013,Justin Lin,"Vin Diesel, Paul Walker, Dwayne Johnson","Action, Crime, Thriller",130
126,d1680,fast & furious 6,2013,Justin Lin,"Paul Walker,Vin Diesel,Dwayne Johnson,Jordana Brewster,Gina Carano,Luke Evans,Michelle Rodriguez,Tyrese Gibson,Eva Mendes,Gal Gadot,Sung Kang,Jason Statham","Action, Thriller",140
126,b2495,Fast & Furious 6,2013,Justin Lin,"Vin Diesel, Paul Walker, Dwayne ""The Rock"" Jo..., Jordana Brewster",Action & Adventure,130
126,c626,Fast & Furious 6,2013,Justin Lin,"Vin Diesel, Paul Walker, Dwayne Johnson","Action, Crime, Thriller",130
127,d1898,red dawn,2012,Dan Bradley,"Chris Hemsworth,Josh Hutcherson,Josh Peck,Isabel Lucas,Connor Cruise,Adrianne Palicki,Brett Cullen","Action, Thriller",114
127,b220,Red Dawn,2012,Dan Bradley,"Chris Hemsworth, Josh Peck, Adrianne Palicki, Josh Hutcherson",Action & Adventure,93
127,c908,Red Dawn,2012,Dan Bradley,"Chris Hemsworth, Isabel Lucas, Josh Hutcherson","Action, Thriller, War",93
127,a224,Red Dawn,2012,Dan Bradley,"Chris Hemsworth, Isabel Lucas, Josh Hutcherson","Action, Thriller, War",93
128,b2583,Let The Fire Burn,2013,Jason Osder,,"Documentary, Special Interest",95
128,a2827,Let the Fire Burn,2013,Jason Osder,"Birdie Africa, Ramona Africa, Wilson Goode","Documentary, Drama, History, Thriller",88
129,c2327,The Fast and the Furious: Tokyo Drift,2006,Justin Lin,"Lucas Black, Zachery Ty Bryan, Shad Moss","Action, Crime, Drama",104
129,a2152,The Fast and the Furious: Tokyo Drift,2006,Justin Lin,"Lucas Black, Zachery Ty Bryan, Shad Moss","Action, Crime, Drama, Thriller",104
129,d199,the fast and the furious: tokyo drift,2006,Justin Lin,"Lucas Black,Sung Kang,Bow Wow,Brian Tee,Nathalie Kelley,Sonny Chiba,Jason Tobin,Zachery Ty Bryan","Action, Adventure, Crime, Drama, Thriller",104
130,c2151,Aliens vs. Predator: Requiem,2007,Colin Strause,"Reiko Aylesworth, Steven Pasquale, Shareeka Epps","Action, Horror, Sci-Fi",94
130,b1385,Aliens vs. Predator: Requiem (AVP 2),2007,Colin Strause,"Steven Pasquale, Reiko Aylesworth, John Ortiz, Johnny Lewis","Action & Adventure, Horror, Science Fiction & Fantasy",93
130,a1097,Aliens vs. Predator: Requiem,2007,Colin Strause,"Reiko Aylesworth, Steven Pasquale, Shareeka Epps","Action, Horror, Sci-Fi, Thriller",94
131,c5153,The Karate Kid,1984,John G. Avildsen,"Ralph Macchio, Pat Morita, Elisabeth Shue","Action, Drama, Family",126
131,a371,The Karate Kid,1984,John G. Avildsen,"Ralph Macchio, Pat Morita, Elisabeth Shue","Action, Drama, Family, Sport",126
132,c1447,The Book of Eli,2010,Albert Hughes,"Denzel Washington, Mila Kunis, Ray Stevenson","Action, Adventure, Drama",118
132,b284,The Book of Eli,2010,Albert Hughes,"Denzel Washington, Gary Oldman, Mila Kunis, Ray Stevenson",Action & Adventure,118
132,a290,The Book of Eli,2010,Albert Hughes,"Denzel Washington, Mila Kunis, Ray Stevenson","Action, Adventure, Drama, Thriller",118
132,d2646,the book of eli,2010,"Albert,Allen Hughes","Denzel Washington,Gary Oldman,Mila Kunis,Ray Stevenson,Jennifer Beals,Tom Waits,Michael Gambon","Action, Science Fiction, Thriller",118
133,c3191,Shanghai Noon,2000,Tom Dey,"Jackie Chan, Owen Wilson, Lucy Liu","Action, Adventure, Comedy",110
133,a1331,Shanghai Noon,2000,Tom Dey,"Jackie Chan, Owen Wilson, Lucy Liu","Action, Adventure, Comedy, Western",110
133,b1153,Shanghai Noon,2000,Tom Dey,"Jackie Chan, Owen Wilson, Lucy Liu, Brandon Merrill","Western, Action & Adventure, Comedy",110
134,c1736,Chandni Chowk to China,2009,Nikhil Advani,"Akshay Kumar, Deepika Padukone, Chia-Hui Liu","Action, Adventure, Comedy",154
134,a905,Chandni Chowk to China,2009,Nikhil Advani,"Akshay Kumar, Deepika Padukone, Chia-Hui Liu","Action, Adventure, Comedy, Drama, Fantasy, Musical",154
134,d2862,chandni chowk to china,2009,Nikhil Advani,"Akshay Kumar,Deepika Padukone,Mithun Chakraborty,Ranvir Shorey,Gordon Liu,Roger Yuan","Action, Adventure, Comedy, Drama, Foreign, Musical",149
134,b843,Chandni Chowk To China,2009,Nikhil Advani,"Akshay Kumar, Deepika Padukone, Gordon Liu, Mithun Chakravorty","Drama, Action & Adventure, Art House & International, Comedy",151
135,a853,Wanted,2008,Timur Bekmambetov,"Angelina Jolie, James McAvoy, Morgan Freeman","Action, Crime, Fantasy, Thriller",110
135,d3036,wanted,2008,Timur Bekmambetov,"James McAvoy,Angelina Jolie,Morgan Freeman,Terence Stamp,Thomas Kretschmann,Common,Kristen Hager","Action, Crime, Thriller",110
135,b797,Wanted,2008,Timur Bekmambetov,"James McAvoy, Morgan Freeman, Angelina Jolie, Terence Stamp","Action & Adventure, Mystery & Suspense, Science Fiction & Fantasy",110
135,c1929,Wanted,2008,Timur Bekmambetov,"Angelina Jolie, James McAvoy, Morgan Freeman","Action, Crime, Fantasy",110
136,a62,The Bourne Legacy,2012,Tony Gilroy,"Jeremy Renner, Rachel Weisz, Edward Norton","Action, Adventure, Mystery, Thriller",135
136,c906,The Bourne Legacy,2012,Tony Gilroy,"Jeremy Renner, Rachel Weisz, Edward Norton","Action, Adventure, Mystery",135
136,b62,The Bourne Legacy,2012,Tony Gilroy,"Jeremy Renner, Edward Norton, Rachel Weisz, Joan Allen","Mystery & Suspense, Action & Adventure",135
136,d1937,the bourne legacy,2012,,"Jeremy Renner,Rachel Weisz,Edward Norton,Scott Glenn,Stacy Keach,Albert Finney,David Strathairn","Action, Thriller",120
137,a164,Hope Springs,2012,David Frankel,"Meryl Streep, Tommy Lee Jones, Steve Carell","Comedy, Drama, Romance",100
137,b162,Hope Springs,2012,David Frankel,"Meryl Streep, Tommy Lee Jones, Steve Carell, Ben Rappaport","Drama, Comedy",99
137,d1936,hope springs,2012,David Frankel,"Meryl Streep,Tommy Lee Jones,Steve Carell","Comedy, Drama, Romance",100
138,b1838,The Bridge,2006,Eric Steel,"Kevin Hines, Patrick Hines, Rachel Marker, Tara Harrell","Documentary, Drama",94
138,d84,the bridge,2006,Eric Steel,,Documentary,93
139,a2003,Snakes on a Plane,2006,David R. Ellis,"Samuel L. Jackson, Julianna Margulies, Nathan Phillips","Action, Thriller",105
139,c2281,Snakes on a Plane,2006,David R. Ellis,"Samuel L. Jackson, Julianna Margulies, Nathan Phillips","Action, Thriller",105
139,b2082,Snakes on a Plane,2006,David R. Ellis,"Samuel L. Jackson, Julianna Margulies, Nathan Phillips, Rachel Blanchard","Action & Adventure, Horror, Mystery & Suspense",106
140,a2200,Header,2009,Archibald Flancranstin,"Jake Suffian, Elliot V. Kotek, Dick Mullaney","Comedy, Crime, Drama, Horror, Mystery, Thriller",89
140,b1940,Header,2009,Archibald Flancranstin,"Dick Mullaney, Elliot V. Kotek, Jake Suffian","Drama, Horror, Mystery & Suspense, Comedy",89
141,a652,Transformers: Dark of the Moon,2011,Michael Bay,"Shia LaBeouf, Rosie Huntington-Whiteley, Tyrese Gibson","Action, Adventure, Sci-Fi",154
141,d2208,transformers: dark of the moon,2011,Michael Bay,"Shia LaBeouf,Rosie Huntington-Whiteley,Josh Duhamel,John Turturro,Tyrese Gibson,Patrick Dempsey,Frances McDormand,John Malkovich,Kevin Dunn,Julie White,Alan Tudyk,Ken Jeong,Glenn Morshower","Action, Adventure, Science Fiction",154
141,c1208,Transformers: Dark of the Moon,2011,Michael Bay,"Shia LaBeouf, Rosie Huntington-Whiteley, Tyrese Gibson","Action, Adventure, Sci-Fi",154
142,c3051,Atlantis: The Lost Empire,2001,Gary Trousdale,"Michael J. Fox, Jim Varney, Corey Burton","Animation, Action, Adventure",95
142,a1396,Atlantis: The Lost Empire,2001,Gary Trousdale,"Michael J. Fox, Jim Varney, Corey Burton","Animation, Action, Adventure, Family, Fantasy, Sci-Fi",95
143,c1921,Doomsday,2008,Neil Marshall,"Rhona Mitra, Bob Hoskins, Alexander Siddig","Action, Sci-Fi, Thriller",105
143,a709,Doomsday,2008,Neil Marshall,"Rhona Mitra, Bob Hoskins, Alexander Siddig","Action, Sci-Fi, Thriller",105
144,d3317,the adventures of robin hood,1938,,,"Action, Adventure, Drama, Romance",102
144,c6810,The Adventures of Robin Hood,1938,Michael Curtiz,"Errol Flynn, Olivia de Havilland, Basil Rathbone","Action, Adventure, Romance",102
145,d2054,act of valor,2012,"Mike McCoy,Scott Waugh",Roselyn Sanchez,"Action, Adventure, Thriller, War",110
145,c935,Act of Valor,2012,Mike McCoy,"Alex Veadov, Roselyn Sanchez, Nestor Serrano","Action, Thriller, War",110
145,b10,Act of Valor,2012,Mike McCoy,"Roselyn Sanchez, Jason Cottle, Alex Veadov, Nestor Serrano","Mystery & Suspense, Action & Adventure",101
145,a9,Act of Valor,2012,Mike McCoy,"Alex Veadov, Roselyn Sanchez, Nestor Serrano","Action, Thriller, War",110
146,a1489,The Last Castle,2001,Rod Lurie,"Robert Redford, James Gandolfini, Mark Ruffalo","Action, Drama, Thriller",131
146,c3112,The Last Castle,2001,Rod Lurie,"Robert Redford, James Gandolfini, Mark Ruffalo","Action, Drama, Thriller",131
146,b1297,The Last Castle,2001,Rod Lurie,"Robert Redford, James Gandolfini, Mark Ruffalo, Delroy Lindo","Drama, Action & Adventure, Mystery & Suspense",131
147,d2920,miracle at st. anna,2008,Spike Lee,"Derek Luke,Michael Ealy,Laz Alonso,Omar Benson Miller,Pierfrancesco Favino,Valentina Cervi,Matteo Sciabordi,Joseph Gordon-Levitt,John Turturro,John Leguizamo,Kerry Washington,D.B. Sweeney","Action, Drama, History",160
147,c2000,Miracle at St. Anna,2008,Spike Lee,"Derek Luke, Michael Ealy, Laz Alonso","Action, Crime, Drama",160
147,a777,Miracle at St. Anna,2008,Spike Lee,"Derek Luke, Michael Ealy, Laz Alonso","Action, Crime, Drama, Thriller, War",160
148,d2606,the boondock saints ii: all saints day,2009,Troy Duffy,"Sean Patrick Flanery,Norman Reedus,Billy Connolly,Clifton Collins Jr.,Julie Benz,Peter Fonda","Action, Adventure, Drama, Thriller",118
148,c1806,The Boondock Saints II: All Saints Day,2009,Troy Duffy,"Sean Patrick Flanery, Norman Reedus, Billy Connolly","Action, Comedy, Crime",118
148,a895,The Boondock Saints II: All Saints Day,2009,Troy Duffy,"Sean Patrick Flanery, Norman Reedus, Billy Connolly","Action, Comedy, Crime, Drama, Thriller",118
149,a1308,Proof of Life,2000,Taylor Hackford,"Meg Ryan, Russell Crowe, David Morse","Action, Drama, Thriller",135
149,b1131,Proof of Life,2000,Taylor Hackford,"Meg Ryan, Russell Crowe, David Morse, David Caruso","Drama, Action & Adventure, Romance, Mystery & Suspense",136
149,c3230,Proof of Life,2000,Taylor Hackford,"Meg Ryan, Russell Crowe, David Morse","Action, Drama, Thriller",135
150,b981,Tekken,,Dwight H. Little,"Luke Goss, Lateef Crowder, Cung Le, Ian Anthony Dale","Drama, Action & Adventure, Animation, Art House & International, Science Fiction & Fantasy",91
150,a1056,Tekken,2010,Dwight H. Little,"Jon Foo, Kelly Overton, Cary-Hiroyuki Tagawa","Action, Crime, Drama, Sci-Fi, Thriller",92
150,c1420,Tekken,2010,Dwight H. Little,"Jon Foo, Kelly Overton, Cary-Hiroyuki Tagawa","Action, Crime, Drama",92
151,c2487,Flightplan,2005,Robert Schwentke,"Jodie Foster, Peter Sarsgaard, Sean Bean","Action, Drama, Mystery",98
151,a1872,Flightplan,2005,Robert Schwentke,"Jodie Foster, Peter Sarsgaard, Sean Bean","Action, Drama, Mystery, Thriller",98
151,b1643,Flightplan,2005,Robert Schwentke,"Jodie Foster, Peter Sarsgaard, Sean Bean, Kate Beahan","Drama, Action & Adventure, Mystery & Suspense",98
152,d89,51 birch street,2006,Doug Block,,Documentary,90
152,a1809,51 Birch Street,2006,Doug Block,"Carol Block, Doug Block, Ellen Block",Documentary,90
152,b1586,51 Birch Street,2006,Doug Block,"Carol ""Kitty"" Block, Mike Block, Ellen Block, Karen Block Engwall","Documentary, Special Interest",88
153,c2341,The 8th Plague,2006,Franklin Guerrero Jr.,"DJ Perry, Leslie Anne Valenza, Terry Jernigan","Action, Horror",90
153,b1785,The 8th Plague,2006,Franklin Guerrero Jr,"Hollis Zemany, Leslie Ann Valenza, Paul Bugelski, Jonathan Rockett",Horror,92
153,a2022,The 8th Plague,2006,Franklin Guerrero Jr.,"DJ Perry, Leslie Anne Valenza, Terry Jernigan","Action, Horror",90
154,a1449,Ghosts of Mars,2001,John Carpenter,"Natasha Henstridge, Ice Cube, Pam Grier","Action, Horror, Sci-Fi",98
154,c3049,Ghosts of Mars,2001,John Carpenter,"Natasha Henstridge, Ice Cube, Pam Grier","Action, Horror, Sci-Fi",98
155,b365,Legion,2010,Scott Stewart,"Paul Bettany, Lucas Black, Tyrese Gibson, Adrianne Palicki","Action & Adventure, Horror, Mystery & Suspense",100
155,a384,Legion,2010,Scott Stewart,"Paul Bettany, Dennis Quaid, Charles S. Dutton","Action, Fantasy, Horror",100
155,c1449,Legion,2010,Scott Stewart,"Paul Bettany, Dennis Quaid, Charles S. Dutton","Action, Fantasy, Horror",100
156,c2314,Waist Deep,2006,Vondie Curtis-Hall,"Tyrese Gibson, Meagan Good, Larenz Tate","Action, Crime, Drama",97
156,a2407,Waist Deep,2006,Vondie Curtis-Hall,"Tyrese Gibson, Meagan Good, Larenz Tate","Action, Crime, Drama, Thriller",97
157,c1967,You Don't Mess with the Zohan,2008,Dennis Dugan,"Adam Sandler, John Turturro, Emmanuelle Chriqui","Action, Comedy",113
157,d3051,you don't mess with the zohan,2008,Dennis Dugan,"Adam Sandler,John Turturro,Emmanuelle Chriqui,Lainie Kazan,Rob Schneider,Charlotte Rae,Kevin Nealon,Michael Buffer","Action, Comedy",113
157,a864,You Don't Mess with the Zohan,2008,Dennis Dugan,"Adam Sandler, John Turturro, Emmanuelle Chriqui","Action, Comedy",113
158,b2437,Blackfish,2013,Gabriela Cowperthwaite,"John Hargrove, John Jett, Carol Ray, Jeffrey Ventre","Documentary, Special Interest",80
158,a2666,Blackfish,2013,Gabriela Cowperthwaite,"Tilikum, Dave Duffus, Samantha Berg",Documentary,83
158,d1621,blackfish,2013,Gabriela Cowperthwaite,,Documentary,80
159,a829,The Spirit,2008,Frank Miller,"Gabriel Macht, Samuel L. Jackson, Scarlett Johansson","Action, Crime, Fantasy, Thriller",103
159,c1949,The Spirit,2008,Frank Miller,"Gabriel Macht, Samuel L. Jackson, Scarlett Johansson","Action, Crime, Fantasy",103
159,d2831,the spirit,2008,Frank Miller,"Gabriel Macht,Samuel L. Jackson,Scarlett Johansson,Eva Mendes,Sarah Paulson,Paz Vega","Action, Comedy, Crime, Science Fiction, Thriller",103
159,b772,The Spirit,2008,Frank Miller (II),"Gabriel Macht, Samuel L. Jackson, Scarlett Johansson, Eva Mendes","Drama, Action & Adventure",102
160,a925,Echelon Conspiracy,2009,Greg Marcks,"Shane West, Edward Burns, Ving Rhames","Action, Crime, Mystery, Thriller",105
160,b862,Echelon Conspiracy,2009,Greg Marcks,"Shane West, Edward Burns, Ving Rhames, Martin Sheen","Mystery & Suspense, Action & Adventure",105
160,c1745,Echelon Conspiracy,2009,Greg Marcks,"Shane West, Edward Burns, Ving Rhames","Action, Crime, Mystery",105
161,a2492,Live Free or Die Hard,2007,Len Wiseman,"Bruce Willis, Justin Long, Timothy Olyphant","Action, Adventure, Thriller",128
161,b1989,Live Free or Die Hard,2007,Len Wiseman,"Bruce Willis, Timothy Olyphant, Justin Long, Maggie Q","Mystery & Suspense, Action & Adventure",128
161,d146,live free or die hard,2007,,,"Action, Thriller",128
161,c2087,Live Free or Die Hard,2007,Len Wiseman,"Bruce Willis, Justin Long, Timothy Olyphant","Action, Adventure, Thriller",128
162,c647,Java Heat,2013,Conor Allyn,"Kellan Lutz, Verdi Solaiman, Mickey Rourke","Action, Crime, Drama",104
162,a2803,Java Heat,2013,Conor Allyn,"Kellan Lutz, Verdi Solaiman, Mickey Rourke","Action, Crime, Drama, Thriller",104
162,b2561,Java Heat,2013,Conor Allyn,"Mickey Rourke, Kellan Lutz, Ario Bayu, Atiqah Hasiholan","Drama, Action & Adventure, Mystery & Suspense",104
163,d2259,conan the barbarian,2011,Marcus Nispel,"Jason Momoa,Stephen Lang,Rose McGowan,Rachel Nichols,Ron Perlman,Leo Howard","Action, Adventure, Fantasy, Science Fiction, Thriller",113
163,c1170,Conan the Barbarian,2011,Marcus Nispel,"Jason Momoa, Ron Perlman, Rose McGowan","Action, Adventure, Fantasy",113
163,a511,Conan the Barbarian,2011,Marcus Nispel,"Jason Momoa, Ron Perlman, Rose McGowan","Action, Adventure, Fantasy",113
163,b483,Conan the Barbarian,2011,Marcus Nispel,"Jason Momoa, Rachel Nichols, Stephen Lang, Rose McGowan","Action & Adventure, Science Fiction & Fantasy",112
164,a308,SWAT: Unit 887,2015,Timothy Woodward Jr.,"Tom Sizemore, Mischa Barton, Timothy Woodward Jr.","Action, Thriller",96
164,c92,SWAT: Unit 887,2015,Timothy Woodward Jr.,"Tom Sizemore, Mischa Barton, Timothy Woodward Jr.","Action, Thriller",96
165,a655,Unknown,2011,Jaume Collet-Serra,"Liam Neeson, Diane Kruger, January Jones","Action, Mystery, Thriller",113
165,c1209,Unknown,2011,Jaume Collet-Serra,"Liam Neeson, Diane Kruger, January Jones","Action, Mystery, Thriller",113
165,d2352,unknown,2011,Jaume Collet-Serra,"Liam Neeson,Diane Kruger,January Jones,Aidan Quinn,Bruno Ganz,Frank Langella","Action, Drama, Indie, Mystery, Thriller",113
165,b614,Unknown,2011,Jaume Collet-Serra,"Diane Kruger, Liam Neeson, Aidan Quinn, Frank Langella","Drama, Horror, Mystery & Suspense",113
166,b2131,Zoom,2006,Peter Hewitt,"Tim Allen, Courteney Cox, Chevy Chase, Spencer Breslin","Action & Adventure, Kids & Family, Comedy",88
166,a2424,Zoom,2006,Peter Hewitt,"Tim Allen, Courteney Cox, Chevy Chase","Action, Adventure, Family, Sci-Fi",83
166,c2258,Zoom,2006,Peter Hewitt,"Tim Allen, Courteney Cox, Chevy Chase","Action, Adventure, Family",83
167,b1124,The Perfect Storm,2000,Wolfgang Petersen,"George Clooney, Mark Wahlberg, Diane Lane, Karen Allen","Drama, Action & Adventure",129
167,c3185,The Perfect Storm,2000,Wolfgang Petersen,"George Clooney, Mark Wahlberg, Diane Lane","Action, Adventure, Drama",130
167,a1301,The Perfect Storm,2000,Wolfgang Petersen,"George Clooney, Mark Wahlberg, Diane Lane","Action, Adventure, Drama, Thriller",130
168,c1952,The Mummy: Tomb of the Dragon Emperor,2008,Rob Cohen,"Brendan Fraser, Jet Li, Maria Bello","Action, Adventure, Fantasy",112
168,d2979,the mummy: tomb of the dragon emperor,2008,Rob Cohen,"Brendan Fraser,Jet Li,Maria Bello,Michelle Yeoh,Luke Ford","Action, Adventure, Fantasy, Thriller",112
168,a779,The Mummy: Tomb of the Dragon Emperor,2008,Rob Cohen,"Brendan Fraser, Jet Li, Maria Bello","Action, Adventure, Fantasy, Thriller",112
169,c2609,Alexander,2004,Oliver Stone,"Colin Farrell, Anthony Hopkins, Rosario Dawson","Action, Adventure, Biography",175
169,b1383,Alexander,2004,Oliver Stone,"Colin Farrell, Angelina Jolie, Val Kilmer, Anthony Hopkins","Drama, Action & Adventure, Classics",176
169,a1592,Alexander,2004,Oliver Stone,"Colin Farrell, Anthony Hopkins, Rosario Dawson","Action, Adventure, Biography, Drama, History, Romance, War",175
170,a2016,Zathura: A Space Adventure,2005,Jon Favreau,"Josh Hutcherson, Jonah Bobo, Dax Shepard","Action, Adventure, Comedy, Family, Fantasy, Sci-Fi",101
170,c2484,Zathura: A Space Adventure,2005,Jon Favreau,"Josh Hutcherson, Jonah Bobo, Dax Shepard","Action, Adventure, Comedy",101
171,c3092,Megiddo: The Omega Code 2,2001,Brian Trenchard-Smith,"Michael York, Michael Biehn, Joseph Makkar","Action, Adventure, Fantasy",104
171,a1499,Megiddo: The Omega Code 2,2001,Brian Trenchard-Smith,"Michael York, Michael Biehn, Joseph Makkar","Action, Adventure, Fantasy, Sci-Fi, Thriller",104
172,b987,Tyson,2009,James Toback,"Mike Tyson, Mills Lane, Trevor Berbick","Documentary, Sports & Fitness",90
172,d2758,tyson,2009,James Toback,,,
172,a1064,Tyson,2009,James Toback,"Mike Tyson, Mills Lane, Trevor Berbick","Documentary, Sport",90
173,c3089,Pootie Tang,2001,Louis C.K.,"Chris Rock, Lance Crouther, J.B. Smoove","Comedy, Musical, Adventure",81
173,b1330,Pootie Tang,2001,Louis C.K.,"Lance Crouther, Jennifer Coolidge, Wanda Sykes, Robert Vaughn",Comedy,70
173,a1529,Pootie Tang,2001,Louis C.K.,"Chris Rock, Lance Crouther, J.B. Smoove","Comedy, Musical, Adventure, Action",81
174,c2003,Eagle Eye,2008,D.J. Caruso,"Shia LaBeouf, Michelle Monaghan, Rosario Dawson","Action, Mystery, Thriller",118
174,b666,Eagle Eye,2008,D.J. Caruso,"Shia LaBeouf, Michelle Monaghan, Michael Chiklis, Rosario Dawson","Mystery & Suspense, Drama",117
174,d2915,eagle eye,2008,D.J. Caruso,"Shia LaBeouf,Michelle Monaghan,Rosario Dawson,Michael Chilkis,Billy Bob Thornton,Anthony Mackie,Ethan Embry","Action, Mystery, Thriller",118
174,a712,Eagle Eye,2008,D.J. Caruso,"Shia LaBeouf, Michelle Monaghan, Rosario Dawson","Action, Mystery, Thriller",118
175,b622,X-Men: First Class,2011,Matthew Vaughn,"James McAvoy, Michael Fassbender, Kevin Bacon, Caleb Landry Jones","Drama, Action & Adventure, Science Fiction & Fantasy",132
175,a665,X-Men: First Class,2011,Matthew Vaughn,"James McAvoy, Michael Fassbender, Jennifer Lawrence","Action, Adventure, Sci-Fi",132
175,c1192,X-Men: First Class,2011,Matthew Vaughn,"James McAvoy, Michael Fassbender, Jennifer Lawrence","Action, Adventure, Sci-Fi",132
176,a45,Beasts of the Southern Wild,2012,Benh Zeitlin,"Quvenzhané Wallis, Dwight Henry, Levy Easterly","Drama, Fantasy",93
176,b46,Beasts of the Southern Wild,2012,Benh Zeitlin,"Dwight Henry, Lowell Landes, Levy Easterly, Pamela Harper",Drama,91
176,d1973,beasts of the southern wild,2012,Benh Zeitlin,"Dwight Henry,Levy Easterly,Lowell Landes,Pamela Harper",Drama,93
177,b401,Rabbit Hole,2010,John Cameron Mitchell,"Nicole Kidman, Aaron Eckhart, Dianne Wiest, Tammy Blanchard",Drama,91
177,a421,Rabbit Hole,2011,John Cameron Mitchell,"Nicole Kidman, Aaron Eckhart, Dianne Wiest",Drama,91
177,d2299,rabbit hole,2010,John Cameron Mitchell,,"Drama, Indie",91
178,a2584,Starting Out in the Evening,2007,Andrew Wagner,"Frank Langella, Lauren Ambrose, Patti Perkins","Drama, Romance",111
178,b2358,Starting Out in the Evening,2007,Andrew Wagner,"Frank Langella, Lauren Ambrose, Lili Taylor, Adrian Lester","Art House & International, Drama",110
178,d3137,starting out in the evening,2007,Andrew Wagner,"Frank Langella,Lili Taylor,Lauren Ambrose,Adrian Lester","Drama, Indie",111
179,c2586,Spider-Man 2,2004,Sam Raimi,"Tobey Maguire, Kirsten Dunst, Alfred Molina","Action, Adventure, Fantasy",127
179,a1767,Spider-Man 2,2004,Sam Raimi,"Tobey Maguire, Kirsten Dunst, Alfred Molina","Action, Adventure, Fantasy",127
180,c1500,Cats & Dogs: The Revenge of Kitty Galore,2010,Brad Peyton,"Bette Midler, Chris O'Donnell, Jack McBrayer","Action, Comedy, Family",82
180,a299,Cats & Dogs: The Revenge of Kitty Galore,2010,Brad Peyton,"Bette Midler, Chris O'Donnell, Jack McBrayer","Action, Comedy, Family, Fantasy",82
181,a1911,Just Friends,2005,Roger Kumble,"Ryan Reynolds, Amy Smart, Anna Faris","Comedy, Romance",96
181,d266,just friends,2005,Roger Kumble,"Ryan Reynolds,Amy Smart,Anna Faris,Chris Klein","Comedy, Drama, Romance",96
181,b1682,Just Friends,2005,Roger Kumble,"Ryan Reynolds, Amy Smart, Anna Faris, Chris Klein","Drama, Romance, Comedy",94
182,a1780,Team America: World Police,2004,Trey Parker,"Trey Parker, Matt Stone, Elle Russ","Animation, Action, Comedy",98
182,c2646,Team America: World Police,2004,Trey Parker,"Trey Parker, Matt Stone, Elle Russ","Animation, Action, Comedy",98
183,b1642,First Descent,2005,Kemp Curly,"Shaun White, Terje Haakonsen, Hannah Teter, Shawn Farmer","Documentary, Musical & Performing Arts, Sports & Fitness",111
183,a1871,First Descent,2005,Kemp Curly,"Shawn Farmer, Terje Håkonsen, Nick Perata","Documentary, Sport",110
183,d343,first descent,2005,"Kemp Curly,Kevin Harrison",,"Documentary, Sports Film",110
184,c1530,Twelve,2010,Joel Schumacher,"Chace Crawford, Emma Roberts, Rory Culkin","Action, Crime, Drama",93
184,a459,Twelve,2010,Joel Schumacher,"Chace Crawford, Emma Roberts, Rory Culkin","Action, Crime, Drama, Thriller",93
185,d140,crazy love,2007,"Dan Klores,Fisher Stevens",,"Documentary, Romance",92
185,b2185,Crazy Love,2007,Dan Klores,"Bob Janoff, Linda Riss Pugach, Rusty Goldberg, Jimmy Breslin",Documentary,92
185,a1143,Crazy Love,2007,Dan Klores,"Burt Pugach, Linda Pugach, Bob Janoff",Documentary,92
186,b2552,Inequality For All,2013,Jacob Kornbluth,Robert Reich,"Documentary, Special Interest",85
186,d1538,inequality for all,2013,Jacob Kornbluth,,,88
187,c1001,Fire with Fire,2012,David Barrett,"Josh Duhamel, Bruce Willis, Rosario Dawson","Action, Crime, Drama",97
187,b133,Fire With Fire,,David Barrett,"Josh Duhamel, Bruce Willis, Rosario Dawson, Vincent D'Onofrio","Drama, Action & Adventure, Mystery & Suspense, Special Interest",97
187,a138,Fire with Fire,2012,David Barrett,"Josh Duhamel, Bruce Willis, Rosario Dawson","Action, Crime, Drama, Thriller",97
188,a2258,A Lonely Place to Die,2011,Julian Gilbey,"Alec Newman, Ed Speleers, Melissa George","Action, Adventure, Crime, Thriller",99
188,c1211,A Lonely Place to Die,2011,Julian Gilbey,"Alec Newman, Ed Speleers, Melissa George","Action, Adventure, Crime",99
189,a1299,The Patriot,2000,Roland Emmerich,"Mel Gibson, Heath Ledger, Joely Richardson","Action, Drama, History, War",165
189,b1122,The Patriot,2000,Roland Emmerich,"Mel Gibson, Heath Ledger, Joely Richardson, Jason Isaacs","Drama, Action & Adventure",168
189,c3197,The Patriot,2000,Roland Emmerich,"Mel Gibson, Heath Ledger, Joely Richardson","Action, Drama, History",165
190,b1154,The Skulls,2000,Rob Cohen,"Joshua Jackson, Paul Walker, Hill Harper, Leslie Bibb","Mystery & Suspense, Horror",106
190,a1333,The Skulls,2000,Rob Cohen,"Joshua Jackson, Paul Walker, Hill Harper","Action, Crime, Drama, Thriller",106
190,c3202,The Skulls,2000,Rob Cohen,"Joshua Jackson, Paul Walker, Hill Harper","Action, Crime, Drama",106
191,a245,Snow White and the Huntsman,2012,Rupert Sanders,"Kristen Stewart, Chris Hemsworth, Charlize Theron","Action, Adventure, Drama, Fantasy",127
191,b242,Snow White and the Huntsman,2012,Rupert Sanders,"Kristen Stewart, Chris Hemsworth, Charlize Theron, Sam Claflin","Drama, Action & Adventure, Romance, Science Fiction & Fantasy",128
191,c965,Snow White and the Huntsman,2012,Rupert Sanders,"Kristen Stewart, Chris Hemsworth, Charlize Theron","Action, Adventure, Drama",127
191,d1911,snow white and the huntsman,2012,Rupert Sanders,"Kristen Stewart,Charlize Theron,Chris Hemsworth,Sam Claflin","Action, Adventure, Drama, Fantasy",127
192,a548,Green Lantern,2011,Martin Campbell,"Ryan Reynolds, Blake Lively, Peter Sarsgaard","Action, Adventure, Romance, Sci-Fi, Thriller",114
192,c1181,Green Lantern,2011,Martin Campbell,"Ryan Reynolds, Blake Lively, Peter Sarsgaard","Action, Adventure, Romance",114
193,c3820,Die Hard: With a Vengeance,1995,John McTiernan,"Bruce Willis, Jeremy Irons, Samuel L. Jackson","Action, Adventure, Thriller",131
193,a2360,Die Hard: With a Vengeance,1995,John McTiernan,"Bruce Willis, Jeremy Irons, Samuel L. Jackson","Action, Adventure, Thriller",131
194,c5072,Ran,1985,Akira Kurosawa,"Tatsuya Nakadai, Akira Terao, Jinpachi Nezu","Action, Drama, War",162
194,d3405,ran,1985,,,"Action, Adventure, Drama, Foreign, History, Indie",162
195,d1740,snitch,2013,Ric Roman Waugh,"Dwayne Johnson,Susan Sarandon,Jon Bernthal,Barry Pepper,Benjamin Bratt,Rafi Gavron,Nadine Velazquez",Thriller,
195,c564,Snitch,2013,Ric Roman Waugh,"Dwayne Johnson, Susan Sarandon, Jon Bernthal","Action, Drama, Thriller",112
195,a2924,Snitch,2013,Ric Roman Waugh,"Dwayne Johnson, Susan Sarandon, Jon Bernthal","Action, Drama, Thriller",112
195,b2671,Snitch,2013,Ric Roman Waugh,"Dwayne ""The Rock"" Jo..., Barry Pepper, Susan Sarandon, Jon Bernthal","Drama, Action & Adventure, Mystery & Suspense",112
196,a233,Safe House,2012,Daniel Espinosa,"Denzel Washington, Ryan Reynolds, Robert Patrick","Action, Crime, Mystery, Thriller",115
196,c939,Safe House,2012,Daniel Espinosa,"Denzel Washington, Ryan Reynolds, Robert Patrick","Action, Crime, Mystery",115
196,b230,Safe House,2012,Daniel Espinosa,"Denzel Washington, Ryan Reynolds, Vera Farmiga, Brendan Gleeson","Mystery & Suspense, Action & Adventure",114
197,b1355,Southern Comfort,1981,Walter Hill,"Keith Carradine, Powers Boothe, Fred Ward, Franklyn Seales","Drama, Action & Adventure, Mystery & Suspense",105
197,c5362,Southern Comfort,1981,Walter Hill,"Keith Carradine, Powers Boothe, Fred Ward","Action, Thriller",106
197,a1556,Southern Comfort,1981,Walter Hill,"Keith Carradine, Powers Boothe, Fred Ward","Action, Thriller",106
198,d2406,jonah hex,2010,Jimy Hayward,"Josh Brolin,John Malkovich,Megan Fox,Michael Fassbender,Will Arnett,John Gallagher Jr.,Tom Wopat,Michael Shannon,Wes Bentley,Julia Jones","Action, Adventure, Drama, Science Fiction, Thriller, Western",80
198,c1453,Jonah Hex,2010,Jimmy Hayward,"Josh Brolin, Megan Fox, John Malkovich","Action, Drama, Fantasy",81
198,a367,Jonah Hex,2010,Jimmy Hayward,"Josh Brolin, Megan Fox, John Malkovich","Action, Drama, Fantasy, Thriller, Western",81
198,b350,Jonah Hex,2010,Jimmy Hayward,"Josh Brolin, John Malkovich, Megan Fox, Michael Fassbender","Western, Drama, Action & Adventure, Horror",84
199,c1726,Transformers: Revenge of the Fallen,2009,Michael Bay,"Shia LaBeouf, Megan Fox, Josh Duhamel","Action, Adventure, Sci-Fi",150
199,b2374,Transformers: Revenge of the Fallen,2009,Michael Bay,"Shia LaBeouf, Megan Fox, Josh Duhamel, Tyrese Gibson","Action & Adventure, Science Fiction & Fantasy",149
199,a1061,Transformers: Revenge of the Fallen,2009,Michael Bay,"Shia LaBeouf, Megan Fox, Josh Duhamel","Action, Adventure, Sci-Fi",150
200,a908,Cirque du Freak: The Vampire's Assistant,2009,Paul Weitz,"Chris Massoglia, John C. Reilly, Salma Hayek","Action, Adventure, Fantasy, Thriller",109
200,c1687,Cirque du Freak: The Vampire's Assistant,2009,Paul Weitz,"Chris Massoglia, John C. Reilly, Salma Hayek","Action, Adventure, Fantasy",109
200,d2579,cirque du freak: the vampire's assistant,2009,Paul Weitz,"John C. Reilly,Ken Watanabe,Josh Hutcherson,Chris Massoglia","Action, Adventure, Fantasy, Horror, Science Fiction, Thriller",109
201,b129,The Expendables 2,2012,Simon West,"Sylvester Stallone, Jason Statham, Jet Li, Dolph Lundgren",Action & Adventure,102
201,c972,The Expendables 2,2012,Simon West,"Sylvester Stallone, Liam Hemsworth, Randy Couture","Action, Adventure, Thriller",103
201,a133,The Expendables 2,2012,Simon West,"Sylvester Stallone, Liam Hemsworth, Randy Couture","Action, Adventure, Thriller",103
202,c3216,Get Carter,2000,Stephen Kay,"Sylvester Stallone, Rachael Leigh Cook, Miranda Richardson","Action, Crime, Drama",102
202,b1064,Get Carter,2000,Stephen T. Kay,"Sylvester Stallone, Miranda Richardson, Rachael Leigh Cook, Michael Caine","Drama, Action & Adventure, Mystery & Suspense",102
202,a1237,Get Carter,2000,Stephen Kay,"Sylvester Stallone, Rachael Leigh Cook, Miranda Richardson","Action, Crime, Drama, Thriller",102
203,c2119,Hitman,2007,Xavier Gens,"Timothy Olyphant, Dougray Scott, Olga Kurylenko","Action, Crime, Drama",100
203,a2455,Hitman,2007,Xavier Gens,"Timothy Olyphant, Dougray Scott, Olga Kurylenko","Action, Crime, Drama, Thriller",100
203,d3071,hitman,2007,Xavier Gens,"Dougray Scott,Olga Kurylenko,Robert Knepper,Ulrich Thomsen","Action, Adventure, Crime, Drama, Thriller",89
204,a1857,Doom,2005,Andrzej Bartkowiak,"Karl Urban, Rosamund Pike, Dwayne Johnson","Action, Horror, Sci-Fi, Thriller",105
204,c2498,Doom,2005,Andrzej Bartkowiak,"Karl Urban, Rosamund Pike, Dwayne Johnson","Action, Horror, Sci-Fi",105
205,c917,The Cold Light of Day,2012,Mabrouk El Mechri,"Henry Cavill, Bruce Willis, Sigourney Weaver","Action, Thriller",93
205,a90,The Cold Light of Day,2012,Mabrouk El Mechri,"Henry Cavill, Bruce Willis, Sigourney Weaver","Action, Thriller",93
205,b90,The Cold Light of Day,2012,Mabrouk El Mechri,"Henry Cavill, Bruce Willis, Sigourney Weaver, Vernica Echegui","Mystery & Suspense, Action & Adventure",93
206,c1987,Never Back Down,2008,Jeff Wadlow,"Sean Faris, Djimon Hounsou, Amber Heard","Action, Drama, Sport",110
206,a782,Never Back Down,2008,Jeff Wadlow,"Sean Faris, Djimon Hounsou, Amber Heard","Action, Drama, Sport",110
206,b729,Never Back Down,2008,Jeff Wadlow,"Sean Faris, Amber Heard, Cam Gigandet, Evan Peters",Action & Adventure,113
207,b811,2012,2009,Roland Emmerich,"John Cusack, Amanda Peet, Chiwetel Ejiofor, Thandie Newton","Drama, Action & Adventure, Mystery & Suspense, Science Fiction & Fantasy",158
207,d2605,2012,2009,Roland Emmerich,"John Cusack,Amanda Peet,Chiwetel Ejiofor,Oliver Platt,Woody Harrelson,Danny Glover,Thandie Newton","Action, Adventure, Disaster, Drama, Thriller",158
207,a869,2012,2009,Roland Emmerich,"John Cusack, Thandie Newton, Chiwetel Ejiofor","Action, Adventure, Sci-Fi",158
207,c1768,2012,2009,Roland Emmerich,"John Cusack, Thandie Newton, Chiwetel Ejiofor","Action, Adventure, Sci-Fi",158
208,c2084,Highlander: The Source,2007,Brett Leonard,"Adrian Paul, Thekla Reuten, Cristian Solimeno","Action, Adventure, Fantasy",86
208,a2452,Highlander: The Source,2007,Brett Leonard,"Adrian Paul, Thekla Reuten, Cristian Solimeno","Action, Adventure, Fantasy, Sci-Fi",86
209,b191,The Man With the Iron Fists,2012,RZA,"Russell Crowe, Lucy Liu, Cung Le, Byron Mann",Action & Adventure,96
209,c909,The Man with the Iron Fists,2012,RZA,"Russell Crowe, Cung Le, Lucy Liu",Action,95
209,a195,The Man with the Iron Fists,2012,RZA,"Russell Crowe, Cung Le, Lucy Liu",Action,95
210,a439,Skyline,2010,Colin Strause,"Eric Balfour, Donald Faison, Scottie Thompson","Action, Sci-Fi, Thriller",97
210,b418,Skyline,2010,Greg Strause,"Eric Balfour, Scottie Thompson, Brittany Daniel, Crystal Reed","Mystery & Suspense, Science Fiction & Fantasy",92
210,c1579,Skyline,2010,Colin Strause,"Eric Balfour, Donald Faison, Scottie Thompson","Action, Sci-Fi, Thriller",97
211,b259,Total Recall,2012,Len Wiseman,"Colin Farrell, Kate Beckinsale, Jessica Biel, Bryan Cranston","Action & Adventure, Science Fiction & Fantasy",121
211,a263,Total Recall,2012,Len Wiseman,"Colin Farrell, Bokeem Woodbine, Bryan Cranston","Action, Adventure, Mystery, Sci-Fi, Thriller",118
211,c918,Total Recall,2012,Len Wiseman,"Colin Farrell, Bokeem Woodbine, Bryan Cranston","Action, Adventure, Mystery",118
211,d1931,total recall,2012,Len Wiseman,"Colin Farrell,Kate Beckinsale,Jessica Biel,Bryan Cranston,Bokeem Woodbine,Bill Nighy","Action, Adventure, Science Fiction, Thriller",121
212,b1764,Underclassman,2005,Marcos Siega,"Nick Cannon, Roselyn Sanchez, Shawn Ashmore, Angelo Spizzirri","Drama, Action & Adventure, Comedy",94
212,a1999,Underclassman,2005,Marcos Siega,"Hugh Bonneville, Shawn Ashmore, Kelly Hu","Action, Comedy, Crime, Drama, Thriller",95
212,c2444,Underclassman,2005,Marcos Siega,"Hugh Bonneville, Shawn Ashmore, Kelly Hu","Action, Comedy, Crime",95
213,a516,The Darkest Hour,2011,Chris Gorak,"Emile Hirsch, Olivia Thirlby, Max Minghella","Action, Drama, Horror, Sci-Fi, Thriller",89
213,c1180,The Darkest Hour,2011,Chris Gorak,"Emile Hirsch, Olivia Thirlby, Max Minghella","Action, Drama, Horror",89
213,b489,The Darkest Hour,2011,Chris Gorak,"Emile Hirsch, Olivia Thirlby, Max Minghella, Rachael Taylor","Action & Adventure, Horror, Mystery & Suspense, Science Fiction & Fantasy",89
214,d1863,alex cross,2012,Rob Cohen,"Tyler Perry,Edward Burns,Matthew Fox,Jean Reno,Carmen Ejogo","Action, Crime, Drama, Thriller",101
214,a13,Alex Cross,2012,Rob Cohen,"Tyler Perry, Matthew Fox, Rachel Nichols","Action, Crime, Mystery, Thriller",101
214,b14,Alex Cross,2012,Rob Cohen,"Tyler Perry, Matthew Fox, Edward Burns, Jean Reno","Mystery & Suspense, Action & Adventure",101
214,c959,Alex Cross,2012,Rob Cohen,"Tyler Perry, Matthew Fox, Rachel Nichols","Action, Crime, Mystery",101
215,a1599,Around the World in 80 Days,2004,Frank Coraci,"Jackie Chan, Steve Coogan, Jim Broadbent","Action, Adventure, Comedy",120
215,c2594,Around the World in 80 Days,2004,Frank Coraci,"Jackie Chan, Steve Coogan, Jim Broadbent","Action, Adventure, Comedy",120
215,b1388,Around the World in 80 Days,2004,Frank Coraci,"Jackie Chan, Steve Coogan, Ewen Bremner, Robert Fyfe","Action & Adventure, Kids & Family, Comedy",119
216,c609,Pawn Shop Chronicles,2013,Wayne Kramer,"Paul Walker, Norman Reedus, Elijah Wood","Action, Comedy, Crime",112
216,a2878,Pawn Shop Chronicles,2013,Wayne Kramer,"Paul Walker, Norman Reedus, Elijah Wood","Action, Comedy, Crime",112
216,d1632,pawn shop chronicles,2013,Wayne Kramer,"Elijah Wood,Norman Reedus,Brendan Fraser,Vincent D'Onofrio,Paul Walker,Dj Qualls,Lukas Haas,Matt Dillon,Thomas Jane,Pell James","Action, Comedy",112
217,c2150,War,2007,Philip G. Atwell,"Jet Li, Jason Statham, Nadine Velazquez","Action, Crime, Thriller",103
217,a2607,War,2007,Philip G. Atwell,"Jet Li, Jason Statham, Nadine Velazquez","Action, Crime, Thriller",103
218,d2386,prince of persia: the sands of time,2010,Mike Newell,"Jake Gyllenhaal,Gemma Arterton,Ben Kingsley,Alfred Molina,Toby Kebbell","Action, Adventure, Fantasy, Science Fiction",116
218,a420,Prince of Persia: The Sands of Time,2010,Mike Newell,"Jake Gyllenhaal, Gemma Arterton, Ben Kingsley","Action, Adventure, Fantasy, Romance",116
218,c1425,Prince of Persia: The Sands of Time,2010,Mike Newell,"Jake Gyllenhaal, Gemma Arterton, Ben Kingsley","Action, Adventure, Fantasy",116
219,a1437,Exit Wounds,2001,Andrzej Bartkowiak,"Steven Seagal, DMX, Isaiah Washington","Action, Comedy, Crime, Drama, Thriller",101
219,c3058,Exit Wounds,2001,Andrzej Bartkowiak,"Steven Seagal, DMX, Isaiah Washington","Action, Comedy, Crime",101
219,b1250,Exit Wounds,2001,Andrzej Bartkowiak,"Steven Seagal, DMX, Isaiah Washington, Anthony Anderson",Action & Adventure,95
220,b34,Bad Ass,2012,Craig Moss,"Danny Trejo, Ron Perlman, Joyful Drake, Charles S. Dutton",Action & Adventure,90
220,a32,Bad Ass,2012,Craig Moss,"Danny Trejo, Charles S. Dutton, Ron Perlman","Action, Comedy, Crime",90
220,c1003,Bad Ass,2012,Craig Moss,"Danny Trejo, Charles S. Dutton, Ron Perlman","Action, Comedy, Crime",90
221,b1570,Walking Tall,2004,Kevin Bray,"Dwayne ""The Rock"" Jo..., Neal McDonough, Johnny Knoxville, John Beasley","Drama, Action & Adventure",86
221,a1792,Walking Tall,2004,Kevin Bray,"Dwayne Johnson, Ashley Scott, Johnny Knoxville","Action, Crime",86
221,c2618,Walking Tall,2004,Kevin Bray,"Dwayne Johnson, Ashley Scott, Johnny Knoxville","Action, Crime",86
222,c2102,TMNT,2007,Kevin Munroe,"Patrick Stewart, Mako, Chris Evans","Animation, Action, Adventure",87
222,a2601,TMNT,2007,Kevin Munroe,"Patrick Stewart, Mako, Chris Evans","Animation, Action, Adventure, Comedy, Family, Fantasy, Sci-Fi",87
222,b2373,TMNT,2007,Kevin Munroe,"Chris Evans, Sarah Michelle Gella..., Mako, Patrick Stewart","Action & Adventure, Animation, Science Fiction & Fantasy",86
223,d90,fur: an imaginary portrait of diane arbus,2006,Steven Shainberg,"Nicole Kidman,Robert Downey Jr.,Ty Burrell","Drama, Mystery, Romance",122
223,a2174,Fur: An Imaginary Portrait of Diane Arbus,2006,Steven Shainberg,"Nicole Kidman, Robert Downey Jr., Ty Burrell","Biography, Drama, Romance",122
224,a2640,All Is Lost,2013,J.C. Chandor,Robert Redford,"Action, Adventure, Drama",106
224,d1410,all is lost,2013,J.C. Chandor,Robert Redford,"Action, Adventure",106
224,c640,All Is Lost,2013,J.C. Chandor,Robert Redford,"Action, Adventure, Drama",106
224,b2410,All Is Lost,2013,J.C. Chandor,Robert Redford,"Mystery & Suspense, Action & Adventure",105
225,b1911,Flyboys,2006,Tony Bill,"James Franco, Martin Henderson, David Ellison, Jennifer Decker","Documentary, Drama, Action & Adventure",55
225,c2312,Flyboys,2006,Tony Bill,"James Franco, Jean Reno, Jennifer Decker","Action, Adventure, Drama",140
225,a2166,Flyboys,2006,Tony Bill,"James Franco, Jean Reno, Jennifer Decker","Action, Adventure, Drama, History, Romance, War",140
226,a586,Machine Gun Preacher,2011,Marc Forster,"Gerard Butler, Michelle Monaghan, Michael Shannon","Action, Biography, Crime, Drama",129
226,d2248,machine gun preacher,2011,Marc Forster,"Gerard Butler,Michael Shannon,Michelle Monaghan,Kathy Baker,Souleymane Sy Savane,Madeline Carroll","Action, Crime, Thriller",129
226,c1240,Machine Gun Preacher,2011,Marc Forster,"Gerard Butler, Michelle Monaghan, Michael Shannon","Action, Biography, Crime",129
227,d2339,the green hornet,2011,Michel Gondry,"Jay Chou,Cameron Diaz,Tom Wilkinson,Christoph Waltz,David Harbour,Edward James Olmos","Action, Comedy, Crime",119
227,c1176,The Green Hornet,2011,Michel Gondry,"Seth Rogen, Jay Chou, Christoph Waltz","Action, Comedy, Crime",119
227,a547,The Green Hornet,2011,Michel Gondry,"Seth Rogen, Jay Chou, Christoph Waltz","Action, Comedy, Crime, Sci-Fi, Thriller",119
227,b514,The Green Hornet,2011,Michel Gondry,"Seth Rogen, Jay Chou, Cameron Diaz, Tom Wilkinson","Action & Adventure, Science Fiction & Fantasy, Comedy",119
228,a426,Repo Men,2010,Miguel Sapochnik,"Jude Law, Forest Whitaker, Alice Braga","Action, Crime, Sci-Fi, Thriller",111
228,d2575,repo men,2010,Miguel Sapochnik,"Jude Law,Forest Whitaker,Liev Schreiber,Alice Braga,Carice van Houten,Chandler Canterbury,Joe Pingue","Action, Adventure, Science Fiction, Thriller",111
228,c1452,Repo Men,2010,Miguel Sapochnik,"Jude Law, Forest Whitaker, Alice Braga","Action, Crime, Sci-Fi",111
228,b406,Repo Men,2010,Miguel Sapochnik,"Jude Law, Forest Whitaker, Alice Braga, Liev Schreiber","Action & Adventure, Science Fiction & Fantasy",119
229,a841,Tropic Thunder,2008,Ben Stiller,"Ben Stiller, Jack Black, Robert Downey Jr.","Action, Comedy",107
229,b785,Tropic Thunder,2008,Ben Stiller,"Jack Black, Ben Stiller, Robert Downey Jr., Jay Baruchel",Comedy,107
229,c1964,Tropic Thunder,2008,Ben Stiller,"Ben Stiller, Jack Black, Robert Downey Jr.","Action, Comedy",107
229,d2995,tropic thunder,2008,Ben Stiller,"Ben Stiller,Jack Black,Robert Downey Jr.,Nick Nolte,Steve Coogan,Jay Baruchel,Danny McBride,Brandon T. Jackson,Bill Hader","Action, Comedy",107
230,d601,the 11th hour,2015,Anders Morgenthaler,"Kim Basinger,Jordan Prentice,Sebastian Schipper,Peter Stormare",Thriller,97
230,b2133,The 11th Hour,2015,Anders Morgenthaler,"Kim Basinger, Jordan Prentice, Peter Stormare, Sebastian Schipper",Drama,97
231,c2275,Talladega Nights: The Ballad of Ricky Bobby,2006,Adam McKay,"Will Ferrell, John C. Reilly, Sacha Baron Cohen","Action, Comedy, Sport",108
231,a2385,Talladega Nights: The Ballad of Ricky Bobby,2006,Adam McKay,"Will Ferrell, John C. Reilly, Sacha Baron Cohen","Action, Comedy, Sport",108
232,a2432,Ghost Rider,2007,Mark Steven Johnson,"Nicolas Cage, Eva Mendes, Sam Elliott","Action, Fantasy, Thriller",114
232,b2219,Ghost Rider,2007,Mark Steven Johnson,"Nicolas Cage, Eva Mendes, Wes Bentley, Sam Elliott","Action & Adventure, Horror, Mystery & Suspense",110
232,c2082,Ghost Rider,2007,Mark Steven Johnson,"Nicolas Cage, Eva Mendes, Sam Elliott","Action, Fantasy, Thriller",114
233,d1976,the amazing spider-man,2012,Marc Webb,"Andrew Garfield,Emma Stone,Rhys Ifans,Denis Leary,Martin Sheen,Sally Field","Action, Adventure, Thriller",136
233,b19,The Amazing Spider-Man,2012,Marc Webb,"Andrew Garfield, Emma Stone, Rhys Ifans, Denis Leary","Action & Adventure, Science Fiction & Fantasy",136
233,a17,The Amazing Spider-Man,2012,Marc Webb,"Andrew Garfield, Emma Stone, Rhys Ifans","Action, Adventure, Fantasy",136
233,c901,The Amazing Spider-Man,2012,Marc Webb,"Andrew Garfield, Emma Stone, Rhys Ifans","Action, Adventure, Fantasy",136
234,c897,Red Tails,2012,Anthony Hemingway,"Cuba Gooding Jr., Gerald McRaney, David Oyelowo","Action, Adventure, Drama",125
234,d2167,red tails,2012,Anthony Hemingway,"Terrence Howard,Cuba Gooding Jr.,Bryan Cranston,Joshua Dallas,Daniela Ruah,David Oyelowo,Gerald McRaney,Ne-Yo","Action, Adventure, Drama, History, War",125
234,b223,Red Tails,2012,Anthony Hemingway,"Terrence Howard, Cuba Gooding Jr., Bryan Cranston, Nate Parker",Drama,120
234,a227,Red Tails,2012,Anthony Hemingway,"Cuba Gooding Jr., Gerald McRaney, David Oyelowo","Action, Adventure, Drama, History, War",125
235,a923,Dragonball: Evolution,2009,James Wong,"Justin Chatwin, James Marsters, Yun-Fat Chow","Action, Adventure, Fantasy, Sci-Fi, Thriller",85
235,c1738,Dragonball: Evolution,2009,James Wong,"Justin Chatwin, James Marsters, Yun-Fat Chow","Action, Adventure, Fantasy",85
235,b860,Dragonball Evolution,2009,James Wong,"Justin Chatwin, James Marsters, Jamie Chung, Emmy Rossum","Action & Adventure, Science Fiction & Fantasy",85
236,b1456,Hellboy II: The Golden Army (Hellboy 2),2008,Guillermo del Toro,"Ron Perlman, Selma Blair, Doug Jones, Jeffrey Tambor","Action & Adventure, Mystery & Suspense, Science Fiction & Fantasy",120
236,a743,Hellboy II: The Golden Army,2008,Guillermo del Toro,"Ron Perlman, Selma Blair, Doug Jones","Action, Adventure, Fantasy, Sci-Fi",120
236,d3006,hellboy ii: the golden army,2008,Guillermo Del Toro,"Ron Perlman,Selma Blair,Doug Jones,John Alexander/James Dodd,Anna Walton,Luke Goss,Jeffrey Tambor","Action, Adventure, Comedy, Fantasy, Science Fiction, Thriller",120
236,c1899,Hellboy II: The Golden Army,2008,Guillermo del Toro,"Ron Perlman, Selma Blair, Doug Jones","Action, Adventure, Fantasy",120
237,d2092,journey 2: mysterious island,2012,Brad Peyton,"Dwayne Johnson,Michael Caine,Josh Hutcherson,Vanessa Hudgens,Luis Guzman","Action, Adventure, Science Fiction",94
237,a174,Journey 2: The Mysterious Island,2012,Brad Peyton,"Josh Hutcherson, Dwayne Johnson, Michael Caine","Action, Adventure, Comedy, Family, Fantasy, Sci-Fi",94
237,b171,Journey 2: The Mysterious Island,2012,Brad Peyton,"Dwayne ""The Rock"" Jo..., Michael Caine, Josh Hutcherson, Luis Guzman","Action & Adventure, Kids & Family, Science Fiction & Fantasy",94
237,c921,Journey 2: The Mysterious Island,2012,Brad Peyton,"Josh Hutcherson, Dwayne Johnson, Michael Caine","Action, Adventure, Comedy",94
238,b2195,Delta Farce,2007,C.B. Harding,"Larry The Cable Guy, Bill Engvall, D.J. Qualls, Danny Trejo","Action & Adventure, Comedy",89
238,a1153,Delta Farce,2007,C.B. Harding,"Larry the Cable Guy, Bill Engvall, DJ Qualls","Action, Adventure, Comedy",90
238,c2168,Delta Farce,2007,C.B. Harding,"Larry the Cable Guy, Bill Engvall, DJ Qualls","Action, Adventure, Comedy",90
239,a2311,Pirates of the Caribbean: Dead Man's Chest,2006,Gore Verbinski,"Johnny Depp, Orlando Bloom, Keira Knightley","Action, Adventure, Fantasy",151
239,c2259,Pirates of the Caribbean: Dead Man's Chest,2006,Gore Verbinski,"Johnny Depp, Orlando Bloom, Keira Knightley","Action, Adventure, Fantasy",151
240,a756,Jumper,2008,Doug Liman,"Hayden Christensen, Samuel L. Jackson, Jamie Bell","Action, Adventure, Sci-Fi, Thriller",88
240,c1923,Jumper,2008,Doug Liman,"Hayden Christensen, Samuel L. Jackson, Jamie Bell","Action, Adventure, Sci-Fi",88
240,b707,Jumper,2008,Doug Liman,"Hayden Christensen, Jamie Bell, Samuel L. Jackson, Rachel Bilson","Drama, Action & Adventure, Science Fiction & Fantasy",88
240,d3119,jumper,2008,Doug Liman,"Hayden Christensen,Jamie Bell,Rachel Bison,Dine Lane,Samuel L. Jackson,Michael Rooker","Action, Adventure, Science Fiction, Thriller",88
241,c1214,Killer Elite,2011,Gary McKendry,"Jason Statham, Clive Owen, Robert De Niro","Action, Crime, Thriller",116
241,d2245,killer elite,2011,Gary Mc,"Jason Statham,Clive Owen,Robert De Niro,Dominic Purcell,Aden Young","Action, Adventure, Thriller",116
241,a579,Killer Elite,2011,Gary McKendry,"Jason Statham, Clive Owen, Robert De Niro","Action, Crime, Thriller",116
241,b544,Killer Elite,2011,Gary McKendry,"Jason Statham, Clive Owen, Robert De Niro, Yvonne Strahovski","Mystery & Suspense, Action & Adventure",117
242,b1251,The Fast and the Furious,2001,Rob Cohen,"Paul Walker, Vin Diesel, Michelle Rodriguez, Jordana Brewster","Drama, Action & Adventure",107
242,a1438,The Fast and the Furious,2001,Rob Cohen,"Vin Diesel, Paul Walker, Michelle Rodriguez","Action, Crime, Thriller",106
242,c3053,The Fast and the Furious,2001,Rob Cohen,"Vin Diesel, Paul Walker, Michelle Rodriguez","Action, Crime, Thriller",106
243,a724,The Forbidden Kingdom,2008,Rob Minkoff,"Jackie Chan, Jet Li, Michael Angarano","Action, Adventure, Fantasy, Romance",104
243,b676,The Forbidden Kingdom,2008,Rob Minkoff,"Jackie Chan, Jet Li, Michael Angarano, Collin Chou",Action & Adventure,104
243,c1953,The Forbidden Kingdom,2008,Rob Minkoff,"Jackie Chan, Jet Li, Michael Angarano","Action, Adventure, Fantasy",104
244,d1627,the wolverine,2013,James Mangold,"Hugh Jackman,Brian Tee,Will Yun Lee,Svetlana Khodchenkova,Hiroyuki Sanada,Tao Okamoto,Hal Yamanouchi,Rila Fukushima","Action, Adventure, Fantasy, Science Fiction",126
244,a2969,The Wolverine,2013,James Mangold,"Hugh Jackman, Will Yun Lee, Tao Okamoto","Action, Adventure, Sci-Fi, Thriller",126
244,c584,The Wolverine,2013,James Mangold,"Hugh Jackman, Will Yun Lee, Tao Okamoto","Action, Adventure, Sci-Fi",126
244,b2713,The Wolverine,2013,James Mangold,"Hugh Jackman, Tao Okamoto, Rila Fukushima, Hiroyuki Sanada",Action & Adventure,136
245,c2645,The Bourne Supremacy,2004,Paul Greengrass,"Matt Damon, Franka Potente, Joan Allen","Action, Thriller",108
245,a1615,The Bourne Supremacy,2004,Paul Greengrass,"Matt Damon, Franka Potente, Joan Allen","Action, Thriller",108
245,b1403,The Bourne Supremacy,2004,Paul Greengrass,"Matt Damon, Franka Potente, Brian Cox, Julia Stiles","Drama, Action & Adventure, Mystery & Suspense",108
246,c2137,Fantastic 4: Rise of the Silver Surfer,2007,Tim Story,"Ioan Gruffudd, Jessica Alba, Chris Evans","Action, Adventure, Fantasy",92
246,a1166,Fantastic 4: Rise of the Silver Surfer,2007,Tim Story,"Ioan Gruffudd, Jessica Alba, Chris Evans","Action, Adventure, Fantasy, Sci-Fi, Thriller",92
247,b689,Hancock,2008,Peter Berg,"Will Smith, Charlize Theron, Jason Bateman, Eddie Marsan","Drama, Action & Adventure, Comedy",92
247,d3003,hancock,2008,Peter Berg,"Will Smith,Charlize Theron,Jason Bateman,Jae Head,Eddie Marsan,David Mattey","Action, Adventure, Comedy, Fantasy, Thriller",92
247,c1908,Hancock,2008,Peter Berg,"Will Smith, Charlize Theron, Jason Bateman","Action, Fantasy",92
247,a737,Hancock,2008,Peter Berg,"Will Smith, Charlize Theron, Jason Bateman","Action, Fantasy",92
248,d2509,the last song,2010,Julie Anne Robinson,,"Drama, Family, Romance",107
248,a380,The Last Song,2010,Julie Anne Robinson,"Miley Cyrus, Liam Hemsworth, Greg Kinnear","Drama, Romance",107
248,d2551,the last station,2010,Michael Hoffman,"Christopher Plummer,Helen Mirren,Paul Giamatti,James McAvoy,Kerry Condon","Drama, Foreign, Romance",112
248,b362,The Last Song,2010,Julie Anne Robinson,"Miley Cyrus, Greg Kinnear, Bobby Coleman, Liam Hemsworth","Drama, Kids & Family, Romance",107
249,a510,Colombiana,2011,Olivier Megaton,"Zoe Saldana, Michael Vartan, Callum Blue","Action, Crime, Drama, Thriller",108
249,b482,Colombiana,2011,Olivier Megaton,"Zoe Saldana, Lennie James, Michael Vartan, Cliff Curtis","Drama, Action & Adventure, Mystery & Suspense",108
249,c1267,Colombiana,2011,Olivier Megaton,"Zoe Saldana, Michael Vartan, Callum Blue","Action, Crime, Drama",108
250,a2191,The Guardian,2006,Andrew Davis,"Kevin Costner, Ashton Kutcher, Sela Ward","Action, Adventure, Drama",139
250,b1931,The Guardian,2006,Andrew Davis,"Kevin Costner, Ashton Kutcher, Sela Ward, Melissa Sagemiller","Drama, Action & Adventure",15
250,c2272,The Guardian,2006,Andrew Davis,"Kevin Costner, Ashton Kutcher, Sela Ward","Action, Adventure, Drama",139
251,c1732,Ice Age: Dawn of the Dinosaurs,2009,Carlos Saldanha,"Ray Romano, John Leguizamo, Denis Leary","Animation, Action, Adventure",94
251,a964,Ice Age: Dawn of the Dinosaurs,2009,Carlos Saldanha,"Ray Romano, John Leguizamo, Denis Leary","Animation, Action, Adventure, Comedy, Family",94
252,d1803,the last stand,2013,Jee-woon Kim,"Arnold Schwarzenegger,Forest Whitaker,Eduardo Noriega,Luis Guzman,Peter Stormare,Johnny Knoxville","Action, Crime, Thriller",107
252,a2823,The Last Stand,2013,Jee-woon Kim,"Arnold Schwarzenegger, Forest Whitaker, Johnny Knoxville","Action, Crime, Thriller",107
252,c592,The Last Stand,2013,Jee-woon Kim,"Arnold Schwarzenegger, Forest Whitaker, Johnny Knoxville","Action, Crime, Thriller",107
252,b2579,The Last Stand,2013,Kim Jee-woon,"Arnold Schwarzenegge..., Forest Whitaker, Johnny Knoxville, Harry Dean Stanton","Mystery & Suspense, Action & Adventure",107
253,a457,TRON: Legacy,2010,Joseph Kosinski,"Jeff Bridges, Garrett Hedlund, Olivia Wilde","Action, Adventure, Fantasy, Sci-Fi",125
253,d2294,tron: legacy,2010,Joseph Kosinski,"Garrett Hedlund,Olivia Wilde,James Frain","Action, Adventure, Family, Science Fiction, Thriller",125
253,c1460,TRON: Legacy,2010,Joseph Kosinski,"Jeff Bridges, Garrett Hedlund, Olivia Wilde","Action, Adventure, Fantasy",125
254,b2505,Gangster Squad,2013,Ruben Fleischer,"Ryan Gosling, Josh Brolin, Nick Nolte, Sean Penn",Drama,110
254,c574,Gangster Squad,2013,Ruben Fleischer,"Sean Penn, Ryan Gosling, Emma Stone","Action, Crime, Drama",113
254,a2742,Gangster Squad,2013,Ruben Fleischer,"Sean Penn, Ryan Gosling, Emma Stone","Action, Crime, Drama, Thriller",113
255,a1281,Mercy Streets,2000,Jon Gunn,"Eric Roberts, David A.R. White, Cynthia Watros","Action, Drama, Crime",106
255,b1105,Mercy Streets,2000,Jon Gunn,"Eric Roberts, Stacy Keach, David A.R. White, Cynthia M. Watros","Drama, Faith & Spirituality",108
255,c3239,Mercy Streets,2000,Jon Gunn,"Eric Roberts, David A.R. White, Cynthia Watros","Action, Drama, Crime",106
256,c2506,Four Brothers,2005,John Singleton,"Mark Wahlberg, Tyrese Gibson, Garrett Hedlund","Action, Crime, Drama",109
256,b1645,Four Brothers,2005,John Singleton,"Mark Wahlberg, Tyrese Gibson, Andr Benjamin, Garrett Hedlund","Drama, Action & Adventure",108
256,a1874,Four Brothers,2005,John Singleton,"Mark Wahlberg, Tyrese Gibson, Garrett Hedlund","Action, Crime, Drama, Mystery, Thriller",109
257,a1932,Man of the House,2005,Stephen Herek,"Tommy Lee Jones, Christina Milian, Kelli Garner","Action, Comedy",100
257,c2425,Man of the House,2005,Stephen Herek,"Tommy Lee Jones, Christina Milian, Kelli Garner","Action, Comedy",100
257,b1701,Man of the House,2005,Stephen Herek,"Tommy Lee Jones, Cedric the Entertain..., Christina Milian, Paula Garcs","Action & Adventure, Comedy",100
258,a758,Kung Fu Panda,2008,Mark Osborne,"Jack Black, Ian McShane, Angelina Jolie","Animation, Action, Adventure, Comedy, Family",92
258,c1905,Kung Fu Panda,2008,Mark Osborne,"Jack Black, Ian McShane, Angelina Jolie","Animation, Action, Adventure",92
258,d3019,kung fu panda,2008,"John Stevenson,Mark Osborne","Jack Black,Dustin Hoffman,Angelina Jolie,Ian McShane,Seth Rogen,Lucy Liu,David Cross,Randall Duk Kim,James Hong,Dan Fogler,Michael Clarke Duncan,Jackie Chan","Animation, Family",90
259,a971,The International,2009,Tom Tykwer,"Clive Owen, Naomi Watts, Armin Mueller-Stahl","Action, Crime, Drama, Mystery, Thriller",118
259,c1707,The International,2009,Tom Tykwer,"Clive Owen, Naomi Watts, Armin Mueller-Stahl","Action, Crime, Drama",118
259,d2852,the international,2009,Tom Tykwer,"Clive Owen,Naomi Watts,Armin Mueller-Stahl,Brian F. O'Byrne,James Rebhorn","Action, Adventure, Crime, Mystery, Thriller",118
260,c597,A Good Day to Die Hard,2013,John Moore,"Bruce Willis, Jai Courtney, Sebastian Koch","Action, Crime, Thriller",98
260,a2750,A Good Day to Die Hard,2013,John Moore,"Bruce Willis, Jai Courtney, Sebastian Koch","Action, Crime, Thriller",98
260,d1741,a good day to die hard,2013,John Moore,"Bruce Willis,Jai Courtney,Sebastian Koch,Cole Hauser,Yuliya Snigir","Action, Thriller",97
260,b2513,A Good Day To Die Hard,2013,John Moore,"Jai Courtney, Bruce Willis, Sebastian Koch, Mary Elizabeth Winst...",Action & Adventure,97
261,a1105,Aqua Teen Hunger Force Colon Movie Film for Theaters,2007,Matt Maiellaro,"Dana Snyder, Dave Willis, Carey Means","Animation, Action, Adventure, Comedy, Fantasy, Sci-Fi",86
261,b2152,Aqua Teen Hunger Force Colon Movie Film for Theaters,2007,Matt Maiellaro,"Dana Snyder, Dave Willis, Carey Means, Andy Merrill","Action & Adventure, Animation, Comedy",86
261,c2103,Aqua Teen Hunger Force Colon Movie Film for Theaters,2007,Matt Maiellaro,"Dana Snyder, Dave Willis, Carey Means","Animation, Action, Adventure",86
262,c2607,Six: The Mark Unleashed,2004,Kevin Downes,"Stephen Baldwin, David A.R. White, Kevin Downes","Action, Drama, Sci-Fi",104
262,a1758,Six: The Mark Unleashed,2004,Kevin Downes,"Stephen Baldwin, David A.R. White, Kevin Downes","Action, Drama, Sci-Fi, Thriller",104
263,c1223,The Three Musketeers,2011,Paul W.S. Anderson,"Logan Lerman, Matthew Macfadyen, Ray Stevenson","Action, Adventure, Romance",110
263,a650,The Three Musketeers,2011,Paul W.S. Anderson,"Logan Lerman, Matthew Macfadyen, Ray Stevenson","Action, Adventure, Romance",110
263,b610,The Three Musketeers,2011,Paul W.S. Anderson,"Logan Lerman, Orlando Bloom, Milla Jovovich, Christoph Waltz","Action & Adventure, Romance",110
264,c950,Safe,2012,Boaz Yakin,"Jason Statham, Catherine Chan, Chris Sarandon","Action, Crime, Thriller",94
264,a232,Safe,2012,Boaz Yakin,"Jason Statham, Catherine Chan, Chris Sarandon","Action, Crime, Thriller",94
265,c1694,Star Trek,2009,J.J. Abrams,"Chris Pine, Zachary Quinto, Simon Pegg","Action, Adventure, Sci-Fi",127
265,a1049,Star Trek,2009,J.J. Abrams,"Chris Pine, Zachary Quinto, Simon Pegg","Action, Adventure, Sci-Fi",127
265,b976,Star Trek,2009,J.J. Abrams,"Chris Pine, Zachary Quinto, Leonard Nimoy, Karl Urban","Drama, Action & Adventure, Science Fiction & Fantasy",127
265,d2764,star trek,2009,J. J. Abrams,"Chris Pine,Zachary Quinto,Leonard Nimoy,Eric Bana,Bruce Greenwood,Zoe Saldana,John Cho,Anton Yelchin,Ben Cross,Winona Ryder,Chris Hemsworth,Jennifer Morrison","Action, Adventure, Science Fiction",127
266,c1686,Terminator Salvation,2009,McG,"Christian Bale, Sam Worthington, Anton Yelchin","Action, Sci-Fi",115
266,b983,Terminator Salvation,2009,McG,"Christian Bale, Sam Worthington, Anton Yelchin, Moon Bloodgood","Drama, Action & Adventure, Mystery & Suspense, Science Fiction & Fantasy",115
266,a1058,Terminator Salvation,2009,McG,"Christian Bale, Sam Worthington, Anton Yelchin","Action, Sci-Fi",115
267,d1781,safe haven,2013,Lasse Hallstrom,"Julianne Hough,Josh Duhamel,Cobie Smulders,David Lyons",Romance,
267,b2649,Safe Haven,2013,Lasse Hallstrom,"Josh Duhamel, Julianne Hough, Cobie Smulders, David Lyons","Drama, Romance, Special Interest",115
267,a2903,Safe Haven,2013,Lasse Hallström,"Julianne Hough, Josh Duhamel, Cobie Smulders","Drama, Romance, Thriller",115
268,b1467,The Incredibles,2004,Brad Bird,"Craig T. Nelson, Holly Hunter, Samuel L. Jackson, Jason Lee","Animation, Kids & Family, Comedy",115
268,a1683,The Incredibles,2004,Brad Bird,"Craig T. Nelson, Samuel L. Jackson, Holly Hunter","Animation, Action, Adventure, Family",115
268,c2589,The Incredibles,2004,Brad Bird,"Craig T. Nelson, Samuel L. Jackson, Holly Hunter","Animation, Action, Adventure",115
269,c3033,The Mummy Returns,2001,Stephen Sommers,"Brendan Fraser, Rachel Weisz, John Hannah","Action, Adventure, Fantasy",130
269,b1310,The Mummy Returns,2001,Stephen Sommers,"Brendan Fraser, Rachel Weisz, John Hannah, Arnold Vosloo","Action & Adventure, Horror, Mystery & Suspense",129
269,a1507,The Mummy Returns,2001,Stephen Sommers,"Brendan Fraser, Rachel Weisz, John Hannah","Action, Adventure, Fantasy",130
270,b1486,Man on Fire,2004,Tony Scott,"Denzel Washington, Dakota Fanning, Marc Anthony, Radha Mitchell","Drama, Action & Adventure, Mystery & Suspense",146
270,c2596,Man on Fire,2004,Tony Scott,"Denzel Washington, Christopher Walken, Dakota Fanning","Action, Crime, Drama",146
270,a1702,Man on Fire,2004,Tony Scott,"Denzel Washington, Christopher Walken, Dakota Fanning","Action, Crime, Drama, Thriller",146
271,a381,Leap Year,2010,Anand Tucker,"Amy Adams, Matthew Goode, Adam Scott","Comedy, Romance",100
271,b363,Leap Year,2010,Anand Tucker,"Amy Adams, Matthew Goode, Adam Scott, John Lithgow","Comedy, Romance",101
271,d2643,leap year,2010,Anand Tucker,"Amy Adams,Matthew Goode,Adam Scott,John Lithgow","Comedy, Romance",100
272,a617,Red State,2011,Kevin Smith,"Michael Parks, Melissa Leo, John Goodman","Action, Crime, Horror, Thriller",88
272,b580,Red State,,Kevin Smith,"Michael Parks, Melissa Leo, John Goodman, Kyle Gallner","Mystery & Suspense, Horror",88
272,c1172,Red State,2011,Kevin Smith,"Michael Parks, Melissa Leo, John Goodman","Action, Crime, Horror",88
273,a357,Hubble 3D,2010,Toni Myers,"Leonardo DiCaprio, K. Megan McArthur, Scott D. Altman","Documentary, Short",40
273,b343,Hubble 3D,2010,Toni Myers,"Leonardo DiCaprio, Scott D. Altman, Gregory C. Johnson, Andrew J. Feustel","Documentary, Drama",44
273,d2527,hubble 3d,2010,Toni Myers,,Documentary,44
274,b1019,Battlefield Earth,2000,Roger Christian,"John Travolta, Barry Pepper, Forest Whitaker, Kim Coates","Action & Adventure, Horror, Science Fiction & Fantasy",118
274,a1188,Battlefield Earth,2000,Roger Christian,"John Travolta, Forest Whitaker, Barry Pepper","Action, Adventure, Sci-Fi",118
274,c3192,Battlefield Earth,2000,Roger Christian,"John Travolta, Forest Whitaker, Barry Pepper","Action, Adventure, Sci-Fi",118
275,c1944,Bangkok Dangerous,2008,Oxide Pang Chun,"Nicolas Cage, Charlie Yeung, Shahkrit Yamnarm","Action, Crime, Thriller",99
275,b636,Bangkok Dangerous,2008,Oxide Pang Chun,"Nicolas Cage, Charlie Yeung, Chakrit Yamnarm, James With","Drama, Action & Adventure, Mystery & Suspense",99
275,a681,Bangkok Dangerous,2008,Oxide Pang Chun,"Nicolas Cage, Charlie Yeung, Shahkrit Yamnarm","Action, Crime, Thriller",99
276,c3078,See Spot Run,2001,John Whitesell,"David Arquette, Michael Clarke Duncan, Leslie Bibb","Action, Comedy, Crime",94
276,a1546,See Spot Run,2001,John Whitesell,"David Arquette, Michael Clarke Duncan, Leslie Bibb","Action, Comedy, Crime, Family",94
276,b1344,See Spot Run,2001,John Whitesell,"David Arquette, Michael Clarke Dunca..., Leslie Bibb, Joe Viterelli","Comedy, Kids & Family",94
277,b559,Mission: Impossible Ghost Protocol,2011,Brad Bird,"Tom Cruise, Jeremy Renner, Simon Pegg, Paula Patton","Mystery & Suspense, Action & Adventure",132
277,a594,Mission: Impossible - Ghost Protocol,2011,Brad Bird,"Tom Cruise, Jeremy Renner, Simon Pegg","Action, Adventure, Thriller",133
277,d2157,mission: impossible -- ghost protocol,2011,Brad Bird,"Tom Cruise,Jeremy Renner,Simon Pegg,Paula Patton,Michael Nyqvist","Action, Adventure, Thriller",133
277,c1185,Mission: Impossible - Ghost Protocol,2011,Brad Bird,"Tom Cruise, Jeremy Renner, Simon Pegg","Action, Adventure, Thriller",133
278,a1810,The Adventures of Sharkboy and Lavagirl 3-D,2005,Robert Rodriguez,"Cayden Boyd, George Lopez, Kristin Davis","Action, Adventure, Family, Fantasy",93
278,c2501,The Adventures of Sharkboy and Lavagirl 3-D,2005,Robert Rodriguez,"Cayden Boyd, George Lopez, Kristin Davis","Action, Adventure, Family",93
279,a847,Vantage Point,2008,Pete Travis,"Dennis Quaid, Forest Whitaker, Matthew Fox","Action, Crime, Drama, Thriller",90
279,c1906,Vantage Point,2008,Pete Travis,"Dennis Quaid, Forest Whitaker, Matthew Fox","Action, Crime, Drama",90
279,b791,Vantage Point,2008,Pete Travis (II),"Dennis Quaid, Matthew Fox, Forest Whitaker, Sigourney Weaver","Drama, Action & Adventure, Mystery & Suspense",90
280,d2702,9,2009,Shane Acker,"Elijah Wood,John C. Reilly,Jennifer Connelly,Christopher Plummer,Crispin Glover,Martin Landau,Fred Tatasciore,Alan Oppenheimer,Tom Kane,Helen Wilson","Action, Adventure, Animation, Drama, Romance",79
280,a870,9,2009,Shane Acker,"Elijah Wood, Jennifer Connelly, Crispin Glover","Animation, Action, Adventure, Drama, Fantasy, Mystery, Sci-Fi, Thriller",79
280,c1692,9,2009,Shane Acker,"Elijah Wood, Jennifer Connelly, Crispin Glover","Animation, Action, Adventure",79
281,c2449,Into the Blue,2005,John Stockwell,"Paul Walker, Jessica Alba, Scott Caan","Action, Adventure, Crime",110
281,b1677,Into the Blue,2005,John Stockwell,"Paul Walker, Jessica Alba, Scott Caan, Ashley Scott","Mystery & Suspense, Action & Adventure",110
281,a1906,Into the Blue,2005,John Stockwell,"Paul Walker, Jessica Alba, Scott Caan","Action, Adventure, Crime, Thriller",110
282,a1650,Drum,1976,Steve Carver,"Warren Oates, Isela Vega, Ken Norton","Action, Drama",110
282,c5697,Drum,1976,Steve Carver,"Warren Oates, Isela Vega, Ken Norton","Action, Drama",110
283,d2420,the last airbender,2010,M. Night Shyamalan,"Noah Ringer,Dev Patel,Nicola Peltz,Jackson Rathbone,Shaun Toub,Aasif Mandvi,Cliff Curtis","Action, Adventure, Family, Fantasy, Science Fiction",103
283,a378,The Last Airbender,2010,M. Night Shyamalan,"Noah Ringer, Nicola Peltz, Jackson Rathbone","Action, Adventure, Family, Fantasy",103
283,c1433,The Last Airbender,2010,M. Night Shyamalan,"Noah Ringer, Nicola Peltz, Jackson Rathbone","Action, Adventure, Family",103
283,b360,The Last Airbender,2010,M. Night Shyamalan,"Noah Ringer, Dev Patel, Nicola Peltz, Jackson Rathbone","Action & Adventure, Kids & Family, Science Fiction & Fantasy",103
284,a1313,Reindeer Games,2000,John Frankenheimer,"Ben Affleck, Gary Sinise, Charlize Theron","Action, Crime, Drama, Thriller",104
284,b1136,Reindeer Games (Deception),2000,John Frankenheimer,"Ben Affleck, Gary Sinise, Charlize Theron, Dennis Farina","Drama, Action & Adventure, Mystery & Suspense",104
284,c3190,Reindeer Games,2000,John Frankenheimer,"Ben Affleck, Gary Sinise, Charlize Theron","Action, Crime, Drama",104
285,d2867,madagascar: escape 2 africa,2008,"Eric Darnell,Tom McGrath","Ben Stiller,Chris Rock,David Schwimmer,Jada Pinkett Smith,Sacha Baron Cohen,Cedric The Entertainer,Andy Richter,Bernie Mac,Alec Baldwin,Sherri Shepherd,will.i.am","Action, Adventure, Animation, Family",89
285,b716,Madagascar: Escape 2 Africa,2008,Tom McGrath,"Ben Stiller, Chris Rock, David Schwimmer, Jada Pinkett Smith","Action & Adventure, Animation, Kids & Family, Comedy",89
285,c1919,Madagascar: Escape 2 Africa,2008,Eric Darnell,"Ben Stiller, Chris Rock, David Schwimmer","Animation, Action, Adventure",89
285,a766,Madagascar: Escape 2 Africa,2008,Eric Darnell,"Ben Stiller, Chris Rock, David Schwimmer","Animation, Action, Adventure, Comedy, Family",89
286,c2317,Alex Rider: Operation Stormbreaker,2006,Geoffrey Sax,"Alex Pettyfer, Mickey Rourke, Sophie Okonedo","Action, Adventure, Family",93
286,a2377,Alex Rider: Operation Stormbreaker,2006,Geoffrey Sax,"Alex Pettyfer, Mickey Rourke, Sophie Okonedo","Action, Adventure, Family, Thriller",93
286,b2093,Alex Rider: Operation Stormbreaker,2006,Geoffrey Sax,"Alex Pettyfer, Ewan McGregor, Mickey Rourke, Bill Nighy","Action & Adventure, Kids & Family, Mystery & Suspense",92
287,b2162,Beowulf,2007,Robert Zemeckis,"Ray Winstone, Anthony Hopkins, John Malkovich, Robin Wright","Action & Adventure, Animation, Science Fiction & Fantasy",114
287,d3057,beowulf,2007,Robert Zemeckis,"Ray Winstone,Anthony Hopkins,John Malkovich,Brendan Gleeson,Crispin Glover,Angelina Jolie","Action, Adventure, Animation",115
287,c2098,Beowulf,2007,Robert Zemeckis,"Ray Winstone, Crispin Glover, Angelina Jolie","Animation, Action, Adventure",115
287,a1117,Beowulf,2007,Robert Zemeckis,"Ray Winstone, Crispin Glover, Angelina Jolie","Animation, Action, Adventure, Fantasy",115
288,b2601,Medora,2013,Andrew Cohn,"Dylan McSoley, Rusty Rogers, Robby Armstrong, Chaz Cowles","Documentary, Special Interest",82
288,a2849,Medora,2013,Andrew Cohn,,"Documentary, Sport",100
289,a2347,Scoop,2006,Woody Allen,"Scarlett Johansson, Hugh Jackman, Jim Dunk","Comedy, Mystery",96
289,d62,scoop,2006,Woody Allen,,"Comedy, Drama, Foreign, Mystery, Romance, Science Fiction, Thriller",96
289,b2066,Scoop,2006,Woody Allen,"Woody Allen, Hugh Jackman, Scarlett Johansson, Ian McShane","Romance, Mystery & Suspense, Comedy",96
290,d1588,bounty killer,2013,Henry Saine,"Matthew Marsden,Kristanna Loken,Christian Pitre,Barak Hardley,Abraham Benrubi,Gary Busey,Beverly D'Angelo,Eve,Kevin McNally,Alexa Vega",Action,93
290,b2445,Bounty Killer,2013,Henry Saine,"Gary Busey, Kristanna Loken, Matthew Marsden, Barak Hardley","Drama, Action & Adventure, Mystery & Suspense",92
290,a2674,Bounty Killer,2013,Henry Saine,"Matthew Marsden, Kristanna Loken, Christian Pitre","Action, Sci-Fi, Thriller",92
290,c719,Bounty Killer,2013,Henry Saine,"Matthew Marsden, Kristanna Loken, Christian Pitre","Action, Sci-Fi, Thriller",92
291,b702,The Incredible Hulk,2008,Louis Leterrier,"Edward Norton, Liv Tyler, Tim Roth, William Hurt","Action & Adventure, Science Fiction & Fantasy",112
291,d3021,the incredible hulk,2008,Louis Leterrier,"Edward Norton,Liv Tyler,Tim Roth,Tim Blake Nelson,William Hurt,Lou Ferrigno","Action, Science Fiction, Thriller",114
291,a751,The Incredible Hulk,2008,Louis Leterrier,"Edward Norton, Liv Tyler, Tim Roth","Action, Adventure, Sci-Fi",112
291,c1942,The Incredible Hulk,2008,Louis Leterrier,"Edward Norton, Liv Tyler, Tim Roth","Action, Adventure, Sci-Fi",112
292,b2565,G.I. Joe: The Rise of Cobra,2009,Stephen Sommers,"Adewale Akinnuoye-Ag..., Christopher Ecclesto..., Joseph Gordon-Levitt, Dennis Quaid","Action & Adventure, Science Fiction & Fantasy",118
292,a938,G.I. Joe: The Rise of Cobra,2009,Stephen Sommers,"Dennis Quaid, Channing Tatum, Marlon Wayans","Action, Adventure, Sci-Fi, Thriller",118
292,c1724,G.I. Joe: The Rise of Cobra,2009,Stephen Sommers,"Dennis Quaid, Channing Tatum, Marlon Wayans","Action, Adventure, Sci-Fi",118
292,d2679,g.i. joe: the rise of cobra,2009,Stephen Sommers,"Adewale Akinnuoye-Agbaje,Christopher Eccleston,Joseph Gordon-Levitt,Byung-hun Lee,Sienna Miller,Rachel Nichols,Ray Park,Jonathan Pryce,Said Taghmaoui,Channing Tatum,Marlon Wayans,Dennis Quaid","Action, Adventure, Science Fiction, Thriller",118
293,a1242,Gone in Sixty Seconds,2000,Dominic Sena,"Nicolas Cage, Angelina Jolie, Giovanni Ribisi","Action, Crime, Thriller",118
293,c3196,Gone in Sixty Seconds,2000,Dominic Sena,"Nicolas Cage, Angelina Jolie, Giovanni Ribisi","Action, Crime, Thriller",118
294,c911,Looper,2012,Rian Johnson,"Joseph Gordon-Levitt, Bruce Willis, Emily Blunt","Action, Crime, Sci-Fi",119
294,b185,Looper,2012,Rian Johnson,"Bruce Willis, Joseph Gordon-Levitt, Emily Blunt, Paul Dano","Action & Adventure, Mystery & Suspense, Science Fiction & Fantasy",119
294,a187,Looper,2012,Rian Johnson,"Joseph Gordon-Levitt, Bruce Willis, Emily Blunt","Action, Crime, Sci-Fi, Thriller",119
294,d1841,looper,2012,Rian Johnson,"Joseph Gordon-Levitt,Bruce Willis,Emily Blunt,Paul Dano,Jeff Daniels","Action, Science Fiction, Thriller",118
295,d576,sunshine superman,2015,Marah Strauch,,Documentary,100
295,b2365,Sunshine Superman,2015,Marah Strauch,"Marah Strauch, Christian Bruno, Cecilie Bull, Jake Suffian","Documentary, Special Interest",100
296,b2315,Pathfinder,2007,Marcus Nispel,"Karl Urban, Moon Bloodgood, Clancy Brown, Russell Means","Drama, Action & Adventure",99
296,a2541,Pathfinder,2007,Marcus Nispel,"Karl Urban, Clancy Brown, Moon Bloodgood","Action, Adventure, Drama, Thriller",99
296,c2100,Pathfinder,2007,Marcus Nispel,"Karl Urban, Clancy Brown, Moon Bloodgood","Action, Adventure, Drama",99
297,d1283,the unknown known,2014,Errol Morris,"Donald Rumsfeld,Kenn Medeiros,Errol Morris",Documentary,102
297,a2950,The Unknown Known,2014,Errol Morris,"Donald Rumsfeld, Errol Morris",Documentary,103
297,b2696,The Unknown Known,2014,Errol Morris,"Donald Rumsfeld, Errol Morris, Kenn Medeiros","Documentary, Special Interest",96
298,c1713,Surrogates,2009,Jonathan Mostow,"Bruce Willis, Radha Mitchell, Ving Rhames","Action, Sci-Fi, Thriller",89
298,b979,Surrogates,2009,Jonathan Mostow,"Bruce Willis, Radha Mitchell, Rosamund Pike, Boris Kodjoe","Action & Adventure, Mystery & Suspense, Science Fiction & Fantasy, Comedy",89
298,a1053,Surrogates,2009,Jonathan Mostow,"Bruce Willis, Radha Mitchell, Ving Rhames","Action, Sci-Fi, Thriller",89
299,c2304,Fearless,2006,Ronny Yu,"Jet Li, Li Sun, Yong Dong","Action, Biography, Drama",104
299,a2156,Fearless,2006,Ronny Yu,"Jet Li, Li Sun, Yong Dong","Action, Biography, Drama, Sport",104
300,c3100,Rush Hour 2,2001,Brett Ratner,"Jackie Chan, Chris Tucker, John Lone","Action, Comedy, Crime",90
300,a1538,Rush Hour 2,2001,Brett Ratner,"Jackie Chan, Chris Tucker, John Lone","Action, Comedy, Crime, Mystery, Thriller",90
300,b1337,Rush Hour 2,2001,Brett Ratner,"Jackie Chan, Chris Tucker, John Lone, Ziyi Zhang","Action & Adventure, Comedy",90
301,b545,Kung Fu Panda 2,2011,Jennifer Yuh,"Jack Black, Angelina Jolie, Dustin Hoffman, Gary Oldman","Action & Adventure, Animation, Kids & Family, Comedy",88
301,a580,Kung Fu Panda 2,2011,Jennifer Yuh,"Jack Black, Angelina Jolie, Jackie Chan","Animation, Action, Adventure, Comedy, Drama, Family",91
301,c1196,Kung Fu Panda 2,2011,Jennifer Yuh,"Jack Black, Angelina Jolie, Jackie Chan","Animation, Action, Adventure",91
302,b1423,Dawn of the Dead,2004,Zack Snyder,"Sarah Polley, Ving Rhames, Jake Weber, Mekhi Phifer","Drama, Horror, Mystery & Suspense",109
302,c2630,Dawn of the Dead,2004,Zack Snyder,"Sarah Polley, Ving Rhames, Mekhi Phifer","Action, Horror, Sci-Fi",101
302,a1640,Dawn of the Dead,2004,Zack Snyder,"Sarah Polley, Ving Rhames, Mekhi Phifer","Action, Horror, Sci-Fi, Thriller",101
303,a1388,American Outlaws,2001,Les Mayfield,"Colin Farrell, Scott Caan, Ali Larter","Action, Western",94
303,c3064,American Outlaws,2001,Les Mayfield,"Colin Farrell, Scott Caan, Ali Larter","Action, Western",94
303,b1208,American Outlaws,2001,Les Mayfield,"Colin Farrell, Scott Caan, Ali Larter, Gabriel Macht","Western, Action & Adventure",95
304,a2869,The Package,1989,Andrew Davis,"Gene Hackman, Tommy Lee Jones, Joanna Cassidy","Action, Crime, Drama, Thriller",108
304,b2618,The Package,1989,Andrew Davis,"Gene Hackman, Joanna Cassidy, Tommy Lee Jones, John Heard","Mystery & Suspense, Action & Adventure",108
304,c4584,The Package,1989,Andrew Davis,"Gene Hackman, Tommy Lee Jones, Joanna Cassidy","Action, Crime, Drama",108
305,b1424,The Day After Tomorrow,2004,Roland Emmerich,"Dennis Quaid, Jake Gyllenhaal, Emmy Rossum, Dash Mihok","Drama, Action & Adventure, Mystery & Suspense, Science Fiction & Fantasy",124
305,a1641,The Day After Tomorrow,2004,Roland Emmerich,"Dennis Quaid, Jake Gyllenhaal, Emmy Rossum","Action, Adventure, Sci-Fi, Thriller",124
305,c2591,The Day After Tomorrow,2004,Roland Emmerich,"Dennis Quaid, Jake Gyllenhaal, Emmy Rossum","Action, Adventure, Sci-Fi",124
306,d2550,from paris with love,2010,Pierre Morel,"John Travolta,Jonathan Rhys-Meyers,Kasia Smutniak,Richard Durden,Bing Yin","Action, Adventure, Crime, Foreign, Thriller",92
306,b325,From Paris with Love,2010,Pierre Morel,"John Travolta, Jonathan Rhys Meyers, Kasia Smutniak, Amber Rose Revah",Action & Adventure,92
306,a336,From Paris with Love,2010,Pierre Morel,"John Travolta, Jonathan Rhys Meyers, Kasia Smutniak","Action, Thriller",92
306,c1472,From Paris with Love,2010,Pierre Morel,"John Travolta, Jonathan Rhys Meyers, Kasia Smutniak","Action, Thriller",92
307,a903,Capitalism: A Love Story,2009,Michael Moore,"Michael Moore, Thora Birch, William Black",Documentary,127
307,d2658,capitalism: a love story,2009,Michael Moore,,"Comedy, Documentary",120
308,a802,Quantum of Solace,2008,Marc Forster,"Daniel Craig, Olga Kurylenko, Mathieu Amalric","Action, Adventure",106
308,c1948,Quantum of Solace,2008,Marc Forster,"Daniel Craig, Olga Kurylenko, Mathieu Amalric","Action, Adventure",106
308,b745,Quantum of Solace,2008,Marc Forster,"Daniel Craig, Olga Kurylenko, Mathieu Amalric, Judi Dench","Drama, Action & Adventure, Mystery & Suspense",105
308,d2870,quantum of solace,2008,Marc Forster,"Daniel Craig,Olga Kurylenko,Mathieu Amalric,Judi Dench,Giancarlo Giannini,Gemma Arterton,Jeffrey Wright,David Harbour","Action, Adventure, Crime, Foreign, Thriller",106
309,c2475,The Man,2005,Les Mayfield,"Samuel L. Jackson, Eugene Levy, Miguel Ferrer","Action, Comedy, Crime",83
309,a1931,The Man,2005,Les Mayfield,"Samuel L. Jackson, Eugene Levy, Miguel Ferrer","Action, Comedy, Crime",83
310,a1320,Romeo Must Die,2000,Andrzej Bartkowiak,"Jet Li, Aaliyah, Isaiah Washington","Action, Crime, Thriller",115
310,b1143,Romeo Must Die,2000,Andrzej Bartkowiak,"Jet Li, Aaliyah, Isaiah Washington, Russell Wong",Action & Adventure,115
310,c3178,Romeo Must Die,2000,Andrzej Bartkowiak,"Jet Li, Aaliyah, Isaiah Washington","Action, Crime, Thriller",115
311,a2651,Assault on Wall Street,2013,Uwe Boll,"Dominic Purcell, Erin Karpluk, Edward Furlong","Action, Drama, Thriller",99
311,c715,Assault on Wall Street,2013,Uwe Boll,"Dominic Purcell, Erin Karpluk, Edward Furlong","Action, Drama, Thriller",99
311,b2420,Assault On Wall Street,2013,Uwe Boll,"Dominic Purcell, Erin Karpluk, John Heard, Edward Furlong","Drama, Action & Adventure, Art House & International, Mystery & Suspense",97
312,c581,Riddick,2013,David Twohy,"Vin Diesel, Karl Urban, Katee Sackhoff","Action, Sci-Fi, Thriller",119
312,d1496,riddick,2013,David Twohy,"Vin Diesel,Karl Urban,Katee Sackhoff,Jordi Mollà,Bokeem Woodbine,Nolan Gerard Funk,Noah Danby,Neil Napier,Dave Bautista","Action, Science Fiction, Thriller",119
312,a2898,Riddick,2013,David Twohy,"Vin Diesel, Karl Urban, Katee Sackhoff","Action, Sci-Fi, Thriller",119
312,b2646,Riddick,2013,David Twohy,"Vin Diesel, Matt Nable, Karl Urban, Katee Sackhoff","Action & Adventure, Science Fiction & Fantasy",119
313,c2293,Ice Age: The Meltdown,2006,Carlos Saldanha,"Ray Romano, John Leguizamo, Denis Leary","Animation, Action, Adventure",91
313,a2214,Ice Age: The Meltdown,2006,Carlos Saldanha,"Ray Romano, John Leguizamo, Denis Leary","Animation, Action, Adventure, Comedy, Family, Fantasy",91
313,d190,ice age: the meltdown,2006,Carlos Saldanha,"Ray Romano,Denis Leary,Queen Latifah,Josh Peck,Jay Leno,Seann William Scott","Adventure, Animation, Family",91
314,c2270,Running Scared,2006,Wayne Kramer,"Paul Walker, Cameron Bright, Chazz Palminteri","Action, Crime, Drama",122
314,a2335,Running Scared,2006,Wayne Kramer,"Paul Walker, Cameron Bright, Chazz Palminteri","Action, Crime, Drama, Thriller",122
314,b2056,Running Scared,2006,Wayne Kramer,"Paul Walker, Cameron Bright, Vera Farmiga, Karel Roden","Drama, Action & Adventure, Mystery & Suspense",119
314,d327,running scared,2006,Wayne Kramer,"Paul Walker,Cameron Bright,Vera Farmiga,Chazz Palminteri,Alex Neuberger,Ivana Milicevic,Johnny Messner,Michael Cudlitz","Action, Adventure, Crime, Drama, Thriller",122
315,a409,The Other Guys,2010,Adam McKay,"Will Ferrell, Mark Wahlberg, Derek Jeter","Action, Comedy, Crime",107
315,c1525,The Other Guys,2010,Adam McKay,"Will Ferrell, Mark Wahlberg, Derek Jeter","Action, Comedy, Crime",107
315,b391,The Other Guys,2010,Adam McKay,"Will Ferrell, Mark Wahlberg, Eva Mendes, Michael Keaton","Action & Adventure, Comedy",107
316,d2027,lockout,2012,"Stephen St. Legal,James Mather","Guy Pearce,Maggie Grace,Vincent Regan,Peter Hudson,Peter Stormare","Action, Foreign, Science Fiction, Thriller",95
316,c936,Lockout,2012,James Mather,"Guy Pearce, Maggie Grace, Peter Stormare","Action, Drama, Sci-Fi",95
316,b182,Lockout,,James Mather,"Guy Pearce, Maggie Grace, Vincent Regan, Joseph Gilgun","Drama, Action & Adventure, Art House & International, Science Fiction & Fantasy",95
316,a184,Lockout,2012,James Mather,"Guy Pearce, Maggie Grace, Peter Stormare","Action, Drama, Sci-Fi, Thriller",95
317,a1330,Shaft,2000,John Singleton,"Samuel L. Jackson, Vanessa Williams, Christian Bale","Action, Crime, Thriller",99
317,c3176,Shaft,2000,John Singleton,"Samuel L. Jackson, Vanessa Williams, Christian Bale","Action, Crime, Thriller",99
317,b1152,Shaft,2000,John Singleton,"Samuel L. Jackson, Vanessa L. Williams, Jeffrey Wright, Christian Bale","Drama, Action & Adventure",98
318,a2223,Innerspace,1987,Joe Dante,"Dennis Quaid, Martin Short, Meg Ryan","Action, Adventure, Comedy, Fantasy, Sci-Fi, Thriller",120
318,c4824,Innerspace,1987,Joe Dante,"Dennis Quaid, Martin Short, Meg Ryan","Action, Adventure, Comedy",120
319,b170,John Carter,2012,Andrew Stanton,"Taylor Kitsch, Lynn Collins, Samantha Morton, Willem Dafoe","Action & Adventure, Horror, Kids & Family, Science Fiction & Fantasy",118
319,a173,John Carter,2012,Andrew Stanton,"Taylor Kitsch, Lynn Collins, Willem Dafoe","Action, Adventure, Fantasy, Sci-Fi",132
319,c896,John Carter,2012,Andrew Stanton,"Taylor Kitsch, Lynn Collins, Willem Dafoe","Action, Adventure, Fantasy",132
319,d2058,john carter,2012,Andrew Stanton,"Taylor Kitsch,Lynn Collins,Willem Dafoe,Thomas Haden Church,Samantha Morton,Dominic West,Ciaran Hinds","Action, Adventure, Fantasy, Science Fiction",132
320,b1161,Space Cowboys,2000,Clint Eastwood,"Clint Eastwood, Tommy Lee Jones, James Garner, Donald Sutherland","Drama, Action & Adventure, Science Fiction & Fantasy, Comedy",135
320,a1340,Space Cowboys,2000,Clint Eastwood,"Clint Eastwood, Tommy Lee Jones, Donald Sutherland","Action, Adventure, Thriller",130
320,c3195,Space Cowboys,2000,Clint Eastwood,"Clint Eastwood, Tommy Lee Jones, Donald Sutherland","Action, Adventure, Thriller",130
321,a2312,Poseidon,2006,Wolfgang Petersen,"Richard Dreyfuss, Kurt Russell, Emmy Rossum","Action, Adventure, Drama, Thriller",98
321,c2273,Poseidon,2006,Wolfgang Petersen,"Richard Dreyfuss, Kurt Russell, Emmy Rossum","Action, Adventure, Drama",98
321,d158,poseidon,2006,Wolfgang Petersen,"Josh Lucas,Kurt Russell,Jacinda Barrett,Richard Dreyfuss,Jimmy Bennett,Emmy Rossum,Andre Braugher","Action, Adventure, Disaster, Thriller",99
321,b2039,Poseidon,2006,Wolfgang Petersen,"Kurt Russell, Josh Lucas, Richard Dreyfuss, Andre Braugher","Drama, Action & Adventure",99
322,a375,Killers,2010,Robert Luketic,"Katherine Heigl, Ashton Kutcher, Tom Selleck","Action, Comedy, Romance, Thriller",100
322,c1459,Killers,2010,Robert Luketic,"Katherine Heigl, Ashton Kutcher, Tom Selleck","Action, Comedy, Romance",100
323,a940,Gamer,2009,Mark Neveldine,"Gerard Butler, Michael C. Hall, Ludacris","Action, Sci-Fi, Thriller",95
323,b878,Gamer,2009,Mark Neveldine,"Gerard Butler, Zoe Bell, Milo Ventimiglia, Alison Lohman","Action & Adventure, Mystery & Suspense, Science Fiction & Fantasy",95
323,c1721,Gamer,2009,Mark Neveldine,"Gerard Butler, Michael C. Hall, Ludacris","Action, Sci-Fi, Thriller",95
324,d374,a sinner in mecca,2015,Parvez Sharma,Parvez Sharma,Documentary,79
324,b2348,A Sinner in Mecca,2015,Parvez Sharma,,Documentary,79
325,d2338,the mechanic,2011,Simon West,"Jason Statham,Ben Foster,Tony Goldwyn,Donald Sutherland,Jeff Chase","Action, Adventure, Crime, Drama, Thriller",93
325,b557,The Mechanic,2011,Simon West,"Jason Statham, Ben Foster, Donald Sutherland, Tony Goldwyn","Drama, Action & Adventure, Mystery & Suspense",92
325,c1167,The Mechanic,2011,Simon West,"Jason Statham, Ben Foster, Donald Sutherland","Action, Crime, Thriller",93
325,a592,The Mechanic,2011,Simon West,"Jason Statham, Ben Foster, Donald Sutherland","Action, Crime, Thriller",93
326,a2853,The Mortal Instruments: City of Bones,2013,Harald Zwart,"Lily Collins, Jamie Campbell Bower, Robert Sheehan","Action, Adventure, Fantasy, Mystery, Romance",130
326,c591,The Mortal Instruments: City of Bones,2013,Harald Zwart,"Lily Collins, Jamie Campbell Bower, Robert Sheehan","Action, Adventure, Fantasy",130
326,d1499,the mortal instruments: city of bones,2013,Harald Zwart,"Lily Collins,Jamie Campbell Bower,Kevin Zegers,Jemima West,Robert Sheehan,Jared Harris,Lena Headey,Aidan Turner,Godfrey Gao","Action, Adventure, Drama",
327,a1044,A Single Man,2010,Tom Ford,"Colin Firth, Julianne Moore, Matthew Goode",Drama,99
327,b972,A Single Man,2009,Tom Ford,"Colin Firth, Julianne Moore, Matthew Goode, Nicholas Hoult",Drama,101
327,d2630,a single man,2009,Tom Ford,"Colin Firth,Julianne Moore,Nicholas Hoult,Matthew Goode","Drama, Romance",101
328,b1381,Agent Cody Banks 2: Destination London,2004,Kevin Allen,"Frankie Muniz, Anthony Anderson, Hannah Spearritt, Cynthia Stevenson","Action & Adventure, Kids & Family, Mystery & Suspense, Comedy",100
328,a1590,Agent Cody Banks 2: Destination London,2004,Kevin Allen,"Frankie Muniz, Anthony Anderson, Hannah Spearritt","Action, Adventure, Comedy, Family, Romance, Sci-Fi",100
328,c2623,Agent Cody Banks 2: Destination London,2004,Kevin Allen,"Frankie Muniz, Anthony Anderson, Hannah Spearritt","Action, Adventure, Comedy",100
329,c1183,Battle Los Angeles,2011,Jonathan Liebesman,"Aaron Eckhart, Michelle Rodriguez, Bridget Moynahan","Action, Sci-Fi",116
329,a492,Battle Los Angeles,2011,Jonathan Liebesman,"Aaron Eckhart, Michelle Rodriguez, Bridget Moynahan","Action, Sci-Fi",116
329,b468,Battle: Los Angeles,2011,Jonathan Liebesman,"Aaron Eckhart, Bridget Moynahan, Ramon Rodrguez, Michael Pea","Action & Adventure, Science Fiction & Fantasy",116
330,b1474,Kill Bill: Volume 2,2004,Quentin Tarantino,"Uma Thurman, David Carradine, Michael Madsen, Daryl Hannah","Drama, Action & Adventure, Comedy",137
330,a1689,Kill Bill: Vol. 2,2004,Quentin Tarantino,"Uma Thurman, David Carradine, Michael Madsen","Action, Crime, Thriller",137
330,c2653,Kill Bill: Vol. 2,2004,Quentin Tarantino,"Uma Thurman, David Carradine, Michael Madsen","Action, Crime, Thriller",137
331,b118,Don't Change the Subject,,Mike Stutz,,"Documentary, Comedy, Special Interest",98
331,a120,Don't Change the Subject,,Mike Stutz,"Jesselynn Desmond, Roger Fojas, Patrick Horvath","Documentary, Comedy",98
332,d2300,gulliver's travels,2010,Rob Letterman,,"Adventure, Comedy, Family, Fantasy",85
332,a348,Gulliver's Travels,2010,Rob Letterman,"Jack Black, Emily Blunt, Jason Segel","Adventure, Comedy, Family, Fantasy",85
333,c3056,Double Take,2001,George Gallo,"Orlando Jones, Eddie Griffin, Gary Grubbs","Action, Comedy, Crime",88
333,a1427,Double Take,2001,George Gallo,"Orlando Jones, Eddie Griffin, Gary Grubbs","Action, Comedy, Crime, Thriller",88
333,b1242,Double Take,2001,George Gallo,"Orlando Jones, Eddie Griffin, Gary Grubbs, Edward Herrmann","Action & Adventure, Comedy",88
334,b1754,Supercross,2005,Steve Boyum,"Steve Howey, Daryl Hannah, Mike Vogel, Cameron Richardson","Drama, Action & Adventure",81
334,c2482,Supercross,2005,Steve Boyum,"Steve Howey, Mike Vogel, Sophia Bush","Action, Drama, Romance",80
334,a1989,Supercross,2005,Steve Boyum,"Steve Howey, Mike Vogel, Sophia Bush","Action, Drama, Romance, Sport",80
335,a2280,My Country My Country,2006,Laura Poitras,,Documentary,90
335,b2012,My Country My Country,2006,Laura Poitras,"Carlos Valenzuela, Khris Scarcliff, Dr Riyadh Al-Adhadh, Peter Towndrow","Documentary, Special Interest",90
336,b1320,The One,2001,James Wong,"Jet Li, Carla Gugino, Delroy Lindo, Jason Statham","Action & Adventure, Science Fiction & Fantasy",87
336,a1518,The One,2001,James Wong,"Jet Li, Carla Gugino, Delroy Lindo","Action, Sci-Fi, Thriller",87
336,c3104,The One,2001,James Wong,"Jet Li, Carla Gugino, Delroy Lindo","Action, Sci-Fi, Thriller",87
337,a2398,Ultraviolet,2006,Kurt Wimmer,"Milla Jovovich, Cameron Bright, Nick Chinlund","Action, Sci-Fi",88
337,c2256,Ultraviolet,2006,Kurt Wimmer,"Milla Jovovich, Cameron Bright, Nick Chinlund","Action, Sci-Fi",88
337,b2108,Ultraviolet,2006,Kurt Wimmer,"Milla Jovovich, Cameron Bright, Nick Chinlund, William Fichtner","Drama, Action & Adventure, Horror, Science Fiction & Fantasy",88
338,c2118,National Treasure: Book of Secrets,2007,Jon Turteltaub,"Nicolas Cage, Diane Kruger, Justin Bartha","Action, Adventure, Mystery",124
338,d3138,national treasure: book of secrets,2007,Jon Turteltaub,"Nicolas Cage,Jon Voight,Justin Bartha,Harvey Keitel,Ed Harris,Diane Kruger,Helen Mirren,Bruce Greenwood","Action, Adventure, Mystery, Thriller",124
338,a2521,National Treasure: Book of Secrets,2007,Jon Turteltaub,"Nicolas Cage, Diane Kruger, Justin Bartha","Action, Adventure, Mystery, Thriller",124
338,b1505,National Treasure: Book of Secrets,2007,Jon Turtletaub,"Nicolas Cage, Justin Bartha, Diane Kruger, Jon Voight",Action & Adventure,123
339,d3028,get smart,2008,Peter Segal,"Steve Carell,Anne Hathaway,Alan Arkin,Dwayne Johnson,Terence Stamp,James Caan,Patrick Warburton","Action, Adventure, Comedy",110
339,b685,Get Smart,2008,Peter Segal,"Steve Carell, Anne Hathaway, Alan Arkin, Terence Stamp","Action & Adventure, Comedy",110
339,a733,Get Smart,2008,Peter Segal,"Steve Carell, Anne Hathaway, Alan Arkin","Action, Adventure, Comedy, Romance, Thriller",110
339,c1901,Get Smart,2008,Peter Segal,"Steve Carell, Anne Hathaway, Alan Arkin","Action, Adventure, Comedy",110
340,a2976,Zombie Hunter,2013,K. King,"Danny Trejo, Martin Copping, Clare Niederpruem","Action, Comedy, Horror",93
340,c748,Zombie Hunter,2013,K. King,"Danny Trejo, Martin Copping, Clare Niederpruem","Action, Comedy, Horror",93
341,a1365,The Way of the Gun,2000,Christopher McQuarrie,"Ryan Phillippe, Benicio Del Toro, Juliette Lewis","Action, Crime, Drama, Thriller",119
341,b1184,The Way of the Gun,2000,Christopher McQuarrie,"Ryan Phillippe, Benicio Del Toro, James Caan, Juliette Lewis","Mystery & Suspense, Drama",119
341,c3210,The Way of the Gun,2000,Christopher McQuarrie,"Ryan Phillippe, Benicio Del Toro, Juliette Lewis","Action, Crime, Drama",119
342,a435,Sex and the City 2,2010,Michael Patrick King,"Sarah Jessica Parker, Kim Cattrall, Kristin Davis","Comedy, Drama, Romance",146
342,b415,Sex and the City 2,2010,Michael Patrick King,"Sarah Jessica Parker, Kim Cattrall, Kristin Davis, Cynthia Nixon","Comedy, Romance",147
342,d2385,sex and the city 2,2010,,,"Comedy, Drama, Romance",146
343,a2813,Killing Season,2013,Mark Steven Johnson,"Robert De Niro, John Travolta, Milo Ventimiglia","Action, Drama, Thriller",91
343,c586,Killing Season,2013,Mark Steven Johnson,"Robert De Niro, John Travolta, Milo Ventimiglia","Action, Drama, Thriller",91
343,b2569,Killing Season,2013,Mark Steven Johnson,"Robert De Niro, John Travolta, Milo Ventimiglia, Elizabeth Olin",Mystery & Suspense,90
344,a1355,Turn It Up,2000,Robert Adetuyi,"Pras Michel, Ja Rule, Jason Statham","Crime, Drama, Action, Music",86
344,b1174,Turn It Up,2000,Robert Adetuyi,"Pras, Ja Rule, Vondie Curtis-Hall, Jason Statham","Musical & Performing Arts, Drama",86
344,c3224,Turn It Up,2000,Robert Adetuyi,"Pras Michel, Ja Rule, Jason Statham","Crime, Drama, Action",86
345,b2387,Wild Hogs,2007,Walt Becker,"Tim Allen, John Travolta, Martin Lawrence, William H. Macy","Action & Adventure, Comedy",99
345,a2618,Wild Hogs,2007,Walt Becker,"Tim Allen, Martin Lawrence, John Travolta","Action, Adventure, Comedy",100
345,c2139,Wild Hogs,2007,Walt Becker,"Tim Allen, Martin Lawrence, John Travolta","Action, Adventure, Comedy",100
346,b1175,U-571,2000,Jonathan Mostow,"Matthew McConaughey, Bill Paxton, Harvey Keitel, Jake Weber","Drama, Action & Adventure, Mystery & Suspense",117
346,a1356,U-571,2000,Jonathan Mostow,"Matthew McConaughey, Bill Paxton, Harvey Keitel","Action, War",116
346,c3166,U-571,2000,Jonathan Mostow,"Matthew McConaughey, Bill Paxton, Harvey Keitel","Action, War",116
347,a1724,Never Die Alone,2004,Ernest R. Dickerson,"DMX, David Arquette, Michael Ealy","Action, Crime, Drama, Thriller",88
347,b1506,Never Die Alone,2004,Ernest R. Dickerson,"DMX, David Arquette, Michael Ealy, Reagan Gomez-Preston","Drama, Action & Adventure, Mystery & Suspense",82
347,c2621,Never Die Alone,2004,Ernest R. Dickerson,"DMX, David Arquette, Michael Ealy","Action, Crime, Drama",88
348,d1599,we're the millers,2013,Rawson Marshall Thurber,"Jason Sudeikis,Jennifer Aniston,Emma Roberts,Will Poulter,Ed Helms,Nick Offerman,Kathryn Hahn,Thomas Lennon,Mark L. Young","Comedy, Crime",110
348,a2963,We're the Millers,2013,Rawson Marshall Thurber,"Jason Sudeikis, Jennifer Aniston, Emma Roberts","Action, Adventure, Comedy, Crime",110
348,c606,We're the Millers,2013,Rawson Marshall Thurber,"Jason Sudeikis, Jennifer Aniston, Emma Roberts","Action, Adventure, Comedy",110
349,b999,Whiteout,2009,Dominic Sena,"Kate Beckinsale, Gabriel Macht, Tom Skerritt, Columbus Short","Drama, Action & Adventure, Mystery & Suspense",106
349,a1076,Whiteout,2009,Dominic Sena,"Kate Beckinsale, Gabriel Macht, Tom Skerritt","Action, Crime, Mystery, Thriller",101
349,c1680,Whiteout,2009,Dominic Sena,"Kate Beckinsale, Gabriel Macht, Tom Skerritt","Action, Crime, Mystery",101
350,c2097,The Gene Generation,2007,Pearry Reginald Teo,"Bai Ling, Alec Newman, Parry Shen","Action, Sci-Fi",96
350,b2217,The Gene Generation,2007,Pearry Reginald Teo,"Ling Bai, Alec Newman, Parry Shen, Faye Dunaway",Science Fiction & Fantasy,96
350,a2430,The Gene Generation,2007,Pearry Reginald Teo,"Bai Ling, Alec Newman, Parry Shen","Action, Sci-Fi",96
351,a2566,The Seeker,2005,Evan Somers,Evan Somers,Documentary,91
351,b2340,The Seeker,2005,Evan Somers,Evan Somers,"Documentary, Special Interest",91
352,a1662,Flight of the Phoenix,2004,John Moore,"Dennis Quaid, Miranda Otto, Giovanni Ribisi","Action, Adventure, Drama, Thriller",113
352,c2652,Flight of the Phoenix,2004,John Moore,"Dennis Quaid, Miranda Otto, Giovanni Ribisi","Action, Adventure, Drama",113
352,b1444,Flight of the Phoenix,2004,John Moore,"Dennis Quaid, Tyrese Gibson, Giovanni Ribisi, Miranda Otto","Drama, Action & Adventure",112
353,a2417,Wordplay,2006,Patrick Creadon,"Will Shortz, Ken Burns, Jon Stewart",Documentary,94
353,d213,wordplay,2006,Patrick Creadon,,Documentary,94
353,b2128,Wordplay,2006,Patrick Creadon,"Will Shortz, Jon Stewart, Ken Burns, Indigo Girls","Documentary, Musical & Performing Arts, Special Interest",94
354,c930,Man on a Ledge,2012,Asger Leth,"Sam Worthington, Elizabeth Banks, Jamie Bell","Action, Crime, Thriller",102
354,b190,Man on a Ledge,2012,Asger Leth,"Sam Worthington, Elizabeth Banks, Jamie Bell, Anthony Mackie","Mystery & Suspense, Drama",102
354,a194,Man on a Ledge,2012,Asger Leth,"Sam Worthington, Elizabeth Banks, Jamie Bell","Action, Crime, Thriller",102
354,d2083,man on a ledge,2012,Asger Leth,"Sam Worthington,Elizabeth Banks,Edward Burns,Jamie Bell,Genesis Rodriguez,Ed Harris,Kyra Sedgwick","Action, Crime, Thriller",102
355,d92,jonestown: the life and death of peoples temple,2006,Stanley Nelson,,"Documentary, History",86
355,a2233,Jonestown: The Life and Death of Peoples Temple,2006,Stanley Nelson,"Rebecca Moore, Janet Shular, Tim Carter","Documentary, History",86
356,d2063,21 jump street,2012,"Phil Lord,Christopher Miller","Jonah Hill,Channing Tatum,Brie Larson,Dave Franco,Rob Riggle,Ice Cube","Action, Comedy, Family",109
356,b2,21 Jump Street,2012,Chris Miller,"Jonah Hill, Channing Tatum, Brie Larson, Dave Franco","Action & Adventure, Comedy",109
356,a3,21 Jump Street,2012,Phil Lord,"Jonah Hill, Channing Tatum, Ice Cube","Action, Comedy, Crime",109
356,c907,21 Jump Street,2012,Phil Lord,"Jonah Hill, Channing Tatum, Ice Cube","Action, Comedy, Crime",109
357,a630,Sherlock Holmes: A Game of Shadows,2011,Guy Ritchie,"Robert Downey Jr., Jude Law, Jared Harris","Action, Adventure, Crime, Mystery, Thriller",129
357,d2156,sherlock holmes: a game of shadows,2011,Guy Ritchie,"Robert Downey Jr.,Jude Law,Noomi Rapace,Rachel McAdams,Jared Harris,Stephen Fry,Paul Anderson,Kelly Reilly,Eddie Marsan","Action, Adventure, Comedy, Crime, Mystery, Thriller",129
357,c1225,Sherlock Holmes: A Game of Shadows,2011,Guy Ritchie,"Robert Downey Jr., Jude Law, Jared Harris","Action, Adventure, Crime",129
358,a568,In Time,2011,Andrew Niccol,"Justin Timberlake, Amanda Seyfried, Cillian Murphy","Action, Sci-Fi, Thriller",109
358,d2186,in time,2011,Andrew Niccol,"Justin Timberlake,Olivia Wilde,Amanda Seyfried,Vincent Kartheiser,Cillian Murphy,Matt Bomer,Alex Pettyfer,Johnny Galecki","Action, Science Fiction, Thriller",109
358,b533,In Time,2011,Andrew Niccol,"Justin Timberlake, Amanda Seyfried, Cillian Murphy, Vincent Kartheiser","Mystery & Suspense, Science Fiction & Fantasy",109
358,c1259,In Time,2011,Andrew Niccol,"Justin Timberlake, Amanda Seyfried, Cillian Murphy","Action, Sci-Fi, Thriller",109
359,a1983,A Sound of Thunder,2005,Peter Hyams,"Edward Burns, Ben Kingsley, Catherine McCormack","Action, Adventure, Horror, Sci-Fi, Thriller",101
359,c2420,A Sound of Thunder,2005,Peter Hyams,"Edward Burns, Ben Kingsley, Catherine McCormack","Action, Adventure, Horror",101
360,d3449,raiders of the lost ark,1981,,,"Action, Adventure",115
360,c5359,Raiders of the Lost Ark,1981,Steven Spielberg,"Harrison Ford, Karen Allen, Paul Freeman","Action, Adventure",115
361,b1762,Transporter 2,2005,Louis Leterrier,"Jason Statham, Alessandro Gassman, Amber Valletta, Kate Nauta",Action & Adventure,88
361,c2463,Transporter 2,2005,Louis Leterrier,"Jason Statham, Amber Valletta, Kate Nauta","Action, Crime, Thriller",87
361,a1997,Transporter 2,2005,Louis Leterrier,"Jason Statham, Amber Valletta, Kate Nauta","Action, Crime, Thriller",87
362,d2346,the eagle,2011,Kevin MacDonald,"Channing Tatum,Jamie Bell,Donald Sutherland,Mark Strong,Tahar Rahim,Denis O'Hare","Action, Adventure, Drama, Thriller",114
362,b499,The Eagle,2011,Kevin Macdonald,"Channing Tatum, Jamie Bell, Mark Strong (II), Tahar Rahim","Drama, Action & Adventure, Classics",114
362,c1178,The Eagle,2011,Kevin Macdonald,"Channing Tatum, Jamie Bell, Donald Sutherland","Action, Adventure, Drama",114
362,a530,The Eagle,2011,Kevin Macdonald,"Channing Tatum, Jamie Bell, Donald Sutherland","Action, Adventure, Drama",114
363,b769,Speed Racer,2008,Larry Wachowski,"Emile Hirsch, Matthew Fox, Susan Sarandon, John Goodman",Action & Adventure,135
363,d2969,speed racer,2008,"Andy Wachowski, Larry Wachowski","Emile Hirsch,Matthew Fox,Christina Ricci,Paulie Litt,Susan Sarandon,John Goodman","Action, Family, Thriller",135
363,a826,Speed Racer,2008,Andy Wachowski,"Emile Hirsch, Matthew Fox, Christina Ricci","Action, Family, Sport",135
363,c1943,Speed Racer,2008,Andy Wachowski,"Emile Hirsch, Matthew Fox, Christina Ricci","Action, Family, Sport",135
364,c2421,Kingdom of Heaven,2005,Ridley Scott,"Orlando Bloom, Eva Green, Liam Neeson","Action, Adventure, Drama",144
364,a1917,Kingdom of Heaven,2005,Ridley Scott,"Orlando Bloom, Eva Green, Liam Neeson","Action, Adventure, Drama, History, War",144
364,b1687,Kingdom of Heaven,2005,Ridley Scott,"Orlando Bloom, Liam Neeson, Eva Green, David Thewlis","Drama, Action & Adventure, Classics",145
365,c1894,Indiana Jones and the Kingdom of the Crystal Skull,2008,Steven Spielberg,"Harrison Ford, Cate Blanchett, Shia LaBeouf","Action, Adventure",122
365,b703,Indiana Jones and the Kingdom of the Crystal Skull,2008,Steven Spielberg,"Harrison Ford, Shia LaBeouf, Cate Blanchett, Karen Allen",Action & Adventure,122
365,a752,Indiana Jones and the Kingdom of the Crystal Skull,2008,Steven Spielberg,"Harrison Ford, Cate Blanchett, Shia LaBeouf","Action, Adventure",122
365,d3044,indiana jones and the kingdom of the crystal skull,2008,Steven Spielberg,"Harrison Ford,Cate Blanchett,Karen Allen,Shia LeBeouf,John Hurt,Jim Broadbent","Action, Adventure",122
366,d2794,monsters vs. aliens,2009,"Rob Letterman,Conrad Vernon","Seth Rogen,Hugh Laurie,Will Arnett,Kiefer Sutherland,Rainn Wilson,Paul Rudd,Stephen Colbert",,
366,a1001,Monsters vs. Aliens,2009,Rob Letterman,"Reese Witherspoon, Rainn Wilson, Stephen Colbert","Animation, Action, Adventure, Comedy, Family, Sci-Fi",94
366,b931,Monsters vs. Aliens,2009,Robert Letterman,"Reese Witherspoon, Hugh Laurie, Seth Rogen, Will Arnett","Action & Adventure, Animation, Kids & Family, Science Fiction & Fantasy",94
366,c1706,Monsters vs. Aliens,2009,Rob Letterman,"Reese Witherspoon, Rainn Wilson, Stephen Colbert","Animation, Action, Adventure",94
367,b2346,Sicko,2007,Michael Moore,"Michael Moore, George W. Bush","Documentary, Special Interest",123
367,a2573,Sicko,2007,Michael Moore,"Michael Moore, Tucker Albrizzi, Tony Benn","Documentary, Drama",123
367,d145,sicko,2007,Michael Moore,,Documentary,123
368,b316,The Expendables,2010,Sylvester Stallone,"Sylvester Stallone, Jason Statham, Jet Li, Dolph Lundgren","Mystery & Suspense, Action & Adventure",103
368,a327,The Expendables,2010,Sylvester Stallone,"Sylvester Stallone, Jason Statham, Jet Li","Action, Adventure, Thriller",103
368,c1509,The Expendables,2010,Sylvester Stallone,"Sylvester Stallone, Jason Statham, Jet Li","Action, Adventure, Thriller",103
369,c2104,The Hitcher,2007,Dave Meyers,"Sean Bean, Sophia Bush, Zachary Knighton","Action, Crime, Thriller",84
369,a2454,The Hitcher,2007,Dave Meyers,"Sean Bean, Sophia Bush, Zachary Knighton","Action, Crime, Thriller",84
369,b2238,The Hitcher,2007,Dave Meyers,"Sean Bean, Sophia Bush, Zachary Knighton, Neal McDonough","Drama, Horror, Mystery & Suspense",84
370,b706,Journey to the Center of the Earth,2008,Eric Brevig,"Brendan Fraser, Josh Hutcherson, Anita Briem, Cale Boyter","Action & Adventure, Kids & Family, Science Fiction & Fantasy",93
370,d3009,journey to the center of the earth,2007,Eric Brevig,"Brendan Fraser,Josh Hutcherson,Anita Briem,Seth Meyers,Michel Pare,Jane Wheeler","Action, Adventure, Comedy, Science Fiction",93
370,a755,Journey to the Center of the Earth,2008,Eric Brevig,"Brendan Fraser, Josh Hutcherson, Anita Briem","Action, Adventure, Family, Fantasy, Sci-Fi",93
370,c1896,Journey to the Center of the Earth,2008,Eric Brevig,"Brendan Fraser, Josh Hutcherson, Anita Briem","Action, Adventure, Family",93
371,c627,Vehicle 19,2013,Mukunda Michael Dewil,"Paul Walker, Naima McLean, Gys de Villiers","Action, Thriller",82
371,b2701,Vehicle 19,2013,Mukunda Michael Dewil,"Paul Walker, Naima McLean, Gys de Villiers, Welile Nzuza",Mystery & Suspense,85
371,a2955,Vehicle 19,2013,Mukunda Michael Dewil,"Paul Walker, Naima McLean, Gys de Villiers","Action, Thriller",82
372,d2480,the bounty hunter,2010,Andy Tennant,"Jennifer Aniston,Gerard Butler,Jason Sudeikis,Christine Baranski","Action, Comedy, Romance",110
372,a292,The Bounty Hunter,2010,Andy Tennant,"Jennifer Aniston, Gerard Butler, Gio Perez","Action, Comedy, Romance",110
372,c1450,The Bounty Hunter,2010,Andy Tennant,"Jennifer Aniston, Gerard Butler, Gio Perez","Action, Comedy, Romance",110
372,b286,The Bounty Hunter,2010,Andy Tennant,"Jennifer Aniston, Gerard Butler, Christine Baranski, Giovanni Perez","Action & Adventure, Romance, Comedy",110
373,a2217,The Illusionist,2006,Neil Burger,"Edward Norton, Jessica Biel, Paul Giamatti","Drama, Mystery, Romance, Thriller",110
373,d69,the illusionist,2006,Neil Burger,"Edward Norton,Paul Giamatti,Jessica Biel","Drama, Fantasy, Romance, Thriller",110
373,b1955,The Illusionist,2006,Bob Yari,"Edward Norton, Paul Giamatti, Jessica Biel, Rufus Sewell","Drama, Romance, Science Fiction & Fantasy",109
374,b611,Tower Heist,2011,Brett Ratner,"Ben Stiller, Eddie Murphy, Casey Affleck, Alan Alda","Drama, Action & Adventure, Comedy",99
374,a651,Tower Heist,2011,Brett Ratner,"Eddie Murphy, Ben Stiller, Casey Affleck","Action, Comedy, Crime",104
374,c1166,Tower Heist,2011,Brett Ratner,"Eddie Murphy, Ben Stiller, Casey Affleck","Action, Comedy, Crime",104
374,d2191,tower heist,2011,Brett Ratner,"Ben Stiller,Eddie Murphy,Casey Affleck,Alan Alda,Matthew,Tea Leoni,Michael Pena,Gabourey Sidibe,Judd Hirsch","Action, Comedy",104
375,a1786,Van Helsing,2004,Stephen Sommers,"Hugh Jackman, Kate Beckinsale, Richard Roxburgh","Action, Adventure, Fantasy, Mystery, Thriller",131
375,c2603,Van Helsing,2004,Stephen Sommers,"Hugh Jackman, Kate Beckinsale, Richard Roxburgh","Action, Adventure, Fantasy",131
375,b1564,Van Helsing,2004,Stephen Sommers,"Hugh Jackman, Kate Beckinsale, Richard Roxburgh, David Wenham","Action & Adventure, Horror",145
376,a1312,Red Planet,2000,Antony Hoffman,"Val Kilmer, Carrie-Anne Moss, Tom Sizemore","Action, Sci-Fi, Thriller",106
376,c3208,Red Planet,2000,Antony Hoffman,"Val Kilmer, Carrie-Anne Moss, Tom Sizemore","Action, Sci-Fi, Thriller",106
376,b1135,Red Planet,2000,Antony Hoffman,"Val Kilmer, Carrie-Anne Moss, Benjamin Bratt, Tom Sizemore","Mystery & Suspense, Science Fiction & Fantasy",108
377,d2358,drive angry 3d,2011,Patrick Lussier,"Nicolas Cage,Amber Heard,William Fichtner,Billy Burke,David Morse,Todd Farmer,Christa Campbell,Charlotte Ross,Tom Atkins,Jack McGee",,
377,c1220,Drive Angry,2011,Patrick Lussier,"Nicolas Cage, Amber Heard, William Fichtner","Action, Comedy, Fantasy",104
377,a528,Drive Angry,2011,Patrick Lussier,"Nicolas Cage, Amber Heard, William Fichtner","Action, Comedy, Fantasy, Thriller",104
377,b498,Drive Angry,2011,Patrick Lussier,"Nicolas Cage, Amber Heard, William Fichtner, Billy Burke","Mystery & Suspense, Action & Adventure",107
378,a1283,Miss Congeniality,2000,Donald Petrie,"Sandra Bullock, Michael Caine, Benjamin Bratt","Action, Comedy, Crime",109
378,b1107,Miss Congeniality,2000,Donald Petrie,"Sandra Bullock, Michael Caine, Benjamin Bratt, Candice Bergen","Action & Adventure, Comedy",105
378,c3218,Miss Congeniality,2000,Donald Petrie,"Sandra Bullock, Michael Caine, Benjamin Bratt","Action, Comedy, Crime",109
379,b992,Up in the Air,2009,Jason Reitman,"George Clooney, Vera Farmiga, Anna Kendrick, Danny McBride","Drama, Romance, Comedy",109
379,a1069,Up in the Air,2009,Jason Reitman,"George Clooney, Vera Farmiga, Anna Kendrick","Drama, Romance",109
379,d2617,up in the air,2009,Jason Reitman,"George Clooney,Vera Farmiga,Anna Kendrick","Comedy, Drama, Romance",109
380,c601,Deep Dark Canyon,2013,Abe Levy,"Ted Levine, Spencer Treat Clark, Nick Eversman","Action, Drama, Thriller",90
380,a112,Deep Dark Canyon,2013,Abe Levy,"Ted Levine, Spencer Treat Clark, Nick Eversman","Action, Drama, Thriller",90
381,d2987,pineapple express,2008,David Gordon Green,"Seth Rogen,James Franco,Gary Cole,Amber Heard,Bill Hader,James Remar,Rosie Perez,Ed Begley Jr.,Nora Dunn","Action, Comedy",111
381,a794,Pineapple Express,2008,David Gordon Green,"Seth Rogen, James Franco, Gary Cole","Action, Comedy, Crime",111
381,b738,Pineapple Express,2008,David Gordon Green,"Seth Rogen, James Franco, Danny McBride, Gary Cole",Comedy,112
381,c1959,Pineapple Express,2008,David Gordon Green,"Seth Rogen, James Franco, Gary Cole","Action, Comedy, Crime",111
382,d2364,winnebago man,2010,Ben Steinbauer,,"Comedy, Documentary, Indie",85
382,a468,Winnebago Man,2009,Ben Steinbauer,"Jack Rebney, Ben Steinbauer, Keith Gordon","Documentary, Biography, Comedy",85
382,b447,Winnebago Man,2010,Ben Steinbauer,"Keith Gordon, Ghyslain Raza, Alexsey Vayner, Douglas Rushkoff","Documentary, Comedy, Special Interest",85
383,a198,Men in Black 3,2012,Barry Sonnenfeld,"Will Smith, Tommy Lee Jones, Josh Brolin","Action, Comedy, Sci-Fi",106
383,d1961,men in black iii,2012,Barry Sonnenfeld,"Will Smith,Tommy Lee Jones,Josh Brolin,Jemaine Clement,Emma Thompson,Michael Stuhlbarg,Alice Eve,David Rasche",,
383,c922,Men in Black 3,2012,Barry Sonnenfeld,"Will Smith, Tommy Lee Jones, Josh Brolin","Action, Comedy, Sci-Fi",106
383,b194,Men in Black III,2012,Barry Sonnenfeld,"Will Smith, Tommy Lee Jones, Josh Brolin, Jemaine Clement","Action & Adventure, Science Fiction & Fantasy, Comedy",105
384,c944,Wrath of the Titans,2012,Jonathan Liebesman,"Sam Worthington, Liam Neeson, Rosamund Pike","Action, Adventure, Fantasy",99
384,b270,Wrath of the Titans,2012,Jonathan Liebesman,"Sam Worthington, Liam Neeson, Ralph Fiennes, Edgar Ramirez","Action & Adventure, Science Fiction & Fantasy",99
384,a275,Wrath of the Titans,2012,Jonathan Liebesman,"Sam Worthington, Liam Neeson, Rosamund Pike","Action, Adventure, Fantasy",99
384,d2005,wrath of the titans,2012,Jonathan Liebesman,"Sam Worthington,Liam Neeson,Ralph Fiennes,Rosamund Pike,Bill Nighy,Danny Huston,Edgar Ramirez,Toby Kebbell","Action, Adventure, Fantasy",99
385,b2648,Roadside,,Eric England,,"Drama, Horror, Mystery & Suspense",100
385,a2900,Roadside,2015,Eric England,"Ace Marrero, Katie Stegeman, Lionel D. Carson","Drama, Horror, Mystery, Thriller",90
386,a11,The Aggression Scale,2012,Steven C. Miller,"Ryan Hartwig, Fabianne Therese, Ray Wise","Action, Crime, Thriller",85
386,c981,The Aggression Scale,2012,Steven C. Miller,"Ryan Hartwig, Fabianne Therese, Ray Wise","Action, Crime, Thriller",85
386,b12,The Aggression Scale,,Steven C. Miller,"Ryan Hartwig, Fabianne Therese, Ray Wise, Dana Ashbrook","Drama, Action & Adventure, Mystery & Suspense",84
387,b334,Green Zone,2010,Paul Greengrass,"Matt Damon, Greg Kinnear, Brendan Gleeson, Amy Ryan","Mystery & Suspense, Drama",115
387,d2494,green zone,2010,Paul Greengrass,"Matt Damon,Greg Kinnear,Brendan Gleeson,Amy Ryan,Khalid Abdalla,Jason Isaacs,Yigal Naor","Action, Adventure, Drama, Thriller",115
387,a345,Green Zone,2010,Paul Greengrass,"Matt Damon, Jason Isaacs, Greg Kinnear","Action, Drama, Thriller, War",115
387,c1435,Green Zone,2010,Paul Greengrass,"Matt Damon, Jason Isaacs, Greg Kinnear","Action, Drama, Thriller",115
388,c3539,The Edge,1997,Lee Tamahori,"Anthony Hopkins, Alec Baldwin, Elle Macpherson","Action, Adventure, Drama",117
388,a2415,The Edge,1997,Lee Tamahori,"Anthony Hopkins, Alec Baldwin, Elle Macpherson","Action, Adventure, Drama, Thriller",117
389,b2595,Machete Kills,2013,Robert Rodriguez,"Danny Trejo, Michelle Rodriguez, Mel Gibson, Lady Gaga",Action & Adventure,108
389,a2840,Machete Kills,2013,Robert Rodriguez,"Danny Trejo, Alexa PenaVega, Mel Gibson","Action, Crime, Thriller",107
389,d1553,machete kills,2013,Robert Rodriguez,"Jessica Alba,Mel Gibson,Michelle Rodriguez,Danny Trejo,Tom Savini,Sofía Vergara,Lady Gaga,Vanessa Hudgens,Alexa Vega,Cuba Gooding Jr.,Amber Heard,Demián Bichir,Charlie Sheen",Action,107
389,c636,Machete Kills,2013,Robert Rodriguez,"Danny Trejo, Alexa PenaVega, Mel Gibson","Action, Crime, Thriller",107
390,a446,The Spy Next Door,2010,Brian Levant,"Jackie Chan, Amber Valletta, Billy Ray Cyrus","Action, Comedy, Family",94
390,c1494,The Spy Next Door,2010,Brian Levant,"Jackie Chan, Amber Valletta, Billy Ray Cyrus","Action, Comedy, Family",94
390,b424,The Spy Next Door,2010,Brian Levant,"Jackie Chan, Amber Valletta, Madeline Carroll, Will Shadley","Action & Adventure, Comedy",94
390,d2648,the spy next door,2010,Brian Levant,"Jackie Chan,Amber Valletta,Madeline Carroll,Magnus Scheving,Billy Ray Cyrus,George Lopez,Will Shadley,Alina Foley","Action, Adventure, Comedy, Drama, Family",94
391,b641,Body of Lies,2008,Ridley Scott,"Leonardo DiCaprio, Russell Crowe, Mark Strong (II), Golshifteh Farahani","Mystery & Suspense, Drama",128
391,a687,Body of Lies,2008,Ridley Scott,"Leonardo DiCaprio, Russell Crowe, Mark Strong","Action, Drama, Thriller",128
391,d2946,body of lies,2008,Ridley Scott,"Leonardo DiCaprio,Russell Crowe,Mark Strong,Golshifteh Farahani,Oscar Isaac,Simon McBurney","Action, Adventure, Drama, Suspense, Thriller",128
391,c1932,Body of Lies,2008,Ridley Scott,"Leonardo DiCaprio, Russell Crowe, Mark Strong","Action, Drama, Thriller",128
392,b487,Cowboys & Aliens,2011,Jon Favreau,"Daniel Craig, Olivia Wilde, Harrison Ford, Sam Rockwell","Western, Action & Adventure, Science Fiction & Fantasy",119
392,a515,Cowboys & Aliens,2011,Jon Favreau,"Daniel Craig, Harrison Ford, Olivia Wilde","Action, Sci-Fi, Thriller, Western",119
392,d2193,cowboys & aliens,2011,John Favreau,"Daniel Craig,Harrison Ford,Olivia Wilde,Sam Rockwell,Adam Beach,Paul Dano,Keith Carradine","Action, Science Fiction, Thriller, Western",119
392,c1164,Cowboys & Aliens,2011,Jon Favreau,"Daniel Craig, Harrison Ford, Olivia Wilde","Action, Sci-Fi, Thriller",119
393,d1711,pain & gain,2013,Michael Bay,"Mark Wahlberg,Rebel Wilson,Dwayne Johnson,Ken Jeong,Ed Harris,Anthony Mackie,Tony Shalhoub,Rob Corddry",Action,130
393,a2867,Pain & Gain,2013,Michael Bay,"Mark Wahlberg, Dwayne Johnson, Anthony Mackie","Action, Comedy, Crime, Drama",129
393,b2619,Pain & Gain,2013,Michael Bay,"Mark Wahlberg, Anthony Mackie, Ed Harris, Rob Corddry",Action & Adventure,129
393,c634,Pain & Gain,2013,Michael Bay,"Mark Wahlberg, Dwayne Johnson, Anthony Mackie","Action, Comedy, Crime",129
394,b348,Iron Man 2,2010,Jon Favreau,"Robert Downey Jr., Gwyneth Paltrow, Don Cheadle, Mickey Rourke","Action & Adventure, Science Fiction & Fantasy",124
394,a363,Iron Man 2,2010,Jon Favreau,"Robert Downey Jr., Mickey Rourke, Gwyneth Paltrow","Action, Adventure, Sci-Fi",124
394,d2540,iron man 2,2010,Favreau,"Robert Downey Jr.,Gwyneth Paltrow,Scarlett Johansson,Sam Rockwell,Mickey Rourke,Samuel L. Jackson,Clark Gregg,John Slattery,Garry Shandling","Action, Adventure, Science Fiction, Thriller",124
394,c1483,Iron Man 2,2010,Jon Favreau,"Robert Downey Jr., Mickey Rourke, Gwyneth Paltrow","Action, Adventure, Sci-Fi",124
395,c738,The Heat,2013,Paul Feig,"Sandra Bullock, Michael McDonald, Melissa McCarthy","Action, Comedy, Crime",117
395,a2762,The Heat,2013,Paul Feig,"Sandra Bullock, Michael McDonald, Melissa McCarthy","Action, Comedy, Crime",117
395,b2528,The Heat,2013,Paul Feig,"Sandra Bullock, Melissa McCarthy, Marlon Wayans, Demian Bichir",Comedy,116
395,d1649,the heat,2013,Paul Feig,"Demián Bichir,Taran Killam,Michael Rapaport,Jane Curtin",Action,
396,d705,last knights,2015,Kazuaki Kiriya,"Clive Owen,Morgan Freeman,Aksel Hennie","Action, Adventure",115
396,c28,Last Knights,2015,Kazuaki Kiriya,"Clive Owen, Morgan Freeman, Aksel Hennie","Action, Adventure",115
397,c3174,Charlie's Angels,2000,McG,"Cameron Diaz, Drew Barrymore, Lucy Liu","Action, Adventure, Comedy",98
397,a1209,Charlie's Angels,2000,McG,"Cameron Diaz, Drew Barrymore, Lucy Liu","Action, Adventure, Comedy, Crime, Thriller",98
398,c579,Star Trek Into Darkness,2013,J.J. Abrams,"Chris Pine, Zachary Quinto, Zoe Saldana","Action, Adventure, Sci-Fi",132
398,a2933,Star Trek Into Darkness,2013,J.J. Abrams,"Chris Pine, Zachary Quinto, Zoe Saldana","Action, Adventure, Sci-Fi",132
398,b2680,Star Trek Into Darkness,2013,J.J. Abrams,"Chris Pine, Zachary Quinto, Zoe Saldana, Karl Urban",Science Fiction & Fantasy,131
398,d1678,star trek into darkness,2013,J.J. Abrams,"Chris Pine,Benedict Cumberbatch,Zachary Quinto,Simon Pegg,Zoe Saldana","Action, Adventure, Science Fiction",129
399,a771,Max Payne,2008,John Moore,"Mark Wahlberg, Mila Kunis, Beau Bridges","Action, Crime, Drama, Mystery, Thriller",100
399,b721,Max Payne,2008,John Moore,"Mark Wahlberg, Mila Kunis, Beau Bridges, Chris ""Ludacris"" Bri...","Drama, Action & Adventure, Mystery & Suspense",100
399,c1916,Max Payne,2008,John Moore,"Mark Wahlberg, Mila Kunis, Beau Bridges","Action, Crime, Drama",100
400,c2459,Miss Congeniality 2: Armed and Fabulous,2005,John Pasquin,"Sandra Bullock, Regina King, William Shatner","Action, Comedy, Crime",115
400,a1938,Miss Congeniality 2: Armed and Fabulous,2005,John Pasquin,"Sandra Bullock, Regina King, William Shatner","Action, Comedy, Crime",115
401,a163,Hit and Run,2012,David Palmer,"Dax Shepard, Kristen Bell, Bradley Cooper","Action, Comedy, Romance",100
401,b161,Hit & Run,2012,David Palmer,"Dax Shepard, Kristen Bell, Bradley Cooper, Tom Arnold","Action & Adventure, Romance, Comedy",100
401,c1041,Hit and Run,2012,David Palmer,"Dax Shepard, Kristen Bell, Bradley Cooper","Action, Comedy, Romance",100
401,d1809,hit and run,2012,"Dax Shepard,David Palmer","Dax Shepard,Tom Arnold,Kristen Bell,Kal Bennett,Beau Bridges,Kristin Chenoweth,Bradley Cooper,Michael Rosenbaum,Jess Rowland","Action, Comedy, Romance",100
402,c3201,Vertical Limit,2000,Martin Campbell,"Scott Glenn, Chris O'Donnell, Bill Paxton","Action, Adventure, Drama",124
402,a1361,Vertical Limit,2000,Martin Campbell,"Scott Glenn, Chris O'Donnell, Bill Paxton","Action, Adventure, Drama, Thriller",124
402,b1180,Vertical Limit,2000,Martin Campbell,"Chris O'Donnell, Robin Tunney, Scott Glenn, Bill Paxton","Drama, Action & Adventure",124
403,a2905,The Saratov Approach,2013,Garrett Batty,"Corbin Allred, Maclain Nelson, Nikita Bogolyubov","Action, Drama",107
403,b2653,The Saratov Approach,2013,Garrett Batty,"Corbin Allred, Maclain Nelson, Nikita Bogolyubov, Alex Veadov","Drama, Action & Adventure",107
403,c829,The Saratov Approach,2013,Garrett Batty,"Corbin Allred, Maclain Nelson, Nikita Bogolyubov","Action, Drama",107
404,c1439,Machete,2010,Ethan Maniquis,"Danny Trejo, Michelle Rodriguez, Robert De Niro","Action, Crime, Thriller",105
404,a395,Machete,2010,Ethan Maniquis,"Danny Trejo, Michelle Rodriguez, Robert De Niro","Action, Crime, Thriller",105
404,b377,Machete,2010,Ethan Maniquis,"Danny Trejo, Robert De Niro, Jessica Alba, Cheech Marin","Mystery & Suspense, Action & Adventure",105
405,d1208,proxy,2014,Zack Parker,"Alexia Rasmussen,Alexa Havins,Kristina Klebe,Joe Swanberg","Drama, Horror, Thriller",122
405,a2891,Proxy,2014,Zack Parker,"Joe Swanberg, Kristina Klebe, Alexa Havins","Drama, Horror, Thriller",120
405,b2639,Proxy,2014,Zack Parker,"Alexia Rasmussen, Alexa Havins, Joe Swanberg, Kristina Klebe","Drama, Horror, Mystery & Suspense",122
406,a1022,Pandorum,2009,Christian Alvart,"Dennis Quaid, Ben Foster, Cam Gigandet","Action, Horror, Mystery, Sci-Fi, Thriller",108
406,c1767,Pandorum,2009,Christian Alvart,"Dennis Quaid, Ben Foster, Cam Gigandet","Action, Horror, Mystery",108
406,b951,Pandorum,2009,Christian Alvart,"Dennis Quaid, Ben Foster, Cam Gigandet, Antje Traue","Action & Adventure, Horror, Science Fiction & Fantasy",94
407,b2311,P2,2007,Franck Khalfoun,"Rachel Nichols, Wes Bentley, Philip Akin, Miranda Edwards","Drama, Horror, Mystery & Suspense",98
407,a2537,P2,2007,Franck Khalfoun,"Rachel Nichols, Wes Bentley, Simon Reynolds","Horror, Thriller",98
407,d3191,p2,2007,Franck Khalfoun,"Rachel Nichols,Wes Bentley,Simon Reynolds","Horror, Thriller",98
408,a1527,Planet of the Apes,2001,Tim Burton,"Mark Wahlberg, Helena Bonham Carter, Tim Roth","Action, Adventure, Sci-Fi",119
408,c3017,Planet of the Apes,2001,Tim Burton,"Mark Wahlberg, Helena Bonham Carter, Tim Roth","Action, Adventure, Sci-Fi",119
408,b1328,Planet of the Apes,2001,Tim Burton,"Mark Wahlberg, Tim Roth, Michael Clarke Dunca..., Paul Giamatti","Drama, Action & Adventure, Science Fiction & Fantasy",119
409,a171,Jack Reacher,2012,Christopher McQuarrie,"Tom Cruise, Rosamund Pike, Richard Jenkins","Action, Crime, Mystery, Thriller",130
409,c898,Jack Reacher,2012,Christopher McQuarrie,"Tom Cruise, Rosamund Pike, Richard Jenkins","Action, Crime, Mystery",130
409,b168,Jack Reacher,2012,Christopher McQuarrie,"Tom Cruise, Rosamund Pike, Richard Jenkins, David Oyelowo","Mystery & Suspense, Drama",130
410,b1686,King Kong,2005,Peter Jackson,"Naomi Watts, Jack Black, Adrien Brody, Thomas Kretschmann",Action & Adventure,187
410,d268,king kong,2005,Peter Jackson,"Naomi Watts,Jack Black,Adrien Brody,Thomas Kretschmann,Colin Hanks,Andy Serkis,Evan Parke","Action, Adventure, Drama, Foreign, Horror, Thriller",187
410,c2437,King Kong,2005,Peter Jackson,"Naomi Watts, Jack Black, Adrien Brody","Action, Adventure, Drama",187
410,d3459,king kong,1933,Peter Jackson,"Jack Black, Naomi Watts, Andy Serkis, Thomas Kretschmann, Evan Parke, Adrien Brody, Colin Hanks","Action, Adventure, Drama, Horror, Thriller",100
410,a1915,King Kong,2005,Peter Jackson,"Naomi Watts, Jack Black, Adrien Brody","Action, Adventure, Drama, Romance",187
411,c2474,The Island,2005,Michael Bay,"Scarlett Johansson, Ewan McGregor, Djimon Hounsou","Action, Adventure, Sci-Fi",136
411,a1907,The Island,2005,Michael Bay,"Scarlett Johansson, Ewan McGregor, Djimon Hounsou","Action, Adventure, Sci-Fi, Thriller",136
411,b1678,The Island,2005,Michael Bay,"Ewan McGregor, Scarlett Johansson, Djimon Hounsou, Sean Bean","Drama, Action & Adventure, Science Fiction & Fantasy",136
412,d2438,i'm still here,2010,Casey Affleck,,"Comedy, Documentary, Indie, Music",107
412,a361,I'm Still Here,2010,Casey Affleck,"Joaquin Phoenix, Antony Langdon, Carey Perloff","Comedy, Drama, Music",108
413,a2132,Disappearances,2006,Jay Craven,"Kris Kristofferson, Charlie McDermott, Gary Farmer","Action, Adventure, Drama",118
413,c2329,Disappearances,2006,Jay Craven,"Kris Kristofferson, Charlie McDermott, Gary Farmer","Action, Adventure, Drama",118
414,a1843,The Crow: Wicked Prayer,2005,Lance Mungia,"Yuji Okumoto, Marcus Chong, Tito Ortiz","Action, Adventure, Comedy, Fantasy, Thriller",99
414,c2432,The Crow: Wicked Prayer,2005,Lance Mungia,"Yuji Okumoto, Marcus Chong, Tito Ortiz","Action, Adventure, Comedy",99
415,b584,Rise of the Planet of the Apes,2011,Rupert Wyatt,"James Franco, Freida Pinto, Andy Serkis, John Lithgow","Drama, Action & Adventure, Science Fiction & Fantasy",105
415,a620,Rise of the Planet of the Apes,2011,Rupert Wyatt,"James Franco, Andy Serkis, Freida Pinto","Action, Drama, Sci-Fi, Thriller",105
415,c1198,Rise of the Planet of the Apes,2011,Rupert Wyatt,"James Franco, Andy Serkis, Freida Pinto","Action, Drama, Sci-Fi",105
415,d2196,rise of the planet of the apes,2011,Rupert Wyatt,"James Franco,Freida Pinto,John Lithgow,Brian Cox,Tom Felton","Action, Drama, Science Fiction",105
416,c1754,Dance Flick,2009,Damien Dante Wayans,"Marlon Wayans, Shawn Wayans, Shoshana Bush","Action, Comedy, Music",83
416,b856,Dance Flick,2009,Damien Wayans,"Essence Atkins, Shawn Wayans, Shoshanna Bush, Marlon Wayans","Action & Adventure, Comedy",83
416,a919,Dance Flick,2009,Damien Dante Wayans,"Marlon Wayans, Shawn Wayans, Shoshana Bush","Action, Comedy, Music",83
417,d2432,the sorcerer's apprentice,2010,Jon Turteltaub,"Nicolas Cage,Jay Baruchel,Alfred Molina,Teresa Palmer,Monica Bellucci,Alice Krige,Jake Cherry,James A. Stephens","Action, Adventure, Comedy, Family, Fantasy, Science Fiction",109
417,c1437,The Sorcerer's Apprentice,2010,Jon Turteltaub,"Nicolas Cage, Jay Baruchel, Alfred Molina","Action, Adventure, Comedy",109
417,a444,The Sorcerer's Apprentice,2010,Jon Turteltaub,"Nicolas Cage, Jay Baruchel, Alfred Molina","Action, Adventure, Comedy, Drama, Fantasy",109
418,a2358,Shottas,2002,Cess Silvera,"Ky-Mani Marley, Spragga Benz, Louie Rankin","Action, Crime, Drama",95
418,c2924,Shottas,2002,Cess Silvera,"Ky-Mani Marley, Spragga Benz, Louie Rankin","Action, Crime, Drama",95
419,d230,the sentinel,2006,Clark Johnson,"Michael Douglas,Kiefer Sutherland,Kim Basinger,Eva Longoria,David Rasche,Raoul Bhaneja,Simon Reynolds,Danny A. Gonzales","Action, Adventure, Drama, Thriller",108
419,c2298,The Sentinel,2006,Clark Johnson,"Michael Douglas, Kiefer Sutherland, Kim Basinger","Action, Crime, Thriller",108
419,b2071,The Sentinel,2006,Clark Johnson,"Michael Douglas, Kiefer Sutherland, Eva Longoria, Kim Basinger","Mystery & Suspense, Drama",99
419,a2352,The Sentinel,2006,Clark Johnson,"Michael Douglas, Kiefer Sutherland, Kim Basinger","Action, Crime, Thriller",108
420,a1882,The Great Raid,2005,John Dahl,"Benjamin Bratt, Joseph Fiennes, James Franco","Action, Drama, War",132
420,c2422,The Great Raid,2005,John Dahl,"Benjamin Bratt, Joseph Fiennes, James Franco","Action, Drama, War",132
420,b1651,The Great Raid,2005,John Dahl,"Benjamin Bratt, James Franco, Joseph Fiennes, Connie Nielsen","Drama, Action & Adventure",142
421,d3345,the treasure of the sierra madre,1948,,,"Action, Adventure, Drama, Western",126
421,c6681,The Treasure of the Sierra Madre,1948,John Huston,"Humphrey Bogart, Walter Huston, Tim Holt","Action, Adventure, Drama",126
422,a1941,Mr. & Mrs. Smith,2005,Doug Liman,"Brad Pitt, Angelina Jolie, Adam Brody","Action, Comedy, Crime, Romance, Thriller",120
422,c2434,Mr. & Mrs. Smith,2005,Doug Liman,"Brad Pitt, Angelina Jolie, Adam Brody","Action, Comedy, Crime",120
422,b1502,Mr. & Mrs. Smith,2005,Doug Liman,"Brad Pitt, Angelina Jolie, Vince Vaughn, Adam Brody","Action & Adventure, Mystery & Suspense, Comedy",92
423,b573,Priest,2011,Scott Stewart,"Paul Bettany, Maggie Q, Cam Gigandet, Lily Collins","Western, Action & Adventure, Horror, Mystery & Suspense, Science Fiction & Fantasy",83
423,a610,Priest,2011,Scott Stewart,"Paul Bettany, Cam Gigandet, Maggie Q","Action, Fantasy, Horror, Sci-Fi, Thriller",87
423,c1171,Priest,2011,Scott Stewart,"Paul Bettany, Cam Gigandet, Maggie Q","Action, Fantasy, Horror",87
424,c913,The Watch,2012,Akiva Schaffer,"Ben Stiller, Vince Vaughn, Jonah Hill","Action, Comedy, Sci-Fi",102
424,a271,The Watch,2012,Akiva Schaffer,"Ben Stiller, Vince Vaughn, Jonah Hill","Action, Comedy, Sci-Fi",102
424,d1930,the watch,2012,Akiva Schaffer,"Ben Stiller,Vince Vaughn,Jonah Hill,Richard Ayoade,Rosemarie DeWitt,Will Forte,R. Lee Ermey","Comedy, Science Fiction",98
425,d2106,immortals,2011,Tarsem Singh,"Henry Cavill,Mickey Rourke,Stephen Dorff,Freida Pinto,Luke Evans,John Hurt,Lysander,Aethra,The Monk,Alan Van Sprang,Peter Stebbings,Daniel Sharman,Isabel Lucas","Action, Fantasy, Science Fiction",110
425,b532,Immortals,2011,Tarsem Singh,"Henry Cavill, Mickey Rourke, Freida Pinto, Stephen Dorff","Classics, Action & Adventure",110
425,c1190,Immortals,2011,Tarsem Singh,"Henry Cavill, Mickey Rourke, John Hurt","Action, Drama, Fantasy",110
425,a567,Immortals,2011,Tarsem Singh,"Henry Cavill, Mickey Rourke, John Hurt","Action, Drama, Fantasy",110
426,a2609,We Are the Strange,2007,M. dot Strange,"Chaylon Blancett, David Choe, Stuart Mahoney","Animation, Action, Adventure, Fantasy",88
426,c2198,We Are the Strange,2007,M. dot Strange,"Chaylon Blancett, David Choe, Stuart Mahoney","Animation, Action, Adventure",88
426,b2380,We Are the Strange,2007,M dot Strange,"David Choe, Stuart Mahoney, Halleh Seddighzadeh, M dot Strange","Action & Adventure, Animation, Science Fiction & Fantasy, Special Interest",88
427,c595,G.I. Joe: Retaliation,2013,Jon M. Chu,"Dwayne Johnson, Channing Tatum, Adrianne Palicki","Action, Adventure, Sci-Fi",110
427,a2741,G.I. Joe: Retaliation,2013,Jon M. Chu,"Dwayne Johnson, Channing Tatum, Adrianne Palicki","Action, Adventure, Sci-Fi, Thriller",110
427,d1733,g.i. joe: retaliation,2013,Jon M. Chu,"Channing Tatum,Dwayne Johnson,Bruce Willis,Ray Park,Adrianne Palicki,D.J. Cotrona","Action, Adventure, Science Fiction, Thriller",120
428,a1052,Street Fighter: The Legend of Chun-Li,2009,Andrzej Bartkowiak,"Kristin Kreuk, Neal McDonough, Michael Clarke Duncan","Action, Crime, Fantasy, Thriller",96
428,c1704,Street Fighter: The Legend of Chun-Li,2009,Andrzej Bartkowiak,"Kristin Kreuk, Neal McDonough, Michael Clarke Duncan","Action, Crime, Fantasy",96
429,d195,an inconvenient truth,2006,Davis Guggenheim,Al Gore,Documentary,97
429,a2218,An Inconvenient Truth,2006,Davis Guggenheim,"Al Gore, Billy West, George Bush",Documentary,96
429,b1956,An Inconvenient Truth,2006,Davis Guggenheim,Al Gore,"Documentary, Special Interest",100
430,a2832,Little Feet,2014,Alexandre Rockwell,"Lana Rockwell, Nico Rockwell, Rene Cuante-Bautista",Drama,60
430,b2588,Little Feet,2014,Alexandre Rockwell,"Lana Rockwell, Nico Rockwell, Rene Cuante-Bautista",Drama,60
431,c2099,The Condemned,2007,Scott Wiper,"Steve Austin, Vinnie Jones, Nathan Jones","Action, Thriller",113
431,a1141,The Condemned,2007,Scott Wiper,"Steve Austin, Vinnie Jones, Nathan Jones","Action, Thriller",113
432,c1428,Clash of the Titans,2010,Louis Leterrier,"Sam Worthington, Liam Neeson, Ralph Fiennes","Action, Adventure, Fantasy",106
432,a303,Clash of the Titans,2010,Louis Leterrier,"Sam Worthington, Liam Neeson, Ralph Fiennes","Action, Adventure, Fantasy",106
432,d2511,clash of the titans,2010,Louis Leterrier,"Sam Worthington,Liam Neeson,Ralph Fiennes,Jason Flemyng,Gemma Arterton,Alexa Davalos,Pete Postlethwaite,Elizabeth McGovern,Danny Huston","Action, Adventure, Fantasy, Science Fiction",106
432,b295,Clash of the Titans,2010,Louis Leterrier,"Sam Worthington, Ralph Fiennes, Liam Neeson, Jason Flemyng","Drama, Action & Adventure, Science Fiction & Fantasy",106
433,d1618,r.i.p.d.,2013,Robert Schwentke,"Jeff Bridges,Ryan Reynolds,Kevin Bacon,Stephanie Szostak,Mary-Louise Parker,Marisa Miller,Robert Knepper,James Hong","Action, Comedy, Crime",
433,c562,R.I.P.D.,2013,Robert Schwentke,"Ryan Reynolds, Jeff Bridges, Mary-Louise Parker","Action, Comedy, Sci-Fi",96
433,a2899,R.I.P.D.,2013,Robert Schwentke,"Ryan Reynolds, Jeff Bridges, Mary-Louise Parker","Action, Comedy, Sci-Fi",96
434,a1195,Big Momma's House,2000,Raja Gosnell,"Martin Lawrence, Nia Long, Paul Giamatti","Action, Comedy, Crime",99
434,c3214,Big Momma's House,2000,Raja Gosnell,"Martin Lawrence, Nia Long, Paul Giamatti","Action, Comedy, Crime",99
435,a1402,Behind Enemy Lines,2001,John Moore,"Gene Hackman, Owen Wilson, Gabriel Macht","Action, War, Drama, Thriller",106
435,b1219,Behind Enemy Lines,2001,John Moore,"Owen Wilson, Gene Hackman, Gabriel Macht, Charles Malik Whitfi...","Drama, Action & Adventure",106
435,c3021,Behind Enemy Lines,2001,John Moore,"Gene Hackman, Owen Wilson, Gabriel Macht","Action, War, Drama",106
436,b217,The Queen of Versailles,2012,Lauren Greenfield,"Virginia Nebel, David Siegel, Jackie Siegel","Documentary, Special Interest",100
436,d1934,the queen of versailles,2012,Lauren Greenfield,,Documentary,100
437,a2279,Mustang Sally,2006,Iren Koster,"Elizabeth Daily, Lindsey Labrum, Mark Parrish","Action, Horror, Thriller",85
437,c2309,Mustang Sally,2006,Iren Koster,"Elizabeth Daily, Lindsey Labrum, Mark Parrish","Action, Horror, Thriller",85
437,b2011,Mustang Sally,2006,Iren Koster,"E.G. Daily, Mark Parrish, Lindsey Labrum, E. G. Daily","Action & Adventure, Horror, Mystery & Suspense",88
438,c1442,Knight and Day,2010,James Mangold,"Tom Cruise, Cameron Diaz, Peter Sarsgaard","Action, Comedy, Romance",109
438,d2411,knight and day,2010,James Mangold,"Tom Cruise,Cameron Diaz,Peter Sarsgaard,Viola Davis,Jordi Molla,Celia Weston","Action, Adventure, Comedy, Romance",109
438,a376,Knight and Day,2010,James Mangold,"Tom Cruise, Cameron Diaz, Peter Sarsgaard","Action, Comedy, Romance",109
439,b1859,Crossover,2006,Preston A. Whitmore II,"Eva Marcille, Anthony Mackie, Wayne Brady, Wesley Jonathan","Drama, Action & Adventure",95
439,c2334,Crossover,2006,Preston A. Whitmore II,"Anthony Mackie, Wesley Jonathan, Wayne Brady","Action, Sport",95
439,a2108,Crossover,2006,Preston A. Whitmore II,"Anthony Mackie, Wesley Jonathan, Wayne Brady","Action, Sport",95
440,c2457,Stealth,2005,Rob Cohen,"Josh Lucas, Jessica Biel, Jamie Foxx","Action, Adventure, Sci-Fi",121
440,b1752,Stealth,2005,Rob Cohen,"Josh Lucas, Jessica Biel, Jamie Foxx, Sam Shepard","Action & Adventure, Mystery & Suspense, Science Fiction & Fantasy",121
440,a1987,Stealth,2005,Rob Cohen,"Josh Lucas, Jessica Biel, Jamie Foxx","Action, Adventure, Sci-Fi, Thriller",121
441,b2343,Shoot 'Em Up,2007,Michael Davis,"Clive Owen, Paul Giamatti, Monica Bellucci, Stephen McHattie","Drama, Action & Adventure, Mystery & Suspense",87
441,c2120,Shoot 'Em Up,2007,Michael Davis,"Clive Owen, Monica Bellucci, Paul Giamatti","Action, Comedy, Crime",86
441,a2569,Shoot 'Em Up,2007,Michael Davis,"Clive Owen, Monica Bellucci, Paul Giamatti","Action, Comedy, Crime, Thriller",86
441,d3159,shoot 'em up,2007,Michael Davis,"Clive Owen,Paul Giamatti,Monica Bellucci,Daniel Pilon,Greg Bryk","Action, Adventure, Thriller",86
442,c2433,The Brothers Grimm,2005,Terry Gilliam,"Matt Damon, Heath Ledger, Monica Bellucci","Action, Adventure, Comedy",118
442,a1831,The Brothers Grimm,2005,Terry Gilliam,"Matt Damon, Heath Ledger, Monica Bellucci","Action, Adventure, Comedy, Fantasy, Thriller",118
442,b1606,The Brothers Grimm,2005,Terry Gilliam,"Matt Damon, Heath Ledger, Monica Bellucci, Jonathan Pryce","Action & Adventure, Science Fiction & Fantasy, Comedy",118
443,a2745,Getaway,2013,Courtney Solomon,"Ethan Hawke, Selena Gomez, Jon Voight","Action, Crime, Thriller",90
443,d1582,getaway,2013,Courtney Solomon,"Ethan Hawke,Selena Gomez,Jon Voight,Paul Freeman,Bruce Payne,Rebecca Budig","Action, Crime",
443,c658,Getaway,2013,Courtney Solomon,"Ethan Hawke, Selena Gomez, Jon Voight","Action, Crime, Thriller",90
444,b964,Push,2009,Paul McGuigan,"Chris Evans, Dakota Fanning, Camilla Belle, Djimon Hounsou","Mystery & Suspense, Science Fiction & Fantasy",111
444,d2848,push,2009,Paul McGuigan,"Chris Evans,Dakota Fanning,Camilla Belle,Djimon Hounsou","Action, Science Fiction, Thriller",111
444,c1690,Push,2009,Paul McGuigan,"Camilla Belle, Dakota Fanning, Chris Evans","Action, Sci-Fi, Thriller",111
445,a1413,Cats & Dogs,2001,Lawrence Guterman,"Alec Baldwin, Tobey Maguire, Jeff Goldblum","Action, Comedy, Family, Fantasy",87
445,c3057,Cats & Dogs,2001,Lawrence Guterman,"Alec Baldwin, Tobey Maguire, Jeff Goldblum","Action, Comedy, Family",87
445,b1230,Cats & Dogs,2001,Larry Guterman,"Jeff Goldblum, Elizabeth Perkins, Miriam Margolyes, Alexander Pollock","Action & Adventure, Kids & Family, Romance, Comedy",87
446,a250,Stolen,2012,Simon West,"Nicolas Cage, Malin Akerman, Josh Lucas","Action, Crime, Drama, Thriller",96
446,b247,Stolen,2012,Simon West,"Nicolas Cage, Josh Lucas, Danny Huston, Malin Akerman","Drama, Action & Adventure, Mystery & Suspense",96
446,c949,Stolen,2012,Simon West,"Nicolas Cage, Malin Akerman, Josh Lucas","Action, Crime, Drama",96
447,a1378,15 Minutes,2001,John Herzfeld,"Robert De Niro, Edward Burns, Kelsey Grammer","Action, Crime, Drama, Thriller",120
447,b1198,15 Minutes,2001,John Herzfeld,"Robert De Niro, Edward Burns, Kelsey Grammer, Avery Brooks","Drama, Action & Adventure, Television, Mystery & Suspense",110
447,c3025,15 Minutes,2001,John Herzfeld,"Robert De Niro, Edward Burns, Kelsey Grammer","Action, Crime, Drama",120
448,c5277,First Blood,1982,Ted Kotcheff,"Sylvester Stallone, Brian Dennehy, Richard Crenna","Action, Thriller",93
448,a805,First Blood,1982,Ted Kotcheff,"Sylvester Stallone, Brian Dennehy, Richard Crenna","Action, Thriller",93
449,c5590,Superman,1978,Richard Donner,"Christopher Reeve, Margot Kidder, Gene Hackman","Action, Drama, Sci-Fi",143
449,d2380,superman,1978,,,"Action, Family, Fantasy, Science Fiction",143
450,b2484,Empire State,2013,Dito Montiel,"Liam Hemsworth, Emma Roberts, Dwayne ""The Rock"" Jo..., Michael Angarano",Drama,94
450,c660,Empire State,2013,Dito Montiel,"Liam Hemsworth, Michael Angarano, Dwayne Johnson","Action, Crime, Drama",94
450,a2718,Empire State,2013,Dito Montiel,"Liam Hemsworth, Michael Angarano, Dwayne Johnson","Action, Crime, Drama, Thriller",94
451,c2435,Elektra,2005,Rob Bowman,"Jennifer Garner, Goran Visnjic, Will Yun Lee","Action, Crime, Fantasy",97
451,a1862,Elektra,2005,Rob Bowman,"Jennifer Garner, Goran Visnjic, Will Yun Lee","Action, Crime, Fantasy, Thriller",97
451,b1634,Elektra,2005,Rob Bowman,"Jennifer Garner, Goran Visnjic, Kirsten Prout, Will Yun Lee","Drama, Action & Adventure",98
452,c1426,Unstoppable,2010,Tony Scott,"Denzel Washington, Chris Pine, Rosario Dawson","Action, Thriller",98
452,b438,Unstoppable,2010,Tony Scott,"Denzel Washington, Chris Pine, Rosario Dawson, Ethan Suplee","Drama, Action & Adventure, Mystery & Suspense",98
452,d2308,unstoppable,2010,Tony Scott,"Denzel Washington,Chris Pine,Rosario Dawson,Ethan Suplee,Kevin Dunn","Action, Thriller",98
452,a460,Unstoppable,2010,Tony Scott,"Denzel Washington, Chris Pine, Rosario Dawson","Action, Thriller",98
453,a464,Welcome to the Rileys,2011,Jake Scott,"James Gandolfini, Kristen Stewart, Melissa Leo",Drama,110
453,b443,Welcome to the Rileys,2010,Jake Scott,"James Gandolfini, Kristen Stewart, Melissa Leo, Joe Chrest",Drama,110
453,d2322,welcome to the rileys,2010,Jake Scott,,"Drama, Indie",110
454,c2598,Torque,2004,Joseph Kahn,"Martin Henderson, Ice Cube, Monet Mazur","Action, Comedy, Crime",84
454,a1782,Torque,2004,Joseph Kahn,"Martin Henderson, Ice Cube, Monet Mazur","Action, Comedy, Crime, Thriller",84
454,b1560,Torque,2004,Joseph Kahn,"Martin Henderson, Ice Cube, Monet Mazur, Matt Schulze",Action & Adventure,81
455,a1723,National Treasure,2004,Jon Turteltaub,"Nicolas Cage, Diane Kruger, Justin Bartha","Action, Adventure, Mystery, Thriller",131
455,c2640,National Treasure,2004,Jon Turteltaub,"Nicolas Cage, Diane Kruger, Justin Bartha","Action, Adventure, Mystery",131
456,b212,Premium Rush,2012,David Koepp,"Joseph Gordon-Levitt, Michael Shannon, Dania Ramirez, Jamie Chung","Drama, Action & Adventure, Mystery & Suspense",90
456,d1814,premium rush,2012,David Koepp,"Joseph Gordon-Levitt,Michael Shannon,Daniela Ramirez,Lauren Ashley Carter,Jamie Chung,Wole Parks","Action, Thriller",91
456,a217,Premium Rush,2012,David Koepp,"Joseph Gordon-Levitt, Michael Shannon, Dania Ramirez","Action, Crime, Thriller",91
456,c928,Premium Rush,2012,David Koepp,"Joseph Gordon-Levitt, Michael Shannon, Dania Ramirez","Action, Crime, Thriller",91
457,a1954,The Pacifier,2005,Adam Shankman,"Vin Diesel, Brittany Snow, Max Thieriot","Action, Comedy, Drama, Family, Thriller",95
457,c2468,The Pacifier,2005,Adam Shankman,"Vin Diesel, Brittany Snow, Max Thieriot","Action, Comedy, Drama",95
457,b1720,The Pacifier,2005,Adam Shankman,"Vin Diesel, Lauren Graham, Faith Ford, Brittany Snow","Action & Adventure, Kids & Family, Comedy",95
458,a1859,The Dukes of Hazzard,2005,Jay Chandrasekhar,"Seann William Scott, Johnny Knoxville, Jessica Simpson","Action, Adventure, Comedy",104
458,b1631,The Dukes of Hazzard,2005,Jay Chandrasekhar,"Johnny Knoxville, Seann William Scott, Alice Greczyn, Jessica Simpson","Action & Adventure, Comedy",104
458,c2448,The Dukes of Hazzard,2005,Jay Chandrasekhar,"Seann William Scott, Johnny Knoxville, Jessica Simpson","Action, Adventure, Comedy",104
459,a1521,Osmosis Jones,2001,Bobby Farrelly,"Laurence Fishburne, Chris Rock, David Hyde Pierce","Animation, Action, Adventure, Comedy, Fantasy",95
459,c3026,Osmosis Jones,2001,Bobby Farrelly,"Laurence Fishburne, Chris Rock, David Hyde Pierce","Animation, Action, Adventure",95
460,a2107,Crank,2006,Mark Neveldine,"Jason Statham, Amy Smart, Carlos Sanz","Action, Crime, Thriller",88
460,c2343,Crank,2006,Mark Neveldine,"Jason Statham, Amy Smart, Carlos Sanz","Action, Crime, Thriller",88
460,b1858,Crank,2006,Mark Neveldine,"Jason Statham, Amy Smart, Efren Ramirez, Jose Pablo Cantillo","Action & Adventure, Mystery & Suspense, Comedy",87
461,a1578,Waking Life,2001,Richard Linklater,"Ethan Hawke, Trevor Jack Brooks, Lorelei Linklater","Animation, Drama, Fantasy",99
461,d2816,waking life,2001,Richard Linklater,,"Animation, Drama, Fantasy, Indie",99
462,d2944,traitor,2008,Jeffrey Nachmanoff,"Don Cheadle,Guy Pearce,Said Taghmaoui,Neal McDonough,Aly Khan,Archie Panjabi,Jeff Daniels,Raad Rawi,Hassam Ghancy,Mozhan Marno","Action, Crime, Drama, Thriller",114
462,a840,Traitor,2008,Jeffrey Nachmanoff,"Don Cheadle, Guy Pearce, Archie Panjabi","Action, Crime, Drama, Thriller",114
462,c1977,Traitor,2008,Jeffrey Nachmanoff,"Don Cheadle, Guy Pearce, Archie Panjabi","Action, Crime, Drama",114
463,b858,District 9,2009,Neill Blomkamp,"Sharlto Copley, David James, Vanessa Haywood, Mandla Gaduka","Drama, Action & Adventure, Art House & International, Science Fiction & Fantasy",112
463,c1748,District 9,2009,Neill Blomkamp,"Sharlto Copley, David James, Jason Cope","Action, Sci-Fi, Thriller",112
463,a921,District 9,2009,Neill Blomkamp,"Sharlto Copley, David James, Jason Cope","Action, Sci-Fi, Thriller",112
463,d2686,district 9,2009,Neill Blomkamp,"Sharlto Copley,David James,Vanessa Haywood,Mandla Gaduka,Kenneth Nkosi","Action, Foreign, Science Fiction, Thriller",112
464,b1078,Highlander: Endgame,2000,Doug Aarniokoski,"Christopher Lambert, Adrian Paul, Bruce Payne, Lisa Barbuscia","Action & Adventure, Science Fiction & Fantasy",85
464,a1250,Highlander: Endgame,2000,Douglas Aarniokoski,"Christopher Lambert, Adrian Paul, Bruce Payne","Action, Adventure, Fantasy, Sci-Fi",87
464,c3169,Highlander: Endgame,2000,Douglas Aarniokoski,"Christopher Lambert, Adrian Paul, Bruce Payne","Action, Adventure, Fantasy",87
465,a1626,The Chronicles of Riddick,2004,David Twohy,"Vin Diesel, Judi Dench, Colm Feore","Action, Adventure, Sci-Fi, Thriller",119
465,c2581,The Chronicles of Riddick,2004,David Twohy,"Vin Diesel, Judi Dench, Colm Feore","Action, Adventure, Sci-Fi",119
466,b2299,Next,2007,Lee Tamahori,"Nicolas Cage, Julianne Moore, Jessica Biel, Thomas Kretschmann","Mystery & Suspense, Science Fiction & Fantasy",96
466,a2523,Next,2007,Lee Tamahori,"Nicolas Cage, Julianne Moore, Jessica Biel","Action, Sci-Fi, Thriller",96
466,c2096,Next,2007,Lee Tamahori,"Nicolas Cage, Julianne Moore, Jessica Biel","Action, Sci-Fi, Thriller",96
467,c1552,MacGruber,2010,Jorma Taccone,"Will Forte, Kristen Wiig, Val Kilmer","Action, Comedy, Romance",90
467,b376,MacGruber,2010,Jorma Taccone,"Will Forte, Kristen Wiig, Ryan Phillippe, Powers Boothe","Action & Adventure, Comedy",90
467,a394,MacGruber,2010,Jorma Taccone,"Will Forte, Kristen Wiig, Val Kilmer","Action, Comedy, Romance",90
468,d2282,real steel,2011,Shawn Levy,"Hugh Jackman,Dakota Goyo,Evangeline Lilly,Anthony Mackie,Kevin Durand,Hope Davis,James Rebhorn","Action, Drama, Science Fiction, Sport",127
468,b578,Real Steel,2011,Shawn Levy,"Hugh Jackman, Dakota Goyo, Anthony Mackie, Evangeline Lilly","Drama, Action & Adventure, Science Fiction & Fantasy",126
468,c1165,Real Steel,2011,Shawn Levy,"Hugh Jackman, Evangeline Lilly, Dakota Goyo","Action, Drama, Sci-Fi",127
468,a615,Real Steel,2011,Shawn Levy,"Hugh Jackman, Evangeline Lilly, Dakota Goyo","Action, Drama, Sci-Fi, Sport",127
469,b1008,The 6th Day,2000,Rogerspottiswoode,"Arnold Schwarzenegge..., Michael Rapaport, Tony Goldwyn, Michael Rooker","Action & Adventure, Mystery & Suspense, Science Fiction & Fantasy",123
469,a1176,The 6th Day,2000,Roger Spottiswoode,"Arnold Schwarzenegger, Michael Rapaport, Tony Goldwyn","Action, Mystery, Sci-Fi, Thriller",123
469,c3223,The 6th Day,2000,Roger Spottiswoode,"Arnold Schwarzenegger, Michael Rapaport, Tony Goldwyn","Action, Mystery, Sci-Fi",123
470,c2636,After the Sunset,2004,Brett Ratner,"Pierce Brosnan, Salma Hayek, Woody Harrelson","Action, Comedy, Crime",97
470,a1588,After the Sunset,2004,Brett Ratner,"Pierce Brosnan, Salma Hayek, Woody Harrelson","Action, Comedy, Crime, Drama",97
470,b1379,After the Sunset,2004,Brett Ratner,"Pierce Brosnan, Salma Hayek, Woody Harrelson, Naomie Harris","Drama, Action & Adventure, Comedy",100
471,a2381,Superman Returns,2006,Bryan Singer,"Brandon Routh, Kevin Spacey, Kate Bosworth","Action, Adventure, Fantasy, Sci-Fi",154
471,c2253,Superman Returns,2006,Bryan Singer,"Brandon Routh, Kevin Spacey, Kate Bosworth","Action, Adventure, Fantasy",154
471,b2096,Superman Returns,2006,Bryan Singer,"Brandon Routh, Kate Bosworth, Kevin Spacey, James Marsden","Drama, Action & Adventure, Science Fiction & Fantasy",154
471,d214,superman returns,2006,Bryan Singer,"Brandon Routh,Kevin Spacey,Kate Bosworth,James Marsden,Frank Langella,Sam Huntington,Eva Marie Saint,Parker Posey","Action, Adventure, Fantasy, Science Fiction",154
472,a695,The Chronicles of Narnia: Prince Caspian,2008,Andrew Adamson,"Ben Barnes, Skandar Keynes, Georgie Henley","Action, Adventure, Family, Fantasy",150
472,d3042,the chronicles of narnia: prince caspian,2008,Andrew Adamson,"Ben Barnes,Georgie Henley,Skandar Keynes,William Moseley,Anna Popplewell,Sergio Castellitto,Peter Dinklage,Warwick Davis,Eddie Izzard","Action, Adventure, Family, Fantasy, Science Fiction",150
472,c1930,The Chronicles of Narnia: Prince Caspian,2008,Andrew Adamson,"Ben Barnes, Skandar Keynes, Georgie Henley","Action, Adventure, Family",150
473,d2594,the box,2009,Richard Kelly,"Cameron Diaz,James Marsden,Frank Langella","Drama, Horror, Mystery, Thriller",115
473,b835,The Box,2009,Richard Kelly,"Cameron Diaz, James Marsden, Frank Langella, James Rebhorn","Horror, Mystery & Suspense, Science Fiction & Fantasy",116
473,a896,The Box,2009,Richard Kelly,"Cameron Diaz, James Marsden, Frank Langella","Drama, Mystery, Sci-Fi, Thriller",115
474,a2020,16 Blocks,2006,Richard Donner,"Bruce Willis, Yasiin Bey, David Morse","Action, Crime, Drama, Thriller",105
474,b1783,16 Blocks,2006,Richard Donner,"Bruce Willis, Richard Donner, Yasiin Bey, David Morse","Drama, Action & Adventure, Mystery & Suspense",101
474,c2308,16 Blocks,2006,Richard Donner,"Bruce Willis, Yasiin Bey, David Morse","Action, Crime, Drama",105
474,d324,16 blocks,2006,Richard Donner,"Bruce Willis,Mos Def,David Morse,Tig Fong,Cylk Cozart,Michael F. Keenan,Sasha Roiz","Action, Adventure, Crime, Thriller",105
475,b288,Burlesque,2010,Steve Antin,"Cher, Christina Aguilera, Cam Gigandet, Stanley Tucci","Drama, Romance, Musical & Performing Arts",119
475,d2319,burlesque,2010,Steven Antin,,"Drama, Music",119
475,a295,Burlesque,2010,Steve Antin,"Cher, Christina Aguilera, Alan Cumming","Drama, Music, Romance",119
476,a2055,Babel,2006,Alejandro González Iñárritu,"Brad Pitt, Cate Blanchett, Gael García Bernal",Drama,143
476,b1813,Babel,2006,Alejandro Gonzlez Irritu,"Brad Pitt, Cate Blanchett, Gael Garca Bernal, Adriana Barraza",Drama,143
476,d52,babel,2006,Alejandro Gonzalez Inarritu,,"Drama, Indie",143
477,c1451,The Nutcracker in 3D,2010,Andrey Konchalovskiy,"Elle Fanning, Nathan Lane, John Turturro","Action, Family, Fantasy",110
477,d2321,the nutcracker in 3d,2010,Andrei Konchalovsky,,"Action, Family, Fantasy, Science Fiction",110
478,a1009,New York I Love You,2009,Fatih Akin,"Shia LaBeouf, Natalie Portman, Bradley Cooper","Comedy, Drama, Romance",103
478,b939,New York I Love You,2009,Faith Akin,"Orlando Bloom, Natalie Portman, Bradley Cooper, Christina Ricci","Drama, Comedy",110
478,d2577,"new york, i love you",2009,"Jiang Wen,Mira Nair,Shunji Iwai,Yvan Attal,Brett Ratner,Allen Hughes,Shekhar Kapur,Natalie Portman,Fatih Akin,Joshua Marston,Randy Balsmeyer",,"Comedy, Drama, Romance",103
479,a1149,Darfur Now,2007,Ted Braun,"Don Cheadle, Ahmed Mahammed Abaka, Sheikh Ahmed Mohamad Abakar",Documentary,98
479,b2190,Darfur Now,2007,Ted Braun,"Hawa Abaker, Kalatumh Adam, Nimeri Issa, Don Cheadle","Documentary, Drama, Musical & Performing Arts, Special Interest",90
479,d3061,darfur now,2007,Red Braun,,"Crime, Documentary",98
480,a898,Brothers,2009,Jim Sheridan,"Jake Gyllenhaal, Natalie Portman, Tobey Maguire","Drama, Thriller",105
480,b837,Brothers,2009,Jim Sheridan,"Tobey Maguire, Jake Gyllenhaal, Natalie Portman, Sam Shepard","Mystery & Suspense, Drama",105
480,d2615,brothers,2009,Jim Sheridan,"Jake Gyllenhaal,Natalie Portman,Tobey Maguire,Sam Shepard,Mare Winningham","Drama, Romance, Thriller",104
481,a405,Never Let Me Go,2010,Mark Romanek,"Keira Knightley, Carey Mulligan, Andrew Garfield","Drama, Romance, Sci-Fi",103
481,d2448,never let me go,2010,Mark Romanek,"Carey Mulligan,Andrew Garfield,Keira Knightley,Charlotte Rampling,Sally Hawkins","Drama, Foreign, Romance, Science Fiction, Thriller",103
481,b387,Never Let Me Go,2010,Mark Romanek,"Andrew Garfield, Keira Knightley, Carey Mulligan, Charlotte Rampling","Drama, Mystery & Suspense, Science Fiction & Fantasy",104
482,b2957,Dark City,1998,Alex Proyas,"Rufus Sewell, Kiefer Sutherland, Jennifer Connelly, William Hurt","Horror, Mystery & Suspense, Science Fiction & Fantasy",101
482,d337,dark city,1998,Alex Proyas,"Rufus Sewell,William Hurt,Kiefer Sutherland,Jennifer Connelly,Richard O'Brien","Mystery, Science Fiction, Thriller",103
483,b2161,I Believe in Unicorns,2015,Leah Meyerhoff,"Natalia Dyer, Peter Vack, Julia Garner, Amy Seimetz",Drama,80
483,d581,i believe in unicorns,2015,Leah Meyerhoff,"Natalia Dyer,Peter Vack,Julia Garner,Amy Seimetz,Toni Meyerhoff",Drama,80
484,a729,Frozen River,2008,Courtney Hunt,"Melissa Leo, Misty Upham, Charlie McDermott","Crime, Drama",97
484,d2931,frozen river,2008,Courtney Hunt,"Melissa Leo,Misty Upham,Charlie McDermott,James Reilly,Michael O'Keefe","Crime, Drama, Thriller",97
484,b681,Frozen River,2008,Courtney Hunt,"Melissa Leo, Misty Upham, Charlie McDermott, Michael O'Keefe",Drama,97
485,d2205,the future,2011,Miranda July,"Miranda July,Hamish Linklater,David Warshofsky,Joe Putterlik,Isabella Acres","Drama, Indie",91
485,b509,The Future,2011,Miranda July,"Hamish Linklater, Miranda July, David Warshofsky, Isabella Acres","Drama, Comedy",91
486,a269,The Vow,2012,Michael Sucsy,"Rachel McAdams, Channing Tatum, Sam Neill","Drama, Romance",104
486,d2095,the vow,2012,Michael Sucsy,"Rachel McAdams,Channing Tatum,Jessica Lange,Sam Neill,Scott Speedman","Drama, Romance",104
486,b265,The Vow,2012,Michael Sucsy,"Rachel McAdams, Channing Tatum, Jessica Lange, Sam Neill","Drama, Romance",104
487,b563,The Muppets,2011,James Bobin,"Jason Segel, Amy Adams, Chris Cooper, Rashida Jones","Comedy, Kids & Family",102
487,d2137,the muppets,2011,James Bobin,"Jason Segel,Amy Adams,Chris Cooper,Zach Galifianakis,Rashida Jones","Comedy, Family, Musical",103
488,a831,Step Brothers,2008,Adam McKay,"Will Ferrell, John C. Reilly, Mary Steenburgen",Comedy,98
488,b774,Step Brothers,2008,Adam McKay,"Will Ferrell, John C. Reilly, Mary Steenburgen, Richard Jenkins",Comedy,98
488,d2967,step brothers,2008,Adam McKay,"Will Ferrell,John C. Reilly,Mary Steenburgen,Richard Jenkins,Adam Scott",Comedy,98
489,b140,The Forger,2015,Philip Martin,"John Travolta, Christopher Plummer, Jennifer Ehle, Abigail Spencer","Drama, Action & Adventure, Mystery & Suspense",92
489,a144,The Forger,2015,Philip Martin,"John Travolta, Christopher Plummer, Tye Sheridan","Crime, Drama, Thriller",92
489,d555,the forger,2015,Philip Martin,"John Travolta,Christopher Plummer,Tye Sheridan,Jennifer Ehle,Abigail Spencer","Crime, Drama, Thriller",92
490,d401,hitman: agent 47,2015,Aleksander Bach,"Rupert Friend,Zachary Quinto,Hannah Ware,Thomas Kretschmann,Ciarán Hinds","Action, Crime, Thriller",96
490,b2239,Hitman: Agent 47,2015,Aleksander Bach,"Rupert Friend, Hannah Ware, Zachary Quinto, Thomas Kretschmann",Action & Adventure,85
491,b2491,Evil Dead,2013,Fede Alvarez,"Jane Levy, Shiloh Fernandez, Lou Taylor Pucci, Jessica Lucas","Mystery & Suspense, Horror",91
491,a2726,Evil Dead,2013,Fede Alvarez,"Jane Levy, Shiloh Fernandez, Jessica Lucas",Horror,91
491,d1698,evil dead,2013,Fede Alvarez,"Jane Levy,Shiloh Fernandez,Jessica Lucas,Lou Taylor Pucci,Elizabeth Blackmore","Horror, Thriller",90
492,a985,Law Abiding Citizen,2009,F. Gary Gray,"Gerard Butler, Jamie Foxx, Leslie Bibb","Crime, Drama, Thriller",109
492,b916,Law Abiding Citizen,2009,F. Gary Gray,"Jamie Foxx, Gerard Butler, Colm Meaney, Bruce McGill","Mystery & Suspense, Drama",109
492,d2670,law abiding citizen,2009,F. Gary Gray,"Jamie Foxx,Gerard Butler,Colm Meaney,Bruce McGill,Viola Davis","Crime, Drama, Thriller",109
493,a1829,Brokeback Mountain,2006,Ang Lee,"Jake Gyllenhaal, Heath Ledger, Michelle Williams","Drama, Romance",134
493,d278,brokeback mountain,2005,Ang Lee,"Heath Ledger,Jake Gyllenhaal,Michelle Williams,Anne Hathaway,Randy Quaid","Drama, Romance",134
493,b1604,Brokeback Mountain,2005,Ang Lee,"Heath Ledger, Jake Gyllenhaal, Anne Hathaway, Michelle Williams","Drama, Romance",134
494,a874,Alien Trespass,2009,R.W. Goodwin,"Eric McCormack, Jenni Baird, Robert Patrick","Comedy, Horror, Sci-Fi, Thriller",90
494,d2797,alien trespass,2009,R.W. Goodwin,"Eric McCormack,Jenni Baird,Robert Patrick,Jody Thompson,Dan Lauria","Action, Adventure, Comedy, Science Fiction",90
494,b816,Alien Trespass,2009,R.W. Goodwin,"Eric McCormack, Jenni Baird, Dan Lauria, Robert Patrick","Drama, Mystery & Suspense, Science Fiction & Fantasy, Comedy",90
495,b302,Cyrus,2010,Jay Duplass,"John C. Reilly, Jonah Hill, Marisa Tomei, Catherine Keener",Comedy,91
495,a311,Cyrus,2010,Jay Duplass,"John C. Reilly, Marisa Tomei, Jonah Hill","Comedy, Drama, Romance",91
495,d2415,cyrus,2010,"Jay Duplass, Mark Duplass","John C. Reilly,Jonah Hill,Marisa Tomei,Catherine Keener,Matt Walsh","Comedy, Drama, Horror, Romance",91
496,a2753,The Great Gatsby,2013,Baz Luhrmann,"Leonardo DiCaprio, Carey Mulligan, Joel Edgerton","Drama, Romance",143
496,d1674,the great gatsby,2013,Baz Luhrmann,"Leonardo DiCaprio,Carey Mulligan,Isla Fisher,Tobey Maguire,Joel Edgerton","Drama, Romance",143
496,b2516,The Great Gatsby,2013,Baz Luhrmann,"Leonardo DiCaprio, Carey Mulligan, Tobey Maguire, Isla Fisher","Drama, Romance",142
497,b659,Defiance,2009,Edward Zwick,"Daniel Craig, Liev Schreiber, Jamie Bell, Alexa Davalos",Drama,137
497,d2832,defiance,2009,Edward Zwick,"Daniel Craig,Liev Schreiber,Jamie Bell,Allan Corduner,Alexa Davalos","Action, Drama, History, War",137
497,c1992,Defiance,2008,Edward Zwick,"Daniel Craig, Liev Schreiber, Jamie Bell","Action, Drama, History",137
498,a2959,Warm Bodies,2013,Jonathan Levine,"Nicholas Hoult, Teresa Palmer, John Malkovich","Comedy, Horror, Romance",98
498,d1767,warm bodies,2013,Jonathan Levine,"Nicholas Hoult,Teresa Palmer,Analeigh Tipton,Rob Corddry,John Malkovich","Drama, Horror, Romance",97
498,b2705,Warm Bodies,2013,Jonathan Levine,"Nicholas Hoult, Teresa Palmer, Rob Corddry, John Malkovich",Comedy,97
499,a223,The Raven,2012,James McTeigue,"John Cusack, Alice Eve, Luke Evans","Crime, Mystery, Thriller",110
499,b219,The Raven,2012,James McTeigue,"Luke Evans, John Cusack, Brendan Gleeson, Alice Eve",Mystery & Suspense,110
499,d2034,the raven,2012,James McTeigue,"John Cusack,Luke Evans,Alice Eve,Brendan Gleeson,Kevin McNally","Mystery, Thriller",111
500,d440,escobar: paradise lost,2015,Andrea Di Stefano,"Benicio Del Toro,Josh Hutcherson,Brady Corbet,Claudia Traisac,Carlos Bardem","Romance, Thriller",120
500,b2622,Escobar: Paradise Lost,2015,Andrea Di Stefano,"Benicio Del Toro, Josh Hutcherson, Claudia Traisac, Brady Corbet","Drama, Romance, Mystery & Suspense",120
501,d1846,about cherry,2012,Stephen Elliott,"Ashley Hinshaw,Heather Graham,James Franco,Dev Patel,Lili Taylor",Drama,102
501,b7,About Cherry,2012,Stephen Elliott,"Ashley Hinshaw, Lili Taylor, Dev Patel, Heather Graham",Drama,102
501,a7,About Cherry,2012,Stephen Elliott,"Ashley Hinshaw, James Franco, Heather Graham",Drama,98
502,a47,Being Flynn,2012,Paul Weitz,"Paul Dano, Robert De Niro, Julianne Moore",Drama,102
502,b49,Being Flynn,2012,Paul Weitz,"Robert De Niro, Paul Dano, Julianne Moore, Olivia Thirlby",Drama,102
502,d2059,being flynn,2012,Paul Weitz,"Robert De Niro,Paul Dano,Julianne Moore,Olivia Thirlby,Lili Taylor","Comedy, Drama",102
503,a177,Keep the Lights On,2012,Ira Sachs,"Thure Lindhardt, Zachary Booth, Julianne Nicholson",Drama,101
503,d1866,keep the lights on,2012,Ira Sachs,"Thure Lindhardt,Zachary Booth,Julianne Nicholson,Paprika Steen,Souleymane Sy Savane","Drama, Romance",101
503,b174,Keep the Lights On,2012,Ira Sachs,"Thure Lindhardt, Zachary Booth, Julianne Nicholson, Souleymane Sy Savane","Drama, Gay & Lesbian",101
504,a147,Frankenweenie,2012,Tim Burton,"Winona Ryder, Catherine O'Hara, Martin Short","Animation, Comedy, Family, Horror, Sci-Fi",87
504,b144,Frankenweenie,2012,Tim Burton,"Charlie Tahan, Winona Ryder, Martin Landau, Catherine O'Hara","Horror, Animation, Science Fiction & Fantasy, Comedy",90
504,d1847,frankenweenie,2012,Tim Burton,"Charlie Tahan,Martin Short,Catherine O'Hara,Martin Landau,Winona Ryder","Animation, Comedy, Horror",87
505,b683,Funny Games,2008,Michael Haneke,"Naomi Watts, Tim Roth, Michael Pitt, Brady Corbet",Mystery & Suspense,112
505,d3076,funny games,2008,Michael Haneke,"Naomi Watts,Tim Roth,Michael Pitt,Brady Corbet,Devon Gearhart",,111
505,a730,Funny Games,2008,Michael Haneke,"Naomi Watts, Tim Roth, Michael Pitt","Crime, Drama, Thriller",111
506,a170,Killer Joe,2012,William Friedkin,"Matthew McConaughey, Emile Hirsch, Juno Temple","Crime, Drama, Thriller",102
506,b175,Killer Joe,2012,William Friedkin,"Matthew McConaughey, Emile Hirsch, Juno Temple, Thomas Haden Church","Mystery & Suspense, Comedy",102
506,d1932,killer joe,2012,William Friedkin,"Matthew McConaughey,Emile Hirsch,Juno Temple,Thomas Haden Church,Gina Gershon","Comedy, Drama, Thriller",102
507,b337,Happy Tears,2010,Mitchell Lichtenstein,"Demi Moore, Parker Posey, Rip Torn, Ellen Barkin","Drama, Comedy",96
507,d2563,happy tears,2010,Mitchell Lichtenstein,"Rip Torn,Parker Posey,Demi Moore,Ellen Barkin,Christian Camargo","Comedy, Drama, Indie",95
507,a349,Happy Tears,2009,Mitchell Lichtenstein,"Parker Posey, Demi Moore, Rip Torn","Comedy, Drama",92
508,d2295,the fighter,2010,David O. Russell,"Mark Wahlberg,Christian Bale,Melissa Leo,Amy Adams,Jack McGee","Drama, Sport",116
508,a332,The Fighter,2010,David O. Russell,"Mark Wahlberg, Christian Bale, Amy Adams","Biography, Drama, Sport",116
508,b321,The Fighter,2010,David O. Russell,"Christian Bale, Mark Wahlberg, Amy Adams, Melissa Leo","Sports & Fitness, Drama",115
509,b892,Humpday,2009,Lynn Shelton,"Mark Duplass, Joshua Leonard, Alycia Delmore, Lynn Shelton","Drama, Comedy",94
509,a958,Humpday,2009,Lynn Shelton,"Mark Duplass, Joshua Leonard, Alycia Delmore",Comedy,94
509,d2727,humpday,2009,Lynn Shelton,"Mark Duplass,Joshua Leonard,Alycia Delmore,Lynn Shelton,Trina Willard","Comedy, Indie",94
510,a819,Sex Drive,2008,Sean Anders,"Josh Zuckerman, Clark Duke, Amanda Crew","Adventure, Comedy, Romance",109
510,b762,Sex Drive,2008,Sean Anders,"Josh Zuckerman, Amanda Crew, Clark Duke, James Marsden",Comedy,109
510,d2884,sex drive,2008,Sean Anders,"Josh Zuckerman,Clark Duke,Amanda Crew,James Marsden,Seth Green","Adventure, Comedy, Romance",109
511,b2135,30 Days of Night,2007,David Slade,"Josh Hartnett, Melissa George, Danny Huston, Ben Foster","Mystery & Suspense, Horror",113
511,d43,30 days of night,2007,David Slade,"Josh Hartnett,Danny Huston,Ben Foster,Melissa George,Manu Bennett","Action, Horror, Thriller",113
511,a1088,30 Days of Night,2007,David Slade,"Josh Hartnett, Melissa George, Danny Huston","Horror, Thriller",113
512,a188,The Lucky One,2012,Scott Hicks,"Zac Efron, Taylor Schilling, Blythe Danner","Drama, Romance",101
512,b187,The Lucky One,2012,Scott Hicks,"Zac Efron, Taylor Schilling, Blythe Danner, Riley Thomas Stewart",Drama,101
512,d2028,the lucky one,2012,Scott Hicks,"Zac Efron,Taylor Schilling,Blythe Danner,Riley Thomas Stewart,Jay R. Ferguson","Drama, Romance",101
513,d171,v for vendetta,2006,James McTeigue,"Natalie Portman,Hugo Weaving,Stephen Rea,Stephen Fry,John Hurt","Action, Science Fiction, Thriller",132
513,b2115,V for Vendetta,2006,James McTeigue,"Natalie Portman, Hugo Weaving, Stephen Rea, John Hurt","Drama, Action & Adventure, Mystery & Suspense, Science Fiction & Fantasy",145
513,a2404,V for Vendetta,2006,James McTeigue,"Hugo Weaving, Natalie Portman, Rupert Graves","Action, Drama, Thriller",132
513,c2509,V for Vendetta,2005,James McTeigue,"Hugo Weaving, Natalie Portman, Rupert Graves","Action, Drama, Thriller",132
514,b766,Smart People,2008,Noam Murro,"Dennis Quaid, Sarah Jessica Parker, Thomas Haden Church, Ellen Page","Drama, Romance, Comedy",95
514,a823,Smart People,2008,Noam Murro,"Dennis Quaid, Thomas Haden Church, Sarah Jessica Parker","Comedy, Drama, Romance",95
514,d3086,smart people,2008,Noam Murro,"Dennis Quaid,Sarah Jessica Parker,Thomas Haden Church,Ellen Page,Ashton Holmes","Comedy, Drama, Indie, Romance",95
515,d2014,the grey,2012,Joe Carnahan,"Liam Neeson,Dermot Mulroney,Frank Grillo,Dallas Roberts,Joe Anderson","Action, Adventure, Drama, Thriller",117
515,c1247,The Grey,2011,Joe Carnahan,"Liam Neeson, Dermot Mulroney, Frank Grillo","Action, Adventure, Drama",117
515,b154,The Grey,2012,Joe Carnahan,"Liam Neeson, Frank Grillo, Dermot Mulroney, Dallas Roberts","Drama, Action & Adventure",118
515,a156,The Grey,2012,Joe Carnahan,"Liam Neeson, Dermot Mulroney, Frank Grillo","Action, Adventure, Drama, Thriller",117
516,b2694,Turbo Kid,2015,Anouk Whissell,"Munro Chambers, Laurence Leboeuf, Aaron Jeffery, Michael Ironside",Action & Adventure,90
516,d366,turbo kid,2015,"François Simard,Anouk Whissell,Yoann-Karl Whissell","Munro Chambers,Laurence Leboeuf,Michael Ironside,Aaron Jeffery,Edwin Wright","Action, Adventure, Comedy, Horror, Science Fiction",93
517,a445,Splice,2010,Vincenzo Natali,"Adrien Brody, Sarah Polley, Delphine Chanéac","Horror, Sci-Fi",104
517,b423,Splice,2010,Vincenzo Natali,"Adrien Brody, Sarah Polley, David Hewlett, Delphine Chaneac","Science Fiction & Fantasy, Horror",100
517,d2393,splice,2010,Vincenzo Natali,"Adrien Brody,Sarah Polley,Delphine Chaneac,Brandon McGibbon,David Hewlett","Science Fiction, Thriller",104
518,b973,The Soloist,2009,Joe Wright,"Jamie Foxx, Robert Downey Jr., Tom Hollander, Catherine Keener","Musical & Performing Arts, Drama",117
518,a1046,The Soloist,2009,Joe Wright,"Jamie Foxx, Robert Downey Jr., Catherine Keener","Biography, Drama, Music",117
518,d2747,the soloist,2009,Joe Wright,"Jamie Foxx,Robert Downey Jr.,Catherine Keener,Tom Hollander,Lisa Gay Hamilton","Drama, Musical",109
519,d507,cop car,2015,Jon Watts,"Kevin Bacon,James Freedson-Jackson,Hays Wellford,Shea Whigham,Camryn Manheim",Thriller,86
519,b1842,Cop Car,2015,Jon Watts,"Kevin Bacon, Shea Whigham, Camryn Manheim, Hays Wellford",Mystery & Suspense,86
520,a100,Damsels in Distress,2012,Whit Stillman,"Greta Gerwig, Adam Brody, Analeigh Tipton","Comedy, Drama, Romance",99
520,d2021,damsels in distress,2012,Whit Stillman,"Greta Gerwig,Analeigh Tipton,Adam Brody,Megalyn Echikunwoke,Carrie MacLemore","Comedy, Romance",99
520,b100,Damsels in Distress,2012,Whit Stillman,"Greta Gerwig, Carrie MacLemore, Megalyn Echikunwoke, Analeigh Tipton",Comedy,99
521,d1914,prometheus,2012,Ridley Scott,"Noomi Rapace,Michael Fassbender,Logan Marshall-Green,Charlize Theron,Idris Elba","Action, Horror, Science Fiction, Thriller",124
521,b215,Prometheus,2012,Ridley Scott,"Noomi Rapace, Michael Fassbender, Charlize Theron, Idris Elba","Drama, Action & Adventure, Horror, Science Fiction & Fantasy",123
521,a220,Prometheus,2012,Ridley Scott,"Noomi Rapace, Logan Marshall-Green, Michael Fassbender","Adventure, Mystery, Sci-Fi",124
522,a571,J. Edgar,2011,Clint Eastwood,"Leonardo DiCaprio, Armie Hammer, Naomi Watts","Biography, Crime, Drama",137
522,d2102,j. edgar,2011,Clint Eastwood,"Leonardo DiCaprio,Naomi Watts,Armie Hammer,Josh Lucas,Judi Dench","Crime, Drama, History",137
522,b536,J. Edgar,2011,Clint Eastwood,"Leonardo DiCaprio, Armie Hammer, Naomi Watts, Josh Lucas",Drama,137
523,b24,Arbitrage,2012,Nicholas Jarecki,"Susan Sarandon, Richard Gere, Tim Roth, Brit Marling","Mystery & Suspense, Drama",107
523,d1832,arbitrage,2012,Nicholas Jarecki,"Richard Gere,Susan Sarandon,Tim Roth,Brit Marling,Laetitia Casta","Drama, Thriller",100
523,a22,Arbitrage,2012,Nicholas Jarecki,"Richard Gere, Susan Sarandon, Brit Marling","Drama, Thriller",107
524,b2279,Married Life,2008,Ira Sachs,"Pierce Brosnan, Chris Cooper, Patricia Clarkson, Rachel McAdams","Drama, Romance, Mystery & Suspense, Comedy",90
524,d3077,married life,2008,Ira Sachs,"Pierce Brosnan,Chris Cooper,Patricia Clarkson,Rachel McAdams,David Wenham","Comedy, Drama",90
524,a2500,Married Life,2008,Ira Sachs,"Chris Cooper, Patricia Clarkson, Rachel McAdams","Crime, Drama, Romance",91
525,b720,Marley & Me,2008,David Frankel,"Jennifer Aniston, Owen Wilson, Alan Arkin, Eric Dane",Comedy,115
525,d2825,marley & me,2008,David Frankel,"Owen Wilson,Jennifer Aniston,Kathleen Turner,Alan Arkin,Eric Dane","Comedy, Drama, Family",115
525,a770,Marley & Me,2008,David Frankel,"Owen Wilson, Jennifer Aniston, Eric Dane","Comedy, Drama, Family, Romance",115
526,b237,Silent House,2012,Laura Lau,"Elizabeth Olsen, Adam Trese, Eric Sheffer Stevens, Julia Taylor Ross","Mystery & Suspense, Horror",88
526,d2060,silent house,2012,"Chris Kentis,Laura Lau","Elizabeth Olsen,Adam Trese,Eric Sheffer Stevens,Julia Taylor Ross,Adam Barnett","Horror, Mystery, Thriller",85
526,a241,Silent House,2012,Chris Kentis,"Elizabeth Olsen, Adam Trese, Eric Sheffer Stevens","Horror, Mystery, Thriller",86
527,d2171,trespass,2011,Joel Schumacher,"Nicolas Cage,Nicole Kidman,Ben Mendelsohn,Liana Liberato,Cam Gigandet","Crime, Drama, Thriller",91
527,a654,Trespass,2011,Joel Schumacher,"Nicolas Cage, Nicole Kidman, Cam Gigandet","Crime, Drama, Thriller",91
527,b613,Trespass,2011,Joel Schumacher,"Nicolas Cage, Nicole Kidman, Ben Mendelsohn, Liana Liberato","Mystery & Suspense, Drama",85
528,d2968,the x-files: i want to believe,2008,,,"Action, Adventure, Drama, Mystery, Science Fiction, Thriller",104
528,a863,The X Files: I Want to Believe,2008,Chris Carter,"David Duchovny, Gillian Anderson, Billy Connolly","Drama, Mystery, Sci-Fi, Thriller",104
529,a373,The Kids Are All Right,2010,Lisa Cholodenko,"Annette Bening, Julianne Moore, Mark Ruffalo","Comedy, Drama",106
529,b356,The Kids Are All Right,2010,Lisa Cholodenko,"Julianne Moore, Annette Bening, Mark Ruffalo, Mia Wasikowska","Drama, Comedy",104
529,d2425,the kids are all right,2010,,"Julianne Moore,Annette Bening,Mark Ruffalo,Mia Wasikowska,Josh Hutcherson","Comedy, Drama, Indie",106
530,a341,Get Low,2010,Aaron Schneider,"Robert Duvall, Bill Murray, Sissy Spacek","Drama, Mystery",103
530,d2469,get low,2010,,"Robert Duvall,Sissy Spacek,Bill Murray,Lucas Black,Gerald McRaney","Comedy, Drama, Indie, Mystery",103
530,b330,Get Low,2010,Aaron Schneider,"Robert Duvall, Bill Murray, Sissy Spacek, Lucas Black","Drama, Romance, Mystery & Suspense",103
531,a2824,Last Vegas,2013,Jon Turteltaub,"Robert De Niro, Michael Douglas, Morgan Freeman",Comedy,105
531,d1472,last vegas,2013,Jon Turteltaub,"Robert De Niro,Morgan Freeman,Michael Douglas,Mary Steenburgen,Kevin Kline,Jerry Ferrara,Romany Malco,Roger Bart,Joanna Gleason",Comedy,
531,b2580,Last Vegas,2013,Jon Turteltaub,"Michael Douglas, Robert De Niro, Morgan Freeman, Kevin Kline",Comedy,105
532,d1700,the place beyond the pines,2013,Derek Cianfrance,"Ryan Gosling,Eva Mendes,Ben Mendelsohn,Bradley Cooper,Ray Liotta,Mahershala Ali,Bruce Greenwood,Ray Liotta,Rose Byrne",Drama,140
532,b2632,The Place Beyond The Pines,2013,Derek Cianfrance,"Bradley Cooper, Ryan Gosling, Eva Mendes, Rose Byrne",Drama,141
532,a2883,The Place Beyond the Pines,2013,Derek Cianfrance,"Ryan Gosling, Bradley Cooper, Eva Mendes","Crime, Drama, Thriller",140
533,a1315,The Replacements,2000,Howard Deutch,"Keanu Reeves, Gene Hackman, Brooke Langton","Comedy, Sport",118
533,b1138,The Replacements,2000,Howard Deutch,"Keanu Reeves, Gene Hackman, Brooke Langton, Orlando Jones","Drama, Sports & Fitness, Comedy",118
534,b1232,Corky Romano,2001,Rob Pritts,"Chris Kattan, Vinessa Shaw, Peter Falk, Peter Berg",Comedy,85
534,a1416,Corky Romano,2001,Rob Pritts,"Chris Kattan, Peter Falk, Vinessa Shaw","Comedy, Crime",86
535,a15,Alter Egos,2012,Jordan Galland,"Kris Lemche, Brooke Nevin, Joey Kern",Comedy,80
535,b17,Alter Egos,2012,Jordan Galland,"Kris Lemche, Joey Kern, Brooke Nevin, Danny Masterson","Documentary, Comedy",81
536,b2753,Blue Streak,1999,Les Mayfield,"Martin Lawrence, Luke Wilson, Peter Greene, William Forsythe","Action & Adventure, Comedy",90
536,c3337,Blue Streak,1999,Les Mayfield,"Martin Lawrence, Luke Wilson, Peter Greene","Action, Comedy, Crime",93
537,b735,Over Her Dead Body,2008,Jeff Lowell,"Eva Longoria, Paul Rudd, Lake Bell, Jason Biggs","Romance, Science Fiction & Fantasy, Comedy",95
537,a790,Over Her Dead Body,2008,Jeff Lowell,"Eva Longoria, Paul Rudd, Lake Bell","Comedy, Fantasy, Romance",95
537,d3117,over her dead body,2008,Jeff Lowell,"Eva Longoria Parker,Paul Rudd,Lake Bell,Lindsay Sloane,Jason Biggs,Stephen Root","Comedy, Romance",95
538,a354,Hot Tub Time Machine,2010,Steve Pink,"John Cusack, Rob Corddry, Craig Robinson","Comedy, Sci-Fi",101
538,c1491,The Killing Machine,2010,Dolph Lundgren,"Dolph Lundgren, Stefanie von Pfetten, Samantha Ferris","Action, Drama, Thriller",88
538,b340,Hot Tub Time Machine,2010,Steve Pink,"John Cusack, Rob Corddry, Craig Robinson, Clark Duke",Comedy,100
538,d2503,hot tub time machine,2010,Steve Pink,"John Cusack,Rob Corddry,Craig Robinson,Clark Duke,Crispin Glover,Lizzy Caplan,Chevy Chase","Adventure, Comedy, Science Fiction",101
538,d2476,the red machine,2010,,,"Adventure, Crime, Drama",84
539,a230,Rock of Ages,2012,Adam Shankman,"Julianne Hough, Diego Boneta, Tom Cruise","Comedy, Drama, Musical, Romance",123
539,b227,Rock of Ages,2012,Adam Shankman,"Julianne Hough, Diego Boneta, Tom Cruise, Russell Brand","Musical & Performing Arts, Drama",123
539,d1989,rock of ages,2012,Adam Shankman,"Tom Cruise,Diego Boneta,Julianne Hough,Alec Baldwin,Catherine Zeta-Jones,Malin Akerman,Russell Brand,Paul Giamatti,Mary J. Blige","Comedy, Drama, Musical, Romance",123
540,a1861,The Dying Gaul,2005,Craig Lucas,"Peter Sarsgaard, Campbell Scott, Patricia Clarkson",Drama,101
540,b1633,The Dying Gaul,2005,Craig Lucas,"Peter Sarsgaard, Campbell Scott, Patricia Clarkson, Linda Emond","Drama, Romance, Art House & International",95
541,a466,When in Rome,2010,Mark Steven Johnson,"Kristen Bell, Josh Duhamel, Anjelica Huston","Comedy, Romance",91
541,b445,When in Rome,2010,Mark Steven Johnson,"Kristen Bell, Josh Duhamel, Anjelica Huston, Danny DeVito","Drama, Romance, Comedy",91
542,b2522,The Hangover Part III,2013,Todd Phillips,"Bradley Cooper, Ed Helms, Zach Galifianakis, Ken Jeong",Comedy,112
542,d1686,the hangover part iii,2013,Todd Phillips,"Bradley Cooper,Zach Galifianakis,Ed Helms,Mike Tyson,Ken Jeong,Heather Graham",Comedy,
542,a2759,The Hangover Part III,2013,Todd Phillips,"Bradley Cooper, Zach Galifianakis, Ed Helms",Comedy,100
543,b92,Come Morning,2012,Derrick Sims,"Michael Ray Davis, Thor Wahlestedt, Elise Rovinsky, Blake Logan",Drama,80
543,a92,Come Morning,2012,Derrick Sims,"Michael Ray Davis, Thor Wahlestedt, Elise Rovinsky","Drama, Thriller",80
544,a265,Trouble with the Curve,2012,Robert Lorenz,"Clint Eastwood, Amy Adams, John Goodman","Drama, Sport",111
544,d1836,trouble with the curve,2012,Robert Lorenz,"Amy Adams,John Goodman,Justin Timberlake,Joe Massingil,Chelcie Ross,Bob Gunton,Robert Patrick,Clint Eastwood",Drama,111
544,b261,Trouble with the Curve,2012,Robert Lorenz,"Amy Adams, Clint Eastwood, Justin Timberlake, John Goodman",Drama,110
545,b2154,Are We Done Yet?,2007,Steve Carr,"Ice Cube, Nia Long, John C. McGinley, Aleisha Allen",Comedy,92
545,a1107,Are We Done Yet?,2007,Steve Carr,"Ice Cube, Nia Long, John C. McGinley","Comedy, Drama, Family",92
546,a982,Laid to Rest,2009,Robert Hall,"Bobbi Sue Luther, Kevin Gage, Lena Headey","Horror, Thriller",90
546,b913,Laid to Rest,2009,Robert Hall,"Bobbi Sue Luther, Kevin Gage, Johnathon Schaech, Lena Headey",Horror,90
547,b1487,The Manchurian Candidate,2004,Jonathan Demme,"Denzel Washington, Meryl Streep, Liev Schreiber, Jeffrey Wright","Drama, Action & Adventure, Mystery & Suspense",130
547,a1703,The Manchurian Candidate,2004,Jonathan Demme,"Denzel Washington, Liev Schreiber, Meryl Streep","Drama, Mystery, Sci-Fi, Thriller",129
548,a1300,Pay It Forward,2000,Mimi Leder,"Kevin Spacey, Haley Joel Osment, Helen Hunt",Drama,123
548,b1123,Pay It Forward,2000,Mimi Leder,"Kevin Spacey, Helen Hunt, Haley Joel Osment, Angie Dickinson","Drama, Romance",123
549,b593,The Sitter,2011,David Gordon Green,"Jonah Hill, Max Records, Ari Graynor, Sam Rockwell",Comedy,81
549,d2154,the sitter,2011,David Gordon Green,"Jonah Hill,Max Records,Ari Graynor,J.B. Smoove,Sam Rockwell,Landry Bender,Kevin Hernandez",Comedy,81
549,a631,The Sitter,2011,David Gordon Green,"Jonah Hill, Ari Graynor, Sam Rockwell",Comedy,81
550,b2417,Arthur Newman,2013,Dante Ariola,"Colin Firth, Emily Blunt, Lucas Hedges, Anne Heche","Drama, Romance, Comedy",101
550,a2648,Arthur Newman,2013,Dante Ariola,"Colin Firth, Emily Blunt, Anne Heche",Drama,101
551,d2896,zack and miri make a porno,2008,Kevin Smith,"Seth Rogen,Elizabeth Banks,Craig Robinson,Jason Mewes,Jeff Anderson,Traci Lords,Katie Morgan","Comedy, Drama, Romance",102
551,b807,Zack and Miri Make a Porno,2008,Kevin Smith,"Seth Rogen, Elizabeth Banks, Craig Robinson, Jason Mewes","Drama, Romance, Comedy",101
551,a865,Zack and Miri Make a Porno,2008,Kevin Smith,"Seth Rogen, Elizabeth Banks, Craig Robinson","Comedy, Romance",101
552,d34,we own the night,2007,James Gray,"Joaquin Phoenix,Mark Wahlberg,Robert Duvall,Eva Mendes,Tony Musante,Moni Moshonov,Alex Veadov","Action, Drama",117
552,b2383,We Own the Night,2007,James Gray,"Joaquin Phoenix, Mark Wahlberg, Eva Mendes, Robert Duvall","Drama, Action & Adventure",117
552,a2611,We Own the Night,2007,James Gray,"Joaquin Phoenix, Mark Wahlberg, Eva Mendes","Crime, Drama, Thriller",117
553,a2703,The Contractor,2007,Josef Rusnak,"Wesley Snipes, Eliza Bennett, Lena Headey","Action, Drama, Thriller",99
553,b2470,The Contractor,2007,Josef Rusnak,"Wesley Snipes, Eliza Bennett, Lena Headey, Ralph Brown",Action & Adventure,98
554,d212,peaceful warrior,2006,Victor Salva,"Nick Nolte,Scott Mechlowicz,Amy Smart,Tim Dekay,Paul Wesley,Ashton Holmes,Agnes Bruckner,B.J. Britt,Ray Wise","Drama, Indie, Romance",120
554,b2035,Peaceful Warrior,2006,Victor Salva,"Nick Nolte, Scott Mechlowicz, Scott Mechiowicz, Amy Smart",Drama,121
554,a2305,Peaceful Warrior,2006,Victor Salva,"Scott Mechlowicz, Nick Nolte, Amy Smart","Drama, Romance, Sport",120
555,a1307,Prince of Central Park,2000,John Leekley,"Kathleen Turner, Danny Aiello, Cathy Moriarty","Action, Adventure, Drama",109
555,b1130,Prince of Central Park,2000,John Leekley,"Kathleen Turner, Danny Aiello, Cathy Moriarty, Harvey Keitel","Drama, Action & Adventure, Kids & Family, Art House & International, Mystery & Suspense",109
556,c2303,The Contract,2006,Bruce Beresford,"John Cusack, Morgan Freeman, Jamie Anderson","Action, Crime, Drama",96
556,a2104,The Contract,2007,Bruce Beresford,"John Cusack, Morgan Freeman, Jamie Anderson","Action, Crime, Drama, Thriller",96
556,b1855,The Contract,2006,Bruce Beresford,"Morgan Freeman, John Cusack, Ned Bellamy, Jamie Anderson","Mystery & Suspense, Drama",96
557,a2942,A Teacher,2013,Hannah Fidell,"Lindsay Burdge, Will Brittain, Jennifer Prediger",Drama,75
557,b2690,A Teacher,2013,Hannah Fidell,"Lindsay Burdge, Will Brittain, Jennifer Prediger, Jonny Mars",Drama,77
557,d1564,a teacher,2013,Hannah Fidell,"Lindsay Burdge,Will Brittain,Jennifer Prediger,Jonny Mars,Julie Dell Phillips,Chris Doubek,Michael J. Wilson",Drama,75
558,b2171,Bridge to Terabithia,2007,Gabor Csupo,"Josh Hutcherson, Annasophia Robb, Zooey Deschanel, Robert Patrick","Action & Adventure, Kids & Family, Science Fiction & Fantasy",94
558,a1126,Bridge to Terabithia,2007,Gabor Csupo,"Josh Hutcherson, AnnaSophia Robb, Zooey Deschanel","Adventure, Drama, Family, Fantasy",96
559,a491,Bad Teacher,2011,Jake Kasdan,"Cameron Diaz, Jason Segel, Justin Timberlake",Comedy,92
559,b467,Bad Teacher,2011,Jake Kasdan,"Cameron Diaz, Justin Timberlake, Jason Segel, Lucy Punch",Comedy,92
560,d2286,the big year,2011,David Frankel,"Steve Martin,Owen Wilson,Jack Black,Kevin Pollak,Tim Blake Nelson,Rashida Jones,Anjelica Huston,John Cleese",Comedy,100
560,b474,The Big Year,2011,David Frankel,"Steve Martin, Jack Black, Owen Wilson, Brian Dennehy",Comedy,100
560,a499,The Big Year,2011,David Frankel,"Owen Wilson, Jack Black, Steve Martin",Comedy,100
561,b2329,Rendition,2007,Gavin Hood,"Jake Gyllenhaal, Reese Witherspoon, Peter Sarsgaard, Alan Arkin","Mystery & Suspense, Drama",122
561,d41,rendition,2007,Gavin Hood,"Jake Gyllenhaal,Reese Witherspoon,Omar Metwally,Meryl Streep,Alan Arkin,Peter Sarsgaard","Drama, Mystery, Thriller",120
561,a2555,Rendition,2007,Gavin Hood,"Reese Witherspoon, Jake Gyllenhaal, Peter Sarsgaard","Drama, Thriller",122
562,d1168,the amazing spider-man 2,2014,Marc Webb,"Andrew Garfield,Emma Stone,Jamie Foxx,Dane DeHaan,Colm Feore,Felicity Jones,Paul Giamatti,Sally Field,Marton Csokas,Embeth Davidtz,Denis Leary,Chris Zylka,B.J. Novak","Action, Adventure, Fantasy",142
562,c235,The Amazing Spider-Man 2,2014,Marc Webb,"Andrew Garfield, Emma Stone, Jamie Foxx","Action, Adventure, Fantasy",142
562,b1545,The Amazing Spider-Man 2,2014,Marc Webb,"Andrew Garfield, Emma Stone, Jamie Foxx, Dane DeHaan","Drama, Action & Adventure, Science Fiction & Fantasy",142
563,a30,The Babymakers,2012,Jay Chandrasekhar,"Paul Schneider, Olivia Munn, Kevin Heffernan",Comedy,95
563,d1935,the babymakers,2012,Jay Chandrasekhar,"Paul Schneider,Olivia Munn,Kevin Heffernan,Wood Harris,Nat Faxon,Aisha Tyler,Collette Wolfe","Adventure, Comedy",93
563,b32,The Babymakers,2012,Jay Chandrasekhar,"Paul Schneider, Olivia Munn, Kevin Heffernan, Wood Harris","Action & Adventure, Comedy",93
564,c3392,Six-String Samurai,1998,Lance Mungia,"Jeffrey Falcon, Justin McGuire, Kim De Angelo","Action, Adventure, Comedy",91
564,b3087,Six-String Samurai,1998,Lance Mungia,"Jeffrey Falcon, Justin Mcguire, Kim De Angelo, Stephane Gauger","Action & Adventure, Science Fiction & Fantasy, Comedy",91
565,b1976,Lady in the Water,2006,M. Night Shyamalan,"Paul Giamatti, Bryce Dallas Howard, Jeffrey Wright, Bob Balaban","Drama, Mystery & Suspense, Science Fiction & Fantasy",109
565,a2240,Lady in the Water,2006,M. Night Shyamalan,"Paul Giamatti, Bryce Dallas Howard, Jeffrey Wright","Fantasy, Mystery, Thriller",110
565,d60,lady in the water,2006,M. Night Shyamalan,"Paul Giamatti,Bryce Dallas Howard,Jeffrey Wright,Bob Balaban,M. Night Shyamalan,Cindy Cheung","Comedy, Drama, Fantasy, Horror, Mystery, Science Fiction, Thriller",110
566,a1216,The Crew,2000,Michael Dinner,"Richard Dreyfuss, Burt Reynolds, Dan Hedaya","Crime, Comedy",88
566,b1046,The Crew,2000,Michael Dinner,"Burt Reynolds, Richard Dreyfuss, Dan Hedaya, Seymour Cassel",Comedy,87
567,a657,Waiting for Forever,2011,James Keach,"Rachel Bilson, Tom Sturridge, Richard Jenkins","Drama, Romance",95
567,b615,Waiting for Forever,2011,James Keach,"Tom Sturridge, Rachel Bilson, Blythe Danner, Richard Jenkins","Drama, Romance",94
568,d2263,seven days in utopia,2011,Matt Russell,"Lucas Black,Robert Duvall,Melissa Leo,Joseph Lyle Taylor,Madison Burge,Deborah Ann Woll,Ezra Proch,Robert Bear","Drama, Sport",99
568,b591,Seven Days In Utopia,2011,Matt Russell,"Robert Duvall, Lucas Black, Melissa Leo, Deborah Ann Woll",Drama,99
568,a628,Seven Days in Utopia,2011,Matt Russell,"Lucas Black, Robert Duvall, Melissa Leo","Drama, Sport",100
569,a2392,Trantasia,2006,Jeremy Stanford,"Erica Andrews, Cassandra Cass, Mimi Marks",Documentary,92
569,b2103,Trantasia,2006,Jeremy Stanford,"Erica Andrews, Cassandra Cass, Mimi Marks, Tiara Russell","Documentary, Special Interest",88
570,a1608,Beyond the Sea,2004,Kevin Spacey,"Kevin Spacey, Kate Bosworth, John Goodman","Biography, Drama, Music, Musical",118
570,b1394,Beyond the Sea,2004,Kevin Spacey,"Kevin Spacey, Kate Bosworth, John Goodman, Bob Hoskins","Musical & Performing Arts, Drama",118
571,a489,Arthur Christmas,2011,Sarah Smith,"James McAvoy, Jim Broadbent, Bill Nighy","Animation, Comedy, Drama, Family",97
571,b465,Arthur Christmas,2011,Sarah Smith,"James McAvoy, Hugh Laurie, Bill Nighy, Jim Broadbent","Animation, Kids & Family, Comedy",97
572,a2190,The Grudge 2,2006,Takashi Shimizu,"Amber Tamblyn, Edison Chen, Arielle Kebbel","Horror, Thriller",102
572,b1930,The Grudge 2,2006,Takashi Shimizu,"Sarah Michelle Gella..., Amber Tamblyn, Edison Chen, Arielle Kebbel","Mystery & Suspense, Horror",102
573,c2159,Redline,2007,Andy Cheng,"Nathan Phillips, Nadia Bjorlin, Eddie Griffin",Action,95
573,b2326,Redline,2007,Andy Cheng,"Nadia Bjorlin, Nathan Phillips, Angus Macfadyen, Eddie Griffin",Action & Adventure,93
574,b1405,The Butterfly Effect,2004,Eric Bress,"Ashton Kutcher, Amy Smart, Melora Walters, Ethan Suplee","Drama, Mystery & Suspense, Science Fiction & Fantasy",113
574,a1619,The Butterfly Effect,2004,Eric Bress,"Ashton Kutcher, Amy Smart, Melora Walters","Sci-Fi, Thriller",113
575,a1561,Sugar & Spice,2001,Francine McDougall,"Marla Sokoloff, Marley Shelton, Melissa George","Comedy, Crime",81
575,b1360,Sugar & Spice,2001,Francine McDougall,"Marley Shelton, Mena Suvari, Marla Sokoloff, Melissa George","Drama, Comedy",81
576,b1235,Crocodile Dundee in Los Angeles,2001,Simon Wincer,"Paul Hogan, Linda Kozlowski, Jere Burns, Alec Wilson","Action & Adventure, Comedy",92
576,a1419,Crocodile Dundee in Los Angeles,2001,Simon Wincer,"Paul Hogan, Linda Kozlowski, Jere Burns","Adventure, Comedy",92
577,d2652,big fan,2009,Robert Siegel,"Patton Oswalt,Kevin Corrigan,Marcia Jean Kurtz,Michael Rapaport,Matt Servitto,Jonathan Hamm,Gino Cafarelli","Comedy, Drama, Sports Film",91
577,b832,Big Fan,2009,Robert D. Siegel,"Patton Oswalt, Kevin Corrigan, Marcia Jean Kurtz, Michael Rapaport","Drama, Comedy",85
577,a892,Big Fan,2009,Robert D. Siegel,"Patton Oswalt, Kevin Corrigan, Michael Rapaport","Comedy, Crime, Drama, Sport",88
578,a1815,Are We There Yet?,2005,Brian Levant,"Ice Cube, Nia Long, Aleisha Allen","Adventure, Comedy, Family, Romance",95
578,b1591,Are We There Yet?,2005,Brian Levant,"Ice Cube, Nia Long, Aleisha Allen, Philip Daniel Bolden","Action & Adventure, Kids & Family, Romance, Comedy",95
579,b2585,Life Of Crime,2014,Daniel Schechter,"Jennifer Aniston, Yasiin Bey, Isla Fisher, Will Forte","Drama, Comedy",99
579,d1001,life of crime,2014,Daniel Schechter,"John Hawkes,Mos Def,Jennifer Aniston,Tim Robbins,Isla Fisher,Will Forte","Comedy, Crime",94
579,a2829,Life of Crime,2014,Daniel Schechter,"Jennifer Aniston, Yasiin Bey, Isla Fisher","Comedy, Crime",98
580,a2011,Where the Truth Lies,2005,Atom Egoyan,"Kevin Bacon, Colin Firth, Alison Lohman","Crime, Drama, Mystery, Thriller",107
580,b1776,Where the Truth Lies,2005,Atom Egoyan,"Kevin Bacon, Colin Firth, Alison Lohman, Sonja Bennett","Mystery & Suspense, Drama",108
581,a1376,The Yards,2000,James Gray,"Mark Wahlberg, Joaquin Phoenix, Charlize Theron","Crime, Drama, Romance, Thriller",115
581,b1196,The Yards,2000,James Gray,"Mark Wahlberg, Joaquin Phoenix, Charlize Theron, James Caan",Drama,115
582,b724,Meet the Spartans,2008,Jason Friedberg,"Carmen Electra, Ken Davitian, Kevin Sorbo, Sean MaGuire",Comedy,84
582,a774,Meet the Spartans,2008,Jason Friedberg,"Sean Maguire, Kevin Sorbo, Carmen Electra",Comedy,86
583,d2331,country strong,2010,Shana Feste,"Gwyneth Paltrow,Tim McGraw,Garrett Hedlund,Leighton Meester,Marshall Chapman","Drama, Music, Romance",117
583,b299,Country Strong,2011,Shana Feste,"Gwyneth Paltrow, Tim McGraw, Garrett Hedlund, Leighton Meester","Musical & Performing Arts, Drama",112
583,a309,Country Strong,2011,Shana Feste,"Garrett Hedlund, Gwyneth Paltrow, Leighton Meester","Drama, Music",117
584,a962,The Hurt Locker,2009,Kathryn Bigelow,"Jeremy Renner, Anthony Mackie, Brian Geraghty","Drama, History, Thriller, War",131
584,d2735,the hurt locker,2009,Kathryn Bigelow,"Jeremy Renner,Anthony Mackie,Brian Geraghty,Guy Pearce,Ralph Fiennes,David Morse,Evangeline Lilly,Christian Camargo","Action, Drama, Suspense, Thriller, War",131
584,b895,The Hurt Locker,2009,Kathryn Bigelow,"Jeremy Renner, Anthony Mackie, Brian Geraghty, Guy Pearce","Drama, Action & Adventure",131
585,b1254,The Forsaken,2001,J.S. Cardone,"Kerr Smith, Brendan Fehr, Izabella Miko, Phina Oruche",Horror,90
585,a1443,The Forsaken,2001,J.S. Cardone,"Kerr Smith, Brendan Fehr, Izabella Miko","Horror, Thriller",90
586,b717,Made of Honor,2008,Paul Weiland,"Patrick Dempsey, Michelle Monaghan, Kevin Mckidd, Kathleen Quinlan","Comedy, Romance",101
586,a767,Made of Honor,2008,Paul Weiland,"Patrick Dempsey, Michelle Monaghan, Kevin McKidd","Comedy, Romance",101
587,a1090,Across the Universe,2007,Julie Taymor,"Evan Rachel Wood, Jim Sturgess, Joe Anderson","Drama, Fantasy, Musical, Romance",133
587,d47,across the universe,2007,Julie Taymor,"Jim Sturgess,Joe Anderson,Dana Fuchs,T.V. Carpio,Bono,Eddie Izzard,Martin Luther McCoy","Adventure, Drama, Music, Romance",133
587,b2137,Across the Universe,2007,Julie Taymor,"Evan Rachel Wood, Jim Sturgess, Joe Anderson, Dana Fuchs","Musical & Performing Arts, Romance",133
588,a814,The Ruins,2008,Carter Smith,"Shawn Ashmore, Jena Malone, Jonathan Tucker","Horror, Thriller",90
588,b756,The Ruins,2008,Carter Smith,"Jonathan Tucker, Jena Malone, Shawn Ashmore, Laura Ramsey","Mystery & Suspense, Horror",90
589,b339,Holy Rollers,2010,Kevin Asch,"Jesse Eisenberg, Justin Bartha, Ari Graynor, Danny A. Abeckaser",Drama,89
589,a353,Holy Rollers,2010,Kevin Asch,"Jesse Eisenberg, Justin Bartha, Danny A. Abeckaser","Biography, Crime, Drama, History",89
589,d2392,holy rollers,2010,Kevin Asch,"Jesse Eisenberg,Justin Bartha,Ari Graynor,Danny A. Abeckaser,Mark Ivanir,Elizabeth Marvel,Jason Fuchs","Crime, Drama, Thriller",
590,a2664,The Big Wedding,2013,Justin Zackham,"Robert De Niro, Diane Keaton, Katherine Heigl",Comedy,89
590,b2435,The Big Wedding,2013,Justin Zackham,"Robert De Niro, Katherine Heigl, Diane Keaton, Susan Sarandon",Comedy,89
590,d1668,the big wedding,2013,Justin Zackham,"Amanda Seyfried,Katherine Heigl,Robert De Niro,Robin Williams,Topher Grace,Diane Keaton,Susan Sarandon",Comedy,90
591,d2414,the killer inside me,2010,Michael Winterbottom,"Casey Affleck,Kate Hudson,Jessica Alba,Simon Baker,Bill Pullman,Ned Beatty,Elias Koteas","Crime, Drama, Thriller",109
591,a374,The Killer Inside Me,2010,Michael Winterbottom,"Casey Affleck, Kate Hudson, Jessica Alba","Crime, Drama, Thriller",109
591,b357,The Killer Inside Me,2010,Michael Winterbottom,"Casey Affleck, Kate Hudson, Jessica Alba, Ned Beatty","Western, Drama, Mystery & Suspense",108
592,b2345,Shrek the Third,2007,Chris Miller,"Mike Myers, Eddie Murphy, Cameron Diaz, Antonio Banderas","Animation, Kids & Family, Science Fiction & Fantasy, Comedy",92
592,a2572,Shrek the Third,2007,Chris Miller,"Mike Myers, Cameron Diaz, Eddie Murphy","Animation, Adventure, Comedy, Family, Fantasy",93
592,d134,shrek the third,2007,Chris Miller,"Mike Myers,Eddie Murphy,Cameron Diaz,Antonio Banderas,Justin Timberlake,John Cleese,Julie Andrews,Rupert Everett","Adventure, Animation, Comedy, Family, Fantasy, Science Fiction",93
593,a1473,Joe Dirt,2001,Dennie Gordon,"David Spade, Brittany Daniel, Dennis Miller","Adventure, Comedy, Drama",91
593,b1282,Joe Dirt,2001,Dennie Gordon,"David Spade, Brittany Daniel, Dennis Miller, Adam Beach",Comedy,91
594,a1317,Return to Me,2000,Bonnie Hunt,"David Duchovny, Minnie Driver, Carroll O'Connor","Comedy, Drama, Romance",115
594,b1140,Return to Me,2000,Bonnie Hunt,"David Duchovny, Minnie Driver, Carroll O'Connor, Robert Loggia","Drama, Romance, Comedy",116
595,b696,High School Musical 3: Senior Year,2008,Kenny Ortega,"Zac Efron, Vanessa Hudgens, Ashley Tisdale, Lucas Grabeel",Musical & Performing Arts,109
595,a746,High School Musical 3: Senior Year,2008,Kenny Ortega,"Zac Efron, Vanessa Hudgens, Ashley Tisdale","Comedy, Drama, Family, Musical, Romance",112
596,b2350,Sleuth,2007,Kenneth Branagh,"Michael Caine, Jude Law, Carmel O'Sullivan, Harold Pinter",Mystery & Suspense,88
596,d37,sleuth,2007,Kenneth Branagh,"Michael Caine,Jude Law,Alec Cawthorne,Eve Channing",Thriller,86
596,a2577,Sleuth,2007,Kenneth Branagh,"Michael Caine, Jude Law, Harold Pinter","Drama, Mystery, Thriller",86
597,b782,Taken,2009,Pierre Morel,"Liam Neeson, Maggie Grace, Famke Janssen, Xander Berkeley","Mystery & Suspense, Action & Adventure",91
597,c1962,Taken,2008,Pierre Morel,"Liam Neeson, Maggie Grace, Famke Janssen","Action, Thriller",93
597,d2845,taken,2009,Pierre Morel,"Liam Neeson,Maggie Grace,Famke Janssen,Katie Cassidy,Arben Bajraktaraj,Gerard Watkins","Action, Crime, Foreign, Thriller",93
597,a838,Taken,2009,Pierre Morel,"Liam Neeson, Maggie Grace, Famke Janssen","Action, Thriller",93
598,b1775,The Wedding Date,2005,Clare Kilner,"Debra Messing, Dermot Mulroney, Amy Adams, Jack Davenport","Drama, Romance, Comedy",89
598,a2010,The Wedding Date,2005,Clare Kilner,"Dermot Mulroney, Debra Messing, Jack Davenport","Comedy, Romance",90
599,a2431,Georgia Rule,2007,Garry Marshall,"Jane Fonda, Lindsay Lohan, Felicity Huffman","Comedy, Drama",113
599,b2218,Georgia Rule,2007,Garry Marshall,"Jane Fonda, Felicity Huffman, Lindsay Lohan, Dermot Mulroney","Drama, Comedy",113
600,d1647,monsters university,2013,Dan Scanlon,"Steve Buscemi,Jennifer Tilly,John Goodman,Billy Crystal,Helen Mirren,Charlie Day,Alfred Molina,Frank Oz","Adventure, Animation, Comedy, Family, Fantasy",110
600,a2852,Monsters University,2013,Dan Scanlon,"Billy Crystal, John Goodman, Steve Buscemi","Animation, Adventure, Comedy, Family, Fantasy",104
600,b2603,Monsters University,2013,Dan Scanlon,"Billy Crystal, John Goodman, Steve Buscemi, Helen Mirren","Action & Adventure, Animation, Kids & Family, Science Fiction & Fantasy, Comedy",95
601,b893,I Can Do Bad All By Myself,2009,Tyler Perry,"Tyler Perry, Taraji P. Henson, Adam Rodriguez, Brian J. White",Comedy,113
601,a959,I Can Do Bad All by Myself,2009,Tyler Perry,"Tyler Perry, Taraji P. Henson, Adam Rodriguez","Comedy, Drama",113
602,b1092,The Legend of Bagger Vance,2000,Robert Redford,"Matt Damon, Will Smith, Charlize Theron, Bruce McGill","Drama, Science Fiction & Fantasy",127
602,a1267,The Legend of Bagger Vance,2000,Robert Redford,"Will Smith, Matt Damon, Charlize Theron","Drama, Fantasy, Sport",126
603,a1837,Chicken Little,2005,Mark Dindal,"Zach Braff, Joan Cusack, Garry Marshall","Animation, Adventure, Comedy, Family, Sci-Fi",81
603,b1612,Chicken Little,2005,Mark Dindal,"Zach Braff, Garry Marshall, Patrick Stewart, Joan Cusack","Action & Adventure, Animation, Kids & Family, Comedy",82
604,b1221,Big Bad Love,2001,Arliss Howard,"Arliss Howard, Debra Winger, Paul Le Mat, Rosanna Arquette","Art House & International, Drama",111
604,a1404,Big Bad Love,2001,Arliss Howard,"Arliss Howard, Debra Winger, Paul Le Mat","Comedy, Drama, Romance",111
605,a2788,The Iceman,2013,Ariel Vromen,"Michael Shannon, Chris Evans, James Franco","Biography, Crime, Drama",106
605,b2546,The Iceman,2013,Ariel Vromen,"Michael Shannon, Winona Ryder, James Franco, Chris Evans","Mystery & Suspense, Drama",105
606,b1828,Blind Dating,2007,James Keach,"Chris Pine, Eddie Kaye Thomas, Steve Wellington, Anjali Jay","Drama, Comedy",95
606,a2073,Blind Dating,2007,James Keach,"Chris Pine, Anjali Jay, Eddie Kaye Thomas","Comedy, Romance",95
607,a886,Avatar,2009,James Cameron,"Sam Worthington, Zoe Saldana, Sigourney Weaver","Action, Adventure, Fantasy, Sci-Fi",162
607,d2624,avatar,2009,James Cameron,"Sam Worthington,Zoe Saldana,Sigourney Weaver,Stephen Lang,Michelle Rodriguez,Giovanni Ribisi,Joel David Moore,CCH Pounder,Wes Studi,Laz Alonso,Dileep Rao,Matt Gerald","Action, Adventure, Fantasy, Science Fiction",162
607,b827,Avatar,2009,James Cameron,"Zoe Saldana, Sam Worthington, Sigourney Weaver, Stephen Lang","Action & Adventure, Mystery & Suspense, Science Fiction & Fantasy, Comedy",162
608,b885,The Hangover,2009,Todd Phillips,"Bradley Cooper, Ed Helms, Zach Galifianakis, Justin Bartha",Comedy,100
608,a949,The Hangover,2009,Todd Phillips,"Zach Galifianakis, Bradley Cooper, Justin Bartha",Comedy,100
609,b2634,Plush,2013,Catherine Hardwicke,"Emily Browning, Cam Gigandet, Xavier Samuel, Frances Fisher","Mystery & Suspense, Drama",99
609,d1570,plush,2013,Catherine Hardwicke,"Emily Browning,Xavier Samuel,Cam Gigandet,Dawn Olivieri,Frances Fisher,Thomas Dekker,Marlene Forte,Kennedy Waite,Kimiko Gelman,Christopher Craven",Thriller,
609,a2885,Plush,2013,Catherine Hardwicke,"Emily Browning, Xavier Samuel, Cam Gigandet",Thriller,99
610,b2981,Godzilla,2014,Gareth Edwards,"Aaron Taylor-Johnson, Elizabeth Olsen, Bryan Cranston, David Strathairn","Mystery & Suspense, Science Fiction & Fantasy",138
610,d1137,godzilla,2014,Gareth Edwards,"Bryan Cranston,Elizabeth Olsen,Aaron Taylor-Johnson,Juliette Binoche,Sally Hawkins,David Strathairn,Ken Watanabe,Victor Rasuk,Brian Markinson,Al Sapienza,Patrick Sabongui,Yuki Mortia","Horror, Science Fiction",123
610,c201,Godzilla,2014,Gareth Edwards,"Aaron Taylor-Johnson, Elizabeth Olsen, Bryan Cranston","Action, Adventure, Sci-Fi",123
611,a57,Bindlestiffs,2012,Andrew Edison,"John Karna, Luke Loftin, Andrew Edison",Comedy,80
611,b58,Bindlestiffs,2012,Andrew Edison,"John Karna, Andrew Edison, Luke Loftin, Morgan Alexander",Comedy,80
612,b388,The Next Three Days,2010,Paul Haggis,"Russell Crowe, Elizabeth Banks, Liam Neeson, Olivia Wilde","Drama, Horror, Romance, Mystery & Suspense",133
612,a406,The Next Three Days,2010,Paul Haggis,"Russell Crowe, Elizabeth Banks, Liam Neeson","Crime, Drama, Romance, Thriller",133
612,d2310,the next three days,2010,Paul Haggis,"Russell Crowe,Elizabeth Banks,Brian Dennehy,Liam Neeson,Olivia Wilde,Ty Simpkins","Crime, Drama, Thriller",133
613,a1889,Hide and Seek,2005,John Polson,"Robert De Niro, Dakota Fanning, Famke Janssen","Horror, Mystery, Thriller",101
613,b1660,Hide and Seek,2005,John Polson,"Robert De Niro, Dakota Fanning, Famke Janssen, Elisabeth Shue",Mystery & Suspense,101
614,a1620,Catch That Kid,2004,Bart Freundlich,"Kristen Stewart, Sam Robards, Jennifer Beals","Comedy, Crime",91
614,b1406,Catch That Kid,2004,Bart Freundlich,"Kristen Stewart, Corbin Bleu, Jennifer Beals, Sam Robards","Action & Adventure, Kids & Family",92
615,b224,Resident Evil: Retribution,2012,Paul W.S. Anderson,"Sienna Guillory, Milla Jovovich, Colin Salmon, Michelle Rodriguez",Action & Adventure,95
615,c988,Resident Evil: Retribution,2012,Paul W.S. Anderson,"Milla Jovovich, Sienna Guillory, Michelle Rodriguez","Action, Horror, Sci-Fi",96
616,b2914,Wing Commander,1999,Chris Roberts,"Matthew Lillard, Freddie Prinze Jr., Saffron Burrows, Jrgen Prochnow","Action & Adventure, Science Fiction & Fantasy",100
616,c3285,Wing Commander,1999,Chris Roberts,"Freddie Prinze Jr., Matthew Lillard, Saffron Burrows","Action, Adventure, Sci-Fi",100
617,a162,High School,2012,John Stalberg,"Matt Bush, Sean Marquette, Adrien Brody",Comedy,99
617,b160,High School,2012,John Stalberg,"Adrien Brody, Matt Bush, Sean Marquette, Michael Chiklis",Comedy,93
617,d1906,high school,2012,John Stalberg Jr,"Adrien Brody,Matthew Bush,Sean Marquette,Michael Chiklis,Colin Hanks,Mykelti Williamson","Comedy, Indie",99
618,a1266,Legacy,2015,Davie Fairbanks,"Franz Drameh, Amy Tyger, McKell David","Comedy, Drama",95
618,b1091,Legacy,2015,Davie Fairbanks,"Franz Drameh, Amy Tyger, McKell David, Jacob Chapman","Drama, Comedy",
619,b1547,Stage Beauty,2004,Richard Eyre,"Billy Crudup, Claire Danes, Rupert Everett, Tom Wilkinson","Drama, Romance, Comedy",105
619,a1769,Stage Beauty,2004,Richard Eyre,"Billy Crudup, Claire Danes, Rupert Everett",Drama,106
620,d2760,the merry gentleman,2009,Michael Keaton,"Michael Keaton,Kelly MacDonald,Tom Bastounes,Darlene Hunt,Guy Van Swearingen,William Dick,Bobby Cannavale","Action, Drama",110
620,b928,The Merry Gentleman,2009,Michael Keaton,"Michael Keaton, Kelly Macdonald, Tom Bastounes, Darlene Hunt",Drama,99
620,a997,The Merry Gentleman,2009,Michael Keaton,"Michael Keaton, Kelly Macdonald, Tom Bastounes",Drama,110
621,b476,Bridesmaids,2011,Paul Feig,"Kristen Wiig, Maya Rudolph, Rose Byrne, Wendi McLendon-Covey",Comedy,125
621,a502,Bridesmaids,2011,Paul Feig,"Kristen Wiig, Maya Rudolph, Rose Byrne","Comedy, Romance",125
622,d2202,the help,2011,Tate Taylor,"Emma Stone,Viola Davis,Octavia Spencer,Bryce Dallas Howard,Jessica Chastain,Ahna O'Reilly,Allison Janney,Anna Camp,Chris Lowell,Cicely Tyson,Mike Vogel,Sissy Spacek,Mary Steenburgen",Drama,146
622,a556,The Help,2011,Tate Taylor,"Emma Stone, Viola Davis, Octavia Spencer",Drama,146
622,b522,The Help,2011,Tate Taylor,"Emma Stone, Viola Davis, Bryce Dallas Howard, Octavia Spencer",Drama,137
623,b881,The Girlfriend Experience,2009,Steven Soderbergh,"Sasha Grey, Chris Santos, Philip Eytan, Peter Zizzo",Drama,77
623,a944,The Girlfriend Experience,2009,Steven Soderbergh,"Sasha Grey, Chris Santos, Philip Eytan",Drama,77
624,b2327,Reign Over Me,2007,Mike Binder,"Adam Sandler, Don Cheadle, Jada Pinkett Smith, Liv Tyler",Drama,124
624,a2553,Reign Over Me,2007,Mike Binder,"Adam Sandler, Don Cheadle, Jada Pinkett Smith",Drama,124
625,b1289,Kate & Leopold,2001,James Mangold,"Meg Ryan, Hugh Jackman, Liev Schreiber, Breckin Meyer","Romance, Science Fiction & Fantasy, Comedy",118
625,a1480,Kate & Leopold,2001,James Mangold,"Meg Ryan, Hugh Jackman, Liev Schreiber","Comedy, Fantasy, Romance",118
626,a242,Silver Linings Playbook,2012,David O. Russell,"Bradley Cooper, Jennifer Lawrence, Robert De Niro","Comedy, Drama, Romance",122
626,b238,Silver Linings Playbook,2012,David O. Russell,"Bradley Cooper, Jennifer Lawrence, Robert De Niro, Jacki Weaver",Comedy,122
626,d1890,silver linings playbook,2012,David O. Russell,"Bradley Cooper,Jennifer Lawrence,Robert De Niro,Jacki Weaver,Chris Tucker,Julia Stiles","Comedy, Drama, Foreign",122
627,b1945,Hollywoodland,2006,Allen Coulter,"Adrien Brody, Diane Lane, Ben Affleck, Bob Hoskins","Mystery & Suspense, Drama",126
627,a2205,Hollywoodland,2006,Allen Coulter,"Adrien Brody, Ben Affleck, Diane Lane","Biography, Crime, Drama, History, Mystery, Romance, Thriller",126
628,b172,Joyful Noise,2012,Todd Graff,"Queen Latifah, Dolly Parton, Keke Palmer, Jeremy Jordan",Comedy,118
628,a175,Joyful Noise,2012,Todd Graff,"Queen Latifah, Dolly Parton, Keke Palmer","Comedy, Music",118
628,d2128,joyful noise,2012,Todd Graff,"Queen Latifah,Dolly Parton,Keke Palmer,Jeremy Jordan,Dexter Darden,Courtney B. Vance,Jesse L. Martin","Comedy, Music",117
629,b1548,Starsky & Hutch,2004,Todd Phillips,"Ben Stiller, Owen Wilson, Snoop Dogg, Fred Williamson","Drama, Action & Adventure, Comedy",100
629,a1770,Starsky & Hutch,2004,Todd Phillips,"Ben Stiller, Owen Wilson, Snoop Dogg","Comedy, Crime",101
630,b103,Dark Tide,2012,John Stockwell,"Halle Berry, Olivier Martinez, Ralph Brown, Luke Tyler","Mystery & Suspense, Horror",103
630,a103,Dark Tide,2012,John Stockwell,"Halle Berry, Olivier Martinez, Ralph Brown","Adventure, Drama, Thriller",114
631,d117,no reservations,2007,Scott Hicks,"Catherine Zeta-Jones,Aaron Eckhart,Abigail Breslin,Patricia Clarkson,Bob Balaban,Brian F. O'Byrne","Comedy, Drama, Romance",104
631,b2302,No Reservations,2007,Scott Hicks,"Catherine Zeta-Jones, Aaron Eckhart, Patricia Clarkson, Abigail Breslin","Drama, Romance, Comedy",104
631,a2526,No Reservations,2007,Scott Hicks,"Catherine Zeta-Jones, Aaron Eckhart, Abigail Breslin","Comedy, Drama, Romance",104
632,a816,The Secret Life of Bees,2008,Gina Prince-Bythewood,"Dakota Fanning, Jennifer Hudson, Queen Latifah",Drama,114
632,d2881,the secret life of bees,2008,Gina Prince-Bythewood,"Queen Latifah,Dakota Fanning,Jennifer Hudson,Alicia Keys,Sophie Okonedo,Paul Bettany","Adventure, Drama",114
632,b758,The Secret Life of Bees,2008,Gina Prince-Bythewood,"Queen Latifah, Dakota Fanning, Jennifer Hudson, Alicia Keys","Drama, Action & Adventure",105
633,a58,Black Rock,2013,Katie Aselton,"Katie Aselton, Lake Bell, Kate Bosworth","Horror, Thriller",83
633,b59,Black Rock,2013,Katie Aselton,"Kate Bosworth, Lake Bell, Katie Aselton, Will Bouvier","Mystery & Suspense, Drama",79
634,b1555,Suspect Zero,2004,E. Elias Merhige,"Aaron Eckhart, Ben Kingsley, Carrie-Anne Moss, Harry Lennix","Mystery & Suspense, Drama",99
634,a1777,Suspect Zero,2004,E. Elias Merhige,"Aaron Eckhart, Ben Kingsley, Carrie-Anne Moss","Crime, Thriller",99
635,a1587,50 First Dates,2004,Peter Segal,"Adam Sandler, Drew Barrymore, Rob Schneider","Comedy, Romance",99
635,b1378,50 First Dates,2004,Peter Segal,"Adam Sandler, Drew Barrymore, Rob Schneider, Sean Astin",Comedy,99
636,a2320,Pulse,2006,Jim Sonzero,"Kristen Bell, Rick Gonzalez, Christina Milian","Horror, Sci-Fi",90
636,b2044,Pulse,2006,Jim Sonzero,"Kristen Bell, Ian Somerhalder, Christina Milian, Rick Gonzalez","Mystery & Suspense, Horror",85
637,b2841,Miss Julie,2014,Liv Ullmann,"Jessica Chastain, Colin Farrell, Samantha Morton",Drama,133
637,d869,miss julie,2014,Liv Ullmann,"Jessica Chastain,Colin Farrell,Samantha Morton,Nora McMenamy",Drama,129
638,d2086,chronicle,2012,Josh Trank,"Dane DeHaan,Alex Russell,Michael B. Jordan,Ashley Hinshaw","Drama, Science Fiction, Thriller",84
638,a86,Chronicle,2012,Josh Trank,"Dane DeHaan, Alex Russell, Michael B. Jordan","Drama, Sci-Fi, Thriller",84
639,b130,Extracted,2013,Nir Paniry,"Sasha Roiz, Jenny Mollen, Dominic Bogart, Nick Jameson","Drama, Mystery & Suspense, Science Fiction & Fantasy",88
639,a134,Extracted,2013,Nir Paniry,"Sasha Roiz, Jenny Mollen, Dominic Bogart","Drama, Sci-Fi",85
640,b1968,Jimmy and Judy,2006,Randall Rubin,"Edward Furlong, Rachael Bella, William Sadler, James Eckhouse","Drama, Action & Adventure, Mystery & Suspense",100
640,a2231,Jimmy and Judy,2006,Randall Rubin,"Edward Furlong, Rachael Bella, William Sadler","Crime, Drama, Thriller",99
641,b506,Friends With Benefits,2011,Will Gluck,"Justin Timberlake, Mila Kunis, Patricia Clarkson, Jenna Elfman",Comedy,102
641,d2226,friends with benefits,2011,Will Gluck,"Justin Timberlake,Mila Kunis,Patricia Clarkson,Jenna Elfman,Richard Jenkins,Woody Harrelson,Bryan Greenberg","Comedy, Romance",109
641,a538,Friends with Benefits,2011,Will Gluck,"Mila Kunis, Justin Timberlake, Patricia Clarkson","Comedy, Romance",109
642,a2728,Family Weekend,2013,Benjamin Epps,"Kristin Chenoweth, Matthew Modine, Olesya Rulin","Comedy, Drama",105
642,b2493,Family Weekend,2013,Benjamin Epps,"Kristin Chenoweth, Matthew Modine, Olesya Rulin, Joey King","Drama, Kids & Family, Comedy",96
643,a31,Bachelorette,2012,Leslye Headland,"Kirsten Dunst, Isla Fisher, Lizzy Caplan","Comedy, Romance",87
643,b33,Bachelorette,2012,Leslye Headland,"Kirsten Dunst, Isla Fisher, Lizzy Caplan, James Marsden",Comedy,91
644,d2396,the karate kid,2010,Harald Zwart,"Jaden Smith,Jackie Chan,Taraji P. Henson,Han Wenwen","Action, Adventure, Drama, Family",140
644,b354,The Karate Kid,2010,Harald Zwart,"Jaden Smith, Jackie Chan, Taraji P. Henson, Zhenwei Wang","Drama, Action & Adventure, Kids & Family",140
644,c1469,The Karate Kid,2010,Harald Zwart,"Jackie Chan, Jaden Smith, Taraji P. Henson","Action, Drama, Family",140
645,b2497,Five Dances,2013,Alan Brown,"Ryan Steele, Reed Luplau, Catherine Miller Sco..., Kimiye Corwin","Documentary, Drama, Romance, Musical & Performing Arts",83
645,d1552,five dances,2013,Alan Brown,"Ryan Steele,Reed Luplau,Catherine Miller,Kimiye Corwin","Drama, Musical, Romance",83
645,a2732,Five Dances,2013,Alan Brown,"Ryan Steele, Reed Luplau, Catherine Miller","Drama, Music, Romance",83
646,a1959,Prime,2005,Ben Younger,"Uma Thurman, Meryl Streep, Bryan Greenberg","Comedy, Drama, Romance",105
646,b1724,Prime,2005,Ben Younger,"Uma Thurman, Meryl Streep, Bryan Greenberg, Jon Abrahams","Drama, Comedy",105
647,a2822,The Last of Robin Hood,2014,Richard Glatzer,"John Hudson Messerall, Dakota Fanning, Susan Sarandon","Biography, Drama, Romance",94
647,d1004,the last of robin hood,2014,"Richard Glatzer,Wash Westmoreland","Dakota Fanning,Susan Sarandon,Kevin Kline",Drama,94
647,b2578,The Last Of Robin Hood,2014,Wash Westmoreland,"Kevin Kline, Dakota Fanning, Susan Sarandon, Bryan Batt",Drama,90
648,a812,The Rocker,2008,Peter Cattaneo,"Rainn Wilson, Josh Gad, Christina Applegate","Comedy, Music",102
648,b754,The Rocker,2008,Peter Cattaneo,"Rainn Wilson, Lonny Ross, Christina Applegate, Josh Gad","Drama, Comedy",102
649,a1781,The Terminal,2004,Steven Spielberg,"Tom Hanks, Catherine Zeta-Jones, Chi McBride","Comedy, Drama",128
649,b1559,The Terminal,2004,Steven Spielberg,"Tom Hanks, Catherine Zeta-Jones, Stanley Tucci, Chi McBride","Drama, Comedy",128
650,a595,Moneyball,2011,Bennett Miller,"Brad Pitt, Robin Wright, Jonah Hill","Biography, Drama, Sport",133
650,d2241,moneyball,2011,Bennett Miller,"Brad Pitt,Jonah Hill,Philip Seymour Hoffman,Robin Wright,Chris Pratt,Stephen Bishop,Kerris Dorsey","Drama, Sport",133
650,b560,Moneyball,2011,Bennett Miller,"Brad Pitt, Jonah Hill, Philip Seymour Hoffm..., Robin Wright","Drama, Comedy",133
651,b71,California Solo,2012,Marshall Lewy,"Robert Carlyle, Alexia Rasmussen, Kathleen Wilhoite, A Martinez","Drama, Comedy",94
651,a71,California Solo,2012,Marshall Lewy,"Robert Carlyle, Alexia Rasmussen, Kathleen Wilhoite",Drama,94
652,b1829,Blood Diamond,2006,Edward Zwick,"Leonardo DiCaprio, Jennifer Connelly, Djimon Hounsou, Kagiso Kuypers","Drama, Action & Adventure, Mystery & Suspense",143
652,a2074,Blood Diamond,2006,Edward Zwick,"Leonardo DiCaprio, Djimon Hounsou, Jennifer Connelly","Adventure, Drama, Thriller",143
653,b1763,Two for the Money,2005,D.J. Caruso,"Al Pacino, Matthew McConaughey, Rene Russo, Armand Assante","Drama, Mystery & Suspense, Comedy",124
653,a1998,Two for the Money,2005,D.J. Caruso,"Matthew McConaughey, Al Pacino, Rene Russo","Drama, Sport, Thriller",122
654,b709,Lakeview Terrace,2008,Neil LaBute,"Samuel L. Jackson, Patrick Wilson, Kerry Washington, Ron Glass","Mystery & Suspense, Drama",110
654,a759,Lakeview Terrace,2008,Neil LaBute,"Samuel L. Jackson, Patrick Wilson, Kerry Washington","Crime, Drama, Thriller",110
654,d2925,lakeview terrace,2008,Neil Labute,"Samuel L. Jackson,Patrick Wilson,Kerry Washington,Jay Hernandez","Drama, Horror, Suspense, Thriller",110
655,b1489,Me and You and Everyone We Know,2005,Miranda July,"John Hawkes, Miranda July, Miles Thompson, Brandon Ratcliff","Drama, Art House & International, Comedy",90
655,a1706,Me and You and Everyone We Know,2005,Miranda July,"John Hawkes, Miranda July, Miles Thompson","Comedy, Drama",91
656,a2881,Philomena,2013,Stephen Frears,"Judi Dench, Steve Coogan, Sophie Kennedy Clark","Biography, Drama",98
656,b2630,Philomena,2013,Stephen Frears,"Judi Dench, Steve Coogan, Sophie Kennedy Clark, Anna Maxwell-Martin",Drama,98
656,d1486,philomena,2013,Stephen Frears,"Judi Dench,Steve Coogan,Michelle Fairley,Mare Winningham,Charlie Murph,Simone Lahbib,Sophie Kennedy Clark,Charles Edwards,Sean Mahon",Drama,94
657,b1006,28 Days,2000,Betty Thomas,"Sandra Bullock, Viggo Mortensen, Dominic West, Elizabeth Perkins","Drama, Comedy",103
657,a1174,28 Days,2000,Betty Thomas,"Sandra Bullock, Viggo Mortensen, Dominic West","Comedy, Drama",103
658,a142,For Ellen,2012,So Yong Kim,"Paul Dano, Margarita Levieva, Jon Heder",Drama,94
658,b139,For Ellen,2012,So Yong Kim,"Paul Dano, Jon Heder, Jena Malone, Margarita Levieva",Drama,93
658,d1827,for ellen,2012,So Yong Kim,"Paul Dano,Jon Heder,Shaylena Mandigo,Jena Malone",Drama,93
659,b978,The Stepfather,2009,Nelson McCormick,"Dylan Walsh, Penn Badgley, Sela Ward, Amber Heard","Mystery & Suspense, Horror",103
659,a1051,The Stepfather,2009,Nelson McCormick,"Penn Badgley, Dylan Walsh, Sela Ward","Crime, Mystery, Thriller",101
660,a1155,Disturbia,2007,D.J. Caruso,"Shia LaBeouf, David Morse, Carrie-Anne Moss","Drama, Mystery, Thriller",105
660,b2197,Disturbia,2007,D.J. Caruso,"Shia LaBeouf, Carrie-Anne Moss, David Morse, Sarah Roemer","Mystery & Suspense, Drama",104
661,b1693,The Longest Yard,2005,Peter Segal,"Adam Sandler, Chris Rock, Burt Reynolds, James Cromwell","Drama, Comedy",113
661,a1924,The Longest Yard,2005,Peter Segal,"Adam Sandler, Burt Reynolds, Chris Rock","Comedy, Crime, Sport",113
662,b448,The Wolfman,2010,Joe Johnston,"Benicio Del Toro, Anthony Hopkins, Emily Blunt, Art Malik","Mystery & Suspense, Horror",103
662,d2556,the wolfman,2010,Joe Johnston,"Benicio Del Toro,Emily Blunt,Anthony Hopkins,Geraldine Chaplin,Hugo Weaving,Antony Sher","Drama, Horror, Thriller",102
662,a470,The Wolfman,2010,Joe Johnston,"Benicio Del Toro, Anthony Hopkins, Emily Blunt","Drama, Horror, Thriller",103
663,a2911,Scary Movie 5,2013,Malcolm D. Lee,"Simon Rex, Ashley Tisdale, Charlie Sheen",Comedy,86
663,b2658,Scary Movie 5,2013,Malcolm D. Lee,"Ashley Tisdale, Simon Rex, Erica Ash, Charlie Sheen","Horror, Mystery & Suspense, Comedy",86
664,d1340,the wolf of wall street,2013,Martin Scorsese,"Leonardo DiCaprio,Jonah Hill,Matthew McConaughey,Jon Bernthal,Jon Favreau,Cristin Milioti,Kyle Chandler,Ethan Suplee,Spike Jonze,Rob Reiner,Jean Dujardin,Margot Robbie","Comedy, Crime, Drama",179
664,a2968,The Wolf of Wall Street,2013,Martin Scorsese,"Leonardo DiCaprio, Jonah Hill, Margot Robbie","Biography, Comedy, Crime, Drama",180
664,b2712,The Wolf of Wall Street,2013,Martin Scorsese,"Leonardo DiCaprio, Jonah Hill, Margot Robbie, Matthew McConaughey",Drama,179
665,a2326,Relative Strangers,2006,Greg Glienna,"Danny DeVito, Kathy Bates, Ron Livingston",Comedy,86
665,b2049,Relative Strangers,2006,Greg Glienna,"Ron Livingston, Danny DeVito, Kathy Bates, Neve Campbell",Comedy,84
666,a1262,Keeping the Faith,2000,Edward Norton,"Ben Stiller, Edward Norton, Jenna Elfman","Comedy, Drama, Romance",128
666,b1087,Keeping the Faith,2000,Edward Norton,"Ben Stiller, Edward Norton, Jenna Elfman, Anne Bancroft","Comedy, Romance",127
667,a1255,I Dreamed of Africa,2000,Hugh Hudson,"Kim Basinger, Vincent Perez, Liam Aiken","Adventure, Drama, Romance",114
667,b1082,I Dreamed of Africa,2000,Hugh Hudson,"Kim Basinger, Vincent Perez, Eva Marie Saint, Liam Aiken",Drama,115
668,d1529,a single shot,2013,David M. Rosenthal,"Sam Rockwell,William H. Macy,Jeffrey Wright,Kelly Reilly,Ted Levine,Jason Isaacs,Joe Anderson,Ophelia Lovibond,Melissa Leo","Crime, Drama, Thriller",116
668,a2921,A Single Shot,2013,David M. Rosenthal,"Sam Rockwell, Jeffrey Wright, Kelly Reilly","Crime, Drama, Thriller",116
668,b2668,A Single Shot,2013,David M. Rosenthal,"Sam Rockwell, Jeffrey Wright, William H. Macy, Kelly Reilly","Mystery & Suspense, Drama",116
669,a1386,America's Sweethearts,2001,Joe Roth,"Julia Roberts, John Cusack, Billy Crystal","Comedy, Romance",102
669,b1206,America's Sweethearts,2001,Joe Roth,"Julia Roberts, Billy Crystal, Catherine Zeta-Jones, John Cusack","Drama, Romance, Comedy",103
670,a763,The Longshots,2008,Fred Durst,"Ice Cube, Keke Palmer, Tasha Smith","Biography, Comedy, Drama, Family, Sport",94
670,b713,The Longshots,2008,Fred Durst,"Ice Cube, Keke Palmer, Tasha Smith, Jill Marie Jones","Drama, Comedy",94
670,d2936,the longshots,2008,Fred Durst,"Ice Cube,Keke Palmer,Tasha Smith,Jill Marie Jones,Matt Craven,Garrett Morris","Drama, Family",94
671,b2564,John Dies at the End,2013,Don Coscarelli,"Chase Williamson, Rob Mayes, Paul Giamatti, Clancy Brown","Horror, Mystery & Suspense, Science Fiction & Fantasy, Comedy",99
671,a2807,John Dies at the End,2013,Don Coscarelli,"Chase Williamson, Rob Mayes, Paul Giamatti","Comedy, Horror, Sci-Fi",99
672,b1620,Pirates of the Caribbean: The Curse of the Black Pearl,2003,Gore Verbinski,"Johnny Depp, Geoffrey Rush, Orlando Bloom, Keira Knightley","Action & Adventure, Science Fiction & Fantasy",143
672,c2785,Pirates of the Caribbean: The Curse of the Black Pearl,2003,Gore Verbinski,"Johnny Depp, Geoffrey Rush, Orlando Bloom","Action, Adventure, Fantasy",143
673,b1524,Raising Helen,2004,Garry Marshall,"Kate Hudson, John Corbett, Joan Cusack, Hayden Panettiere",Comedy,119
673,a1744,Raising Helen,2004,Garry Marshall,"Kate Hudson, John Corbett, Joan Cusack","Comedy, Drama, Romance",119
674,a632,Skateland,2011,Anthony Burns,"Shiloh Fernandez, Ashley Greene, Heath Freeman",Drama,96
674,b594,Skateland,2011,Anthony Burns,"Shiloh Fernandez, Ashley Greene, Heath Freeman, A.J. Buckley",Drama,98
675,b1321,Original Sin,2001,Michael Cristofer,"Antonio Banderas, Angelina Jolie, Thomas Jane, Jack Thompson","Mystery & Suspense, Drama",112
675,a1520,Original Sin,2001,Michael Cristofer,"Antonio Banderas, Angelina Jolie, Thomas Jane","Drama, Mystery, Romance, Thriller",116
676,a1162,Evan Almighty,2007,Tom Shadyac,"Steve Carell, Morgan Freeman, Lauren Graham","Comedy, Family, Fantasy",96
676,b2202,Evan Almighty,2007,Tom Shadyac,"Steve Carell, Morgan Freeman, Lauren Graham, Wanda Sykes","Science Fiction & Fantasy, Comedy",96
677,a1657,Fahrenheit 9/11,2004,Michael Moore,"Michael Moore, George W. Bush, Ben Affleck",Documentary,122
677,b1439,Fahrenheit 9/11,2004,Michael Moore,"George W. Bush, Michael Moore, Stevie Wonder, Ben Affleck","Documentary, Special Interest",122
678,b1535,She Hate Me,2004,Spike Lee,"Anthony Mackie, Kerry Washington, Ellen Barkin, Monica Bellucci","Drama, Comedy",139
678,a1755,She Hate Me,2004,Spike Lee,"Anthony Mackie, Kerry Washington, Ellen Barkin","Comedy, Drama",138
679,b207,Peace Love & Misunderstanding,2012,Bruce Beresford,"Jane Fonda, Catherine Keener, Elizabeth Olsen, Chace Crawford","Drama, Kids & Family, Comedy",96
679,a211,Peace Love & Misunderstanding,2012,Bruce Beresford,"Jane Fonda, Catherine Keener, Elizabeth Olsen","Comedy, Drama, Music, Romance",96
679,d1919,"peace, love & misunderstanding",2012,Bruce Beresford,"Jane Fonda,Catherine Keener,Elizabeth Olsen,Nat Wolff,Jeffrey Dean Morgan,Chace Crawford,Kyle MacLachlan,Marissa O’Donnell,Rosanna Arquette","Comedy, Drama, Romance",96
680,b1139,Requiem for a Dream,2000,Darren Aronofsky,"Ellen Burstyn, Jared Leto, Jennifer Connelly, Marlon Wayans",Drama,101
680,a1316,Requiem for a Dream,2000,Darren Aronofsky,"Ellen Burstyn, Jared Leto, Jennifer Connelly",Drama,102
681,b1550,The Stepford Wives,2004,Frank Oz,"Nicole Kidman, Matthew Broderick, Bette Midler, Glenn Close","Drama, Mystery & Suspense, Science Fiction & Fantasy, Comedy",93
681,a1772,The Stepford Wives,2004,Frank Oz,"Nicole Kidman, Bette Midler, Matthew Broderick","Comedy, Sci-Fi, Thriller",93
682,b1417,Connie and Carla,2004,Michael Lembeck,"Nia Vardalos, Toni Collette, David Duchovny, Stephen Spinella","Musical & Performing Arts, Comedy",98
682,a1635,Connie and Carla,2004,Michael Lembeck,"Nia Vardalos, Toni Collette, David Duchovny","Comedy, Crime, Music",98
683,a739,The Happening,2008,M. Night Shyamalan,"Mark Wahlberg, Zooey Deschanel, John Leguizamo","Drama, Sci-Fi, Thriller",91
683,b690,The Happening,2008,M. Night Shyamalan,"Mark Wahlberg, Zooey Deschanel, John Leguizamo, Ashlyn Sanchez","Drama, Mystery & Suspense, Science Fiction & Fantasy",90
683,d3026,the happening,2008,M. Night Shyamalan,"Mark Wahlberg,Zooey Deschanel,John Leguizamo,Ashlyn Sanchez,Betty Buckley,Spencer Breslin","Action, Drama, Mystery, Science Fiction, Thriller",91
684,a2098,Clerks II,2006,Kevin Smith,"Brian O'Halloran, Jeff Anderson, Rosario Dawson",Comedy,97
684,b1849,Clerks II,2006,Kevin Smith,"Brian O'Halloran, Jeff Anderson, Rosario Dawson, Jason Mewes","Drama, Comedy",97
685,a379,The Last Exorcism,2010,Daniel Stamm,"Patrick Fabian, Ashley Bell, Iris Bahr","Drama, Horror, Thriller",87
685,b361,The Last Exorcism,2010,Daniel Stamm,"Patrick Fabian, Ashley Bell, Iris Bahr, Louis Herthum","Mystery & Suspense, Horror",87
686,a818,Seven Pounds,2008,Gabriele Muccino,"Will Smith, Rosario Dawson, Woody Harrelson",Drama,123
686,b760,Seven Pounds,2008,Gabriele Muccino,"Will Smith, Rosario Dawson, Woody Harrelson, Michael Ealy","Drama, Romance",123
686,d2824,seven pounds,2008,Gabriele Muccino,"Will Smith,Rosario Dawson,Woody Harrelson,Michael Ealy,Barry Pepper,Elpidia Carrillo","Drama, Romance",123
687,a1974,Shadowboxer,2006,Lee Daniels,"Cuba Gooding Jr., Helen Mirren, Vanessa Ferlito","Action, Crime, Drama, Thriller",93
687,c2470,Shadowboxer,2005,Lee Daniels,"Cuba Gooding Jr., Helen Mirren, Vanessa Ferlito","Action, Crime, Drama",93
687,b1740,Shadowboxer,2005,Lee Daniels,"Cuba Gooding Jr., Helen Mirren, Stephen Dorff, Vanessa Ferlito","Drama, Action & Adventure, Mystery & Suspense",93
688,b2971,Enemy of the State,1998,Tony Scott,"Will Smith, Gene Hackman, Regina King, Jon Voight","Mystery & Suspense, Action & Adventure",150
688,c3416,Enemy of the State,1998,Tony Scott,"Will Smith, Gene Hackman, Jon Voight","Action, Crime, Drama",132
689,b950,Orphan,2009,Jaume Collet-Serra,"Peter Sarsgaard, Vera Farmiga, Isabelle Fuhrman, Jimmy Bennett","Drama, Horror, Mystery & Suspense",123
689,a1021,Orphan,2009,Jaume Collet-Serra,"Vera Farmiga, Peter Sarsgaard, Isabelle Fuhrman","Horror, Mystery, Thriller",123
689,d2723,orphan,2009,Jaume Collet-Serra,"Vera Farmiga,Peter Sarsgaard,Isabelle Fuhrman,Aryana Engineer,Jimmy Bennett,CCH Pounder,Margo Martindale,Rosemary Dunsmore","Horror, Mystery, Thriller",123
690,b2258,Juno,2007,Jason Reitman,"Ellen Page, Michael Cera, Jennifer Garner, Jason Bateman","Drama, Comedy",96
690,a1910,Juno,2007,Jason Reitman,"Ellen Page, Michael Cera, Jennifer Garner","Comedy, Drama, Romance",96
690,d3131,juno,2007,Jason Reitman,"Ellen Page,Michael Cera,Jason Bateman,Allison Janney,J.K. Simmons","Comedy, Drama, Indie, Romance",96
691,a1039,Saw VI,2009,Kevin Greutert,"Tobin Bell, Costas Mandylor, Mark Rolston","Horror, Mystery",90
691,b967,Saw VI,2009,Kevin Greutert,"Tobin Bell, Costas Mandylor, Betsy Russell, Mark Rolston","Mystery & Suspense, Horror",91
692,a2894,Rapture-Palooza,2013,Paul Middleditch,"Craig Robinson, Anna Kendrick, John Francis Daley","Comedy, Fantasy",85
692,b2642,Rapture-Palooza,2013,Paul Middleditch,"Craig Robinson, Anna Kendrick, John Francis Daley, Tom Lennon","Horror, Science Fiction & Fantasy, Comedy",85
693,b322,Flipped,2010,Rob Reiner,"Madeline Carroll, Callan McAuliffe, Rebecca De Mornay, Anthony Edwards","Drama, Romance, Comedy",89
693,d2478,flipped,2010,,"Madeline Carroll,Callan McAuliffe,Anthony Edwards,Aidan Quinn,Penelope,Rebecca,John Mahoney,Kevin Weisman","Comedy, Drama, Family, Romance",90
693,a333,Flipped,2010,Rob Reiner,"Madeline Carroll, Callan McAuliffe, Rebecca De Mornay","Comedy, Drama, Romance",90
694,b1652,The Greatest Game Ever Played,2005,Bill Paxton,"Shia LaBeouf, Stephen Dillane, Elias Koteas, Josh Flitter",Drama,115
694,a1883,The Greatest Game Ever Played,2005,Bill Paxton,"Shia LaBeouf, Stephen Dillane, Elias Koteas","Drama, History, Sport",120
695,a1466,Human Nature,2002,Michel Gondry,"Tim Robbins, Patricia Arquette, Rhys Ifans","Comedy, Drama",96
695,b1275,Human Nature,2002,Michel Gondry,"Patricia Arquette, Rhys Ifans, Tim Robbins, Miranda Otto","Drama, Romance, Comedy",96
696,a2472,The Invisible,2007,David S. Goyer,"Justin Chatwin, Margarita Levieva, Marcia Gay Harden","Crime, Drama, Fantasy, Mystery, Thriller",102
696,b2255,The Invisible,2007,David S. Goyer,"Justin Chatwin, Margarita Levieva, Marcia Gay Harden, Alex O'Loughlin","Mystery & Suspense, Drama",101
697,b1306,Monkeybone,2001,Henry Selick,"Brendan Fraser, Bridget Fonda, Chris Kattan, John Turturro","Animation, Science Fiction & Fantasy, Comedy",92
697,a1500,Monkeybone,2001,Henry Selick,"Brendan Fraser, Bridget Fonda, John Turturro","Animation, Comedy, Fantasy",93
698,b410,The Runaways,2010,Floria Sigismondi,"Kristen Stewart, Dakota Fanning, Michael Shannon, Stella Maeve","Drama, Musical & Performing Arts, Comedy",107
698,a430,The Runaways,2010,Floria Sigismondi,"Kristen Stewart, Dakota Fanning, Michael Shannon","Biography, Drama, History, Music",106
698,d2571,the runaways,2010,Floria Sigismondi,"Kristen Stewart,Dakota Fanning,Michael Shannon,Alia Shawkat,Scout Taylor-Compton,Stella Maeve,Riley Keough,Tatum O'Neal,Brett Cullen","Drama, Indie, Music",106
699,b1079,Hollow Man,2000,Paul Verhoeven,"Kevin Bacon, Elisabeth Shue, Josh Brolin, Kim Dickens","Action & Adventure, Horror, Science Fiction & Fantasy",112
699,a1251,Hollow Man,2000,Paul Verhoeven,"Kevin Bacon, Elisabeth Shue, Josh Brolin","Sci-Fi, Thriller",112
700,a2005,Walk the Line,2005,James Mangold,"Joaquin Phoenix, Reese Witherspoon, Ginnifer Goodwin","Biography, Drama, Music, Romance",136
700,b1770,Walk the Line,2005,James Mangold,"Joaquin Phoenix, Reese Witherspoon, Ginnifer Goodwin, Dallas Roberts",Drama,94
700,d256,walk the line,2005,James Mangold,"Joaquin Phoenix,Reese Witherspoon,Ginnifer Goodwin,Robert Patrick,Dallas Roberts,Dan John Miller,Larry Bagby,Shelby Lynne,Tyler Hilton,Waylon Malloy Payne,Shooter Jennings","Drama, Music, Romance",136
701,a2513,Mr. Woodcock,2007,Craig Gillespie,"Billy Bob Thornton, Seann William Scott, Susan Sarandon","Comedy, Romance, Sport",87
701,b2290,Mr. Woodcock,2007,Craig Gillespie,"Billy Bob Thornton, Seann William Scott, Susan Sarandon, Amy Poehler",Comedy,87
701,d3157,mr. woodcock,2007,Craig Gillespie,"Billy Bob Thornton,Seann William Scott,Susan Sarandon,Amy Poehler,Ethan Suplee,Melissa Sagemiller","Comedy, Romance, Sports Film",87
702,a1296,Our Song,2001,Jim McKay,"Kerry Washington, Anna Simpson, Melissa Martinez",Drama,95
702,b1119,Our Song,2001,Jim McKay,"Kerry Washington, Anna Simpson, Melissa Martinez, Marlene Forte","Documentary, Drama",95
703,a2586,Still Green,2009,Jon Artigo,"Sarah Jones, Ryan Kelley, Douglas Spain",Drama,87
703,b2359,Still Green,2009,Jon Artigo,"Sarah Jones, Ryan Kelly, Ryan Kelley, Douglas Spain","Drama, Horror",89
704,b1052,Drowning Mona,2000,Nick Gomez,"Danny DeVito, Bette Midler, Neve Campbell, Jamie Lee Curtis","Drama, Comedy",95
704,a1223,Drowning Mona,2000,Nick Gomez,"Danny DeVito, Bette Midler, Neve Campbell","Crime, Mystery, Comedy",96
705,a206,The Oogieloves in the Big Balloon Adventure,2012,Matthew Diamond,"Jaime Pressly, Cloris Leachman, Christopher Lloyd","Adventure, Family",88
705,b201,The Oogieloves in The Big Balloon Adventure,2012,Matthew Diamond,"Christopher Lloyd, Cloris Leachman, Chazz Palminteri, Jaime Pressly","Musical & Performing Arts, Kids & Family",86
706,b1309,Mulholland Drive,2001,David Lynch,"Laura Harring, Naomi Watts, Justin Theroux, Ann Miller","Drama, Mystery & Suspense, Special Interest",147
706,d1889,mulholland dr.,2001,David Lynch,"Rita Taggart, Laura Elena Harring, Naomi Watts, Ann Miller Vincenzo, Dan Hedaya, Justin Theroux","Drama, Mystery, Romance, Thriller",147
706,a1506,Mulholland Drive,2001,David Lynch,"Naomi Watts, Laura Harring, Justin Theroux","Drama, Mystery, Thriller",147
707,a282,All Good Things,2010,Andrew Jarecki,"Ryan Gosling, Kirsten Dunst, Frank Langella","Crime, Drama, Mystery, Romance, Thriller",101
707,d2301,all good things,2010,Andrew Jarecki,"Ryan Gosling,Kirsten Dunst,Frank Langella,Philip Baker Hall,Diane Venora,Lily Rabe,Kristen Wiig","Drama, Mystery, Suspense, Thriller",101
707,b276,All Good Things,2010,Andrew Jarecki,"Ryan Gosling, Kirsten Dunst, Frank Langella, Lily Rabe","Mystery & Suspense, Drama",101
708,d2802,gigantic,2009,Matt Aselton,"Paul Dano,Zooey Deschanel,John Goodman,Ed Asner,Robert Stanton,Ian Roberts,Jane Alexander,Clarke Peters,Daniel Stewart Sherman","Drama, Foreign, Indie, Romance",88
708,a943,Gigantic,2009,Matt Aselton,"Paul Dano, Zooey Deschanel, John Goodman","Comedy, Drama, Romance",98
708,b880,Gigantic,2009,Matt Aselton,"Paul Dano, Zooey Deschanel, John Goodman, Edward Asner","Comedy, Romance",99
709,b637,Be Kind Rewind,2008,Michel Gondry,"Jack Black, Yasiin Bey, Danny Glover, Mia Farrow",Comedy,101
709,d3129,be kind rewind,2008,Michel Gondry,"Jack Black,Mos Def,Danny Glover,Mia Farrow,Melonie Diaz,Sigourney Weaver",Comedy,102
709,a682,Be Kind Rewind,2008,Michel Gondry,"Jack Black, Yasiin Bey, Danny Glover","Comedy, Drama",102
710,d2231,another earth,2011,Mike Cahill,"Brit Marling,William Mapother","Drama, Romance, Science Fiction",92
710,b461,Another Earth,2011,Mike Cahill,"Brit Marling, Matthew-Lee Erlbach, D.J. Flava, William Mapother",Drama,92
710,a485,Another Earth,2011,Mike Cahill,"Brit Marling, William Mapother, Matthew-Lee Erlbach","Drama, Romance, Sci-Fi",92
711,b930,Miss March,2009,Zach Cregger,"Zach Cregger, Trevor Moore, Raquel Alessi, Molly Stanton",Comedy,90
711,a1000,Miss March,2009,Zach Cregger,"Zach Cregger, Trevor Moore, Raquel Alessi","Comedy, Romance",90
712,d2736,funny people,2009,Judd Apatow,"Adam Sandler,Seth Rogen,Leslie Mann,Jonah Hill,Eric Bana,Jason Schwartzman","Comedy, Drama",146
712,b875,Funny People,2009,Judd Apatow,"Adam Sandler, Seth Rogen, Leslie Mann, Eric Bana","Drama, Comedy",146
712,a937,Funny People,2009,Judd Apatow,"Adam Sandler, Seth Rogen, Leslie Mann","Comedy, Drama",146
713,b2466,The Conjuring,2013,James Wan,"Vera Farmiga, Patrick Wilson, Ron Livingston, Lili Taylor","Mystery & Suspense, Horror",112
713,a2699,The Conjuring,2013,James Wan,"Patrick Wilson, Vera Farmiga, Ron Livingston",Horror,112
714,b926,Me and Orson Welles,2009,Richard Linklater,"Zac Efron, Claire Danes, Christian McKay, Ben Chaplin","Drama, Art House & International, Comedy",119
714,d2621,me and orson welles,2009,Richard Linklater,"Zac Efron,Claire Danes,Christian McKay,Zoe Kazan,James Tupper,Leo Bill","Comedy, Drama, Romance",114
714,a995,Me and Orson Welles,2009,Richard Linklater,"Zac Efron, Claire Danes, Christian McKay",Drama,114
715,a1982,Son of the Mask,2005,Lawrence Guterman,"Jamie Kennedy, Traylor Howard, Alan Cumming","Adventure, Comedy, Family, Fantasy",94
715,b1748,Son of the Mask,2005,Lawrence Guterman,"Jamie Kennedy, Alan Cumming, Bob Hoskins, Traylor Howard","Science Fiction & Fantasy, Comedy",95
716,d1474,best man down,2013,Ted Koland,"Justin Long,Jess Weixler,Tyler Labine,Addison Timlin,Shelley Long,Frances O'Connor,Evan Jones,Michael Landes,Peter Syvertsen,Jan Hammill,Sasha Andreev","Comedy, Drama",90
716,a51,Best Man Down,2013,Ted Koland,"Justin Long, Jess Weixler, Tyler Labine","Comedy, Drama",89
716,b53,Best Man Down,2013,Ted Koland,"Justin Long, Tyler Labine, Jess Weixler, Addison Timlin","Drama, Comedy",91
717,a2634,9 Full Moons,2014,Tomer Almagor,"Amy Seimetz, Bret Roberts, Donal Logue","Drama, Romance",103
717,b2403,9 Full Moons,2014,Tomer Almagor,"Amy Seimetz, Bret Roberts, Brian McGuire, Donal Logue","Drama, Romance",103
718,a50,Bernie,2012,Richard Linklater,"Jack Black, Shirley MacLaine, Matthew McConaughey","Comedy, Crime, Drama",104
718,b52,Bernie,2012,Richard Linklater,"Jack Black, Matthew McConaughey, Shirley MacLaine, Rick Dial",Comedy,104
718,d1958,bernie,2012,Richard Linklater,"Jack Black,Shirley MacLaine,Matthew McConaughey,Brandon Smith","Comedy, Crime, Drama",100
719,b1000,Whip It,2009,Drew Barrymore,"Ellen Page, Drew Barrymore, Juliette Lewis, Kristen Wiig","Drama, Comedy",111
719,d2656,whip it,2009,Drew Barrymore,"Ellen Page,Marcia Gay Harden,Kristen Wiig,Drew Barrymore,Juliette Lewis,Landon Pigg,Daniel Stern,Jimmy Fallon","Comedy, Drama, Family",111
719,a1077,Whip It,2009,Drew Barrymore,"Ellen Page, Drew Barrymore, Kristen Wiig","Drama, Sport",111
720,b63,Brake,2012,Gabe Torres,"Stephen Dorff, Chyler Leigh, JR Bourne, Tom Berenger","Mystery & Suspense, Action & Adventure",91
720,a61,Brake,2012,Gabe Torres,"Stephen Dorff, Chyler Leigh, JR Bourne",Thriller,92
721,b303,Date Night,2010,Shawn Levy,"Steve Carell, Tina Fey, Mark Wahlberg, Taraji P. Henson","Comedy, Romance",107
721,d2515,date night,2010,Shawn Levy,"Steve Carell,Tina Fey,James Franco,Mark Wahlberg,Mila Kunis,Ray Liotta","Action, Comedy, Crime, Romance",88
721,a313,Date Night,2010,Shawn Levy,"Steve Carell, Tina Fey, Mark Wahlberg","Comedy, Crime, Romance, Thriller",88
722,b2559,Jack the Giant Slayer,2013,Bryan Singer,"Nicholas Hoult, Eleanor Tomlinson, Stanley Tucci, Ewan McGregor","Drama, Action & Adventure, Science Fiction & Fantasy",114
722,a2801,Jack the Giant Slayer,2013,Bryan Singer,"Nicholas Hoult, Stanley Tucci, Ewan McGregor","Adventure, Fantasy",114
722,d1748,jack the giant slayer,2013,Bryan Singer,"Nicholas Hoult,Ewan McGregor,Stanley Tucci,Ian McShane,Bill Nighy,Eleanor Tomlinson,Eddie Marsan","Adventure, Drama, Fantasy, Romance, Science Fiction",114
723,b2573,Knife Fight,2013,Bill Guttentag,"Rob Lowe, Julie Bowen, Saffron Burrows, Jamie Chung","Drama, Comedy",99
723,a2817,Knife Fight,2013,Bill Guttentag,"Rob Lowe, Jamie Chung, Julie Bowen",Drama,100
724,a1819,The Ballad of Jack and Rose,2005,Rebecca Miller,"Daniel Day-Lewis, Catherine Keener, Camilla Belle",Drama,112
724,b1595,The Ballad of Jack and Rose,2005,Rebecca Miller,"Daniel Day-Lewis, Catherine Keener, Camilla Belle, Paul Dano",Drama,111
725,a2344,A Scanner Darkly,2006,Richard Linklater,"Keanu Reeves, Winona Ryder, Robert Downey Jr.","Animation, Sci-Fi, Thriller",100
725,b2063,A Scanner Darkly,2006,Richard Linklater,"Keanu Reeves, Robert Downey Jr., Woody Harrelson, Winona Ryder","Drama, Action & Adventure, Animation, Science Fiction & Fantasy",100
726,a1928,A Lot Like Love,2005,Nigel Cole,"Ashton Kutcher, Amanda Peet, Taryn Manning","Comedy, Drama, Romance",107
726,b1697,A Lot Like Love,2005,Nigel Cole,"Amanda Peet, Ashton Kutcher, Taryn Manning, Aimee Garcia","Drama, Romance, Comedy",107
727,a1745,Ray,2004,Taylor Hackford,"Jamie Foxx, Regina King, Kerry Washington","Biography, Drama, Music",152
727,b1525,Ray,2004,Taylor Hackford,"Jamie Foxx, Kerry Washington, Regina King, Clifton Powell",Drama,148
728,a2798,Iron Man 3,2013,Shane Black,"Robert Downey Jr., Guy Pearce, Gwyneth Paltrow","Action, Adventure, Sci-Fi",130
728,d1672,iron man 3,2013,Shane Black,"Robert Downey Jr.,Gwyneth Paltrow,Guy Pearce,Don Cheadle,Ben Kingsley,Paul Bettany,Rebecca Hall,Jon Favreau,William Sadler,James Badge Dale","Action, Adventure, Science Fiction",130
728,b2556,Iron Man 3,2013,Shane Black,"Robert Downey Jr., Gwyneth Paltrow, Don Cheadle, Guy Pearce","Action & Adventure, Science Fiction & Fantasy",109
729,b2316,The Perfect Holiday,2007,Lance Rivera,"Morris Chestnut, Terrence Howard, Queen Latifah, Gabrielle Union","Kids & Family, Romance",96
729,d3110,the perfect holiday,2007,,"Gabrielle Union,Morris Chestnut,Charlie Murphy,Faizon Love,Malik Hammond,Khail Bryant,Jeremy Gumbs,Katt Williams,Jill Marie Jones,Rachel True,Queen Latifah,Terrence Howard","Comedy, Drama, Indie, Romance",96
729,a2542,The Perfect Holiday,2007,Lance Rivera,"Gabrielle Union, Morris Chestnut, Queen Latifah","Comedy, Family, Fantasy, Romance",96
730,c3440,Ronin,1998,John Frankenheimer,"Robert De Niro, Jean Reno, Natascha McElhone","Action, Adventure, Crime",122
730,b3071,Ronin,1998,John Frankenheimer,"Robert De Niro, Jean Reno, Natascha McElhone, Sean Bean","Mystery & Suspense, Action & Adventure",118
731,a2447,The Hammer,2007,Charles Herman-Wurmfeld,"Adam Carolla, Oswaldo Castillo, Heather Juergensen","Comedy, Romance, Sport",88
731,b2233,The Hammer,2007,Charles Herman-Wurmfeld,"Adam Carolla, Heather Juergensen, Oswaldo Castillo, Harold House Moore",Comedy,93
732,b1214,Antitrust,2001,Peter Howitt,"Ryan Phillippe, Rachael Leigh Cook, Claire Forlani, Tim Robbins","Drama, Action & Adventure, Mystery & Suspense",110
732,a1395,Antitrust,2001,Peter Howitt,"Ryan Phillippe, Tim Robbins, Rachael Leigh Cook","Crime, Drama, Thriller",109
733,d2482,the crazies,2010,Breck Eisner,"Timothy Olyphant,Radha Mitchell,Joe Anderson,Danielle Panabaker,Christie Lynn Smith,Brett Rickaby,Preston Bailey,John Aylward","Action, Horror, Thriller",101
733,a310,The Crazies,2010,Breck Eisner,"Radha Mitchell, Timothy Olyphant, Danielle Panabaker","Horror, Mystery, Thriller",101
733,b300,The Crazies,2010,Breck Eisner,"Timothy Olyphant, Radha Mitchell, Joe Anderson, Danielle Panabaker","Drama, Action & Adventure, Horror, Mystery & Suspense, Science Fiction & Fantasy",101
734,b2449,Broken City,2013,Allen Hughes,"Mark Wahlberg, Russell Crowe, Catherine Zeta-Jones, Jeffrey Wright",Drama,108
734,a2678,Broken City,2013,Allen Hughes,"Mark Wahlberg, Russell Crowe, Catherine Zeta-Jones","Crime, Drama, Thriller",109
734,d1807,broken city,2013,Allen Hughes,"Mark Wahlberg,Russell Crowe,Catherine Zeta-Jones,Jeffrey Wright,Barry Pepper,Kyle Chandler,Griffin Dunne,Natalie Martinez","Mystery, Thriller",109
735,b2852,Mystery Men,1999,Kinka Usher,"Hank Azaria, Ben Stiller, Janeane Garofalo, William H. Macy","Action & Adventure, Science Fiction & Fantasy, Comedy",121
735,c3286,Mystery Men,1999,Kinka Usher,"Ben Stiller, Janeane Garofalo, William H. Macy","Action, Comedy, Fantasy",121
736,a2380,Suicide Killers,2006,Pierre Rehov,"Chadhoorth Djawann, Jacinto Dumbal, Judge Dumbroso",Documentary,80
736,b2095,Suicide Killers,2006,Pierre Rehov,"Chadhoorth Djawann, Jacinto Dumbal, Judge Dumbroso, Boaz Ganor","Documentary, Special Interest",80
737,b1284,Josie and the Pussycats,2001,Harry Elfont,"Rachael Leigh Cook, Rosario Dawson, Tara Reid, Alan Cumming",Comedy,99
737,a1475,Josie and the Pussycats,2001,Harry Elfont,"Rachael Leigh Cook, Tara Reid, Rosario Dawson","Comedy, Music",98
738,d1360,gunday,2014,Ali Abbas Zafar,"Ranveer Singh,Arjun Kapoor,Priyanka Chopra,Irrfan Khan","Action, Crime, Drama",152
738,c335,Gunday,2014,Ali Abbas Zafar,"Ranveer Singh, Arjun Kapoor, Priyanka Chopra","Action, Crime, Drama",152
739,b1670,The Ice Harvest,2005,Harold Ramis,"John Cusack, Billy Bob Thornton, Connie Nielsen, Lara Phillips","Action & Adventure, Mystery & Suspense, Comedy",88
739,a1899,The Ice Harvest,2005,Harold Ramis,"John Cusack, Billy Bob Thornton, Connie Nielsen","Comedy, Crime, Drama, Thriller",92
739,d261,the ice harvest,2005,Harold Ramis,"John Cusack,Billy Bob Thornton,Connie Nielsen,Randy Quaid,Oliver Platt","Action, Adventure, Comedy, Crime, Drama, Thriller",88
740,a1625,Christmas with the Kranks,2004,Joe Roth,"Tim Allen, Jamie Lee Curtis, Dan Aykroyd","Comedy, Family",99
740,b1409,Christmas With the Kranks,2004,Joe Roth,"Tim Allen, Jamie Lee Curtis, Dan Aykroyd, M. Emmet Walsh","Comedy, Kids & Family",94
741,a2668,The Bling Ring,2013,Sofia Coppola,"Katie Chang, Israel Broussard, Emma Watson","Biography, Crime, Drama",90
741,d1645,the bling ring,2013,Sofia Coppola,"Emma Watson,Stacy Edwards,Israel Broussard,Taissa Farmiga,Erin Daniels,Gavin Rossdale,Leslie Mann,Katie Chang,Claire Julien,Georgia Rock,Carlos Miranda","Crime, Drama",90
741,b2439,The Bling Ring,2013,Sofia Coppola,"Emma Watson, Israel Broussard, Taissa Farmiga, Katie Chang",Drama,90
742,d236,stick it,2006,Jessica Bendinger,"Jeff Bridges,Missy Peregrym,Vanessa Lengies,Tarah Paige,Nikki SooHoo,Maddy Curley,Kellan Lutz,John Patrick Amedori","Comedy, Drama, Family, Sports Film",103
742,a2375,Stick It,2006,Jessica Bendinger,"Missy Peregrym, Jeff Bridges, Vanessa Lengies","Comedy, Drama, Sport",103
742,b2091,Stick It,2006,Jessica Bendinger,"Missy Peregrym, Jeff Bridges, Vanessa Lengies, Nikki SooHoo","Drama, Comedy",103
743,b2499,Frances Ha,2013,Noah Baumbach,"Greta Gerwig, Mickey Sumner, Charlotte D'Ambrose, Charlotte D'Amboise",Comedy,86
743,d1679,frances ha,2013,Noah Baumbach,"Greta Gerwig,Mickey Sumner,Michael Zegen,Adam Driver",Comedy,86
743,a2734,Frances Ha,2013,Noah Baumbach,"Greta Gerwig, Mickey Sumner, Adam Driver","Comedy, Drama",86
744,b1044,The Contender,2000,Rod Lurie,"Joan Allen, Gary Oldman, Jeff Bridges, Christian Slater","Mystery & Suspense, Drama",126
744,a1214,The Contender,2000,Rod Lurie,"Joan Allen, Gary Oldman, Jeff Bridges","Drama, Thriller",126
745,b1223,Black Knight,2001,Gil Junger,"Martin Lawrence, Marsha Thomason, Tom Wilkinson, Vincent Regan","Action & Adventure, Science Fiction & Fantasy, Comedy",95
745,a1406,Black Knight,2001,Gil Junger,"Martin Lawrence, Marsha Thomason, Tom Wilkinson","Adventure, Comedy, Fantasy",95
746,b3028,The Newton Boys,1998,Richard Linklater,"Matthew McConaughey, Skeet Ulrich, Ethan Hawke, Vincent D'Onofrio","Drama, Action & Adventure, Mystery & Suspense",121
746,c3427,The Newton Boys,1998,Richard Linklater,"Matthew McConaughey, Ethan Hawke, Skeet Ulrich","Action, Crime, Drama",113
747,b1661,A History of Violence,2005,David Cronenberg,"Viggo Mortensen, Maria Bello, Ed Harris, William Hurt","Drama, Action & Adventure, Mystery & Suspense",96
747,a1890,A History of Violence,2005,David Cronenberg,"Viggo Mortensen, Maria Bello, Ed Harris","Crime, Drama, Thriller",96
748,a1945,Must Love Dogs,2005,Gary David Goldberg,"Diane Lane, John Cusack, Elizabeth Perkins","Comedy, Romance",98
748,b1710,Must Love Dogs,2005,Gary David Goldberg,"Diane Lane, John Cusack, Elizabeth Perkins, Christopher Plummer","Drama, Romance, Comedy",98
749,b2031,Over the Hedge,2006,Tim Johnson,"Bruce Willis, Garry Shandling, Steve Carell, William Shatner","Animation, Kids & Family, Comedy",84
749,a2301,Over the Hedge,2006,Tim Johnson,"Bruce Willis, Garry Shandling, Steve Carell","Animation, Adventure, Comedy, Family",83
749,d244,over the hedge,2006,Tim Johnson,"Bruce Willis,Garry Shandling,Steve Carell,Wanda Sykes,William Shatner,Eugene Levy,Nick Nolte,Thomas Haden Church,Allison Janney,Omid Djalili,Avril Lavigne,Catherine O'Hara","Adventure, Animation, Family",83
750,d184,basic instinct 2,2006,Michael Caton-Jones,"Sharon Stone,David Morrissey,Charlotte Rampling,David Thewlis,Hugh Dancy,Indira Varma,Heathcote Williams","Crime, Horror, Mystery, Romance, Thriller",114
750,a2058,Basic Instinct 2,2006,Michael Caton-Jones,"Sharon Stone, David Morrissey, David Thewlis","Drama, Mystery, Thriller",114
750,b1816,Basic Instinct 2,2006,Michael Caton-Jones,"Sharon Stone, David Morrissey, Charlotte Rampling, David Thewlis","Drama, Romance, Mystery & Suspense",117
751,b715,Mad Money,2008,Callie Khouri,"Diane Keaton, Queen Latifah, Katie Holmes, Ted Danson","Drama, Comedy",103
751,a765,Mad Money,2008,Callie Khouri,"Diane Keaton, Queen Latifah, Katie Holmes","Comedy, Crime, Thriller",104
751,d3111,mad money,2008,Callie Khouri,"Diane Keaton,Queen Latifah,Katie Holmes,Ted Danson,Adam Rothenberg,Christopher McDonald","Action, Comedy, Crime",104
752,a781,My Sassy Girl,2008,Yann Samuell,"Elisha Cuthbert, Jesse Bradford, Austin Basis","Comedy, Drama, Romance",92
752,b728,My Sassy Girl,2008,Yann Samuell,"Jesse Bradford, Elisha Cuthbert, Austin Basis, Joanna Gleason","Drama, Romance, Comedy",95
753,d109,interview,2007,Steve Buscemi,"Steve Buscemi,Sienna Miller,Tara Elders,Molly Griffith","Drama, Indie",100
753,b2252,Interview,2007,Steve Buscemi,"Sienna Miller, Steve Buscemi, Michael Buscemi, Tara Elders","Art House & International, Drama",84
753,a2469,Interview,2007,Steve Buscemi,"Sienna Miller, Steve Buscemi, Michael Buscemi",Drama,84
754,a208,The Paperboy,2012,Lee Daniels,"Matthew McConaughey, Nicole Kidman, John Cusack","Drama, Thriller",107
754,d1848,the paperboy,2012,Lee Daniels,"McConaughey,Zac Efron,John Cusack,Nicole Kidman,David Oyelowo,Macy Gray,Scott Glenn",Thriller,107
754,b203,The Paperboy,2012,Lee Daniels,"Matthew McConaughey, Zac Efron, Nicole Kidman, John Cusack",Drama,106
755,b1072,Gun Shy,2000,Eric Blakeney,"Liam Neeson, Oliver Platt, Sandra Bullock, Jose Zuniga",Comedy,102
755,a1244,Gun Shy,2000,Eric Blakeney,"Liam Neeson, Sandra Bullock, Oliver Platt","Comedy, Crime, Romance",101
756,a2439,Good Luck Chuck,2007,Mark Helfrich,"Dane Cook, Jessica Alba, Dan Fogler","Comedy, Drama, Romance",96
756,d50,good luck chuck,2007,Mark Helfrich,"Dane Cook,Jessica Alba,Dan Fogler,Michelle Harrison,Ellia English,Sasha Pieterse","Comedy, Drama, Fantasy, Romance",101
756,b2225,Good Luck Chuck,2007,Mark Helfrich,"Dane Cook, Jessica Alba, Dan Fogler, Ellia English",Comedy,101
757,d71,marie antoinette,2006,Sofia Coppola,"Kirsten Dunst,Jason Schwartzman,Judy Davis,Rip Torn,Rose Byrne,Asia Argento,Molly Shannon,Shirley Henderson","Drama, History, Romance",123
757,b2000,Marie Antoinette,2006,Sofia Coppola,"Kirsten Dunst, Jason Schwartzman, Judy Davis, Rip Torn","Documentary, Drama",123
757,a2267,Marie Antoinette,2006,Sofia Coppola,"Kirsten Dunst, Jason Schwartzman, Rip Torn","Biography, Drama, History",123
758,d1818,compliance,2012,Craig Zobel,"Ann Dowd,Dreama Walker,Pat Healy,Philip Ettinger","Drama, Thriller",90
758,b94,Compliance,2012,Craig Zobel,"Ann Dowd, Dreama Walker, Pat Healy, Bill Camp","Drama, Mystery & Suspense, Special Interest",90
758,a94,Compliance,2012,Craig Zobel,"Ann Dowd, Dreama Walker, Pat Healy","Crime, Drama, Thriller",90
759,a2865,Out of the Furnace,2013,Scott Cooper,"Christian Bale, Casey Affleck, Zoe Saldana","Crime, Drama, Thriller",116
759,d1419,out of the furnace,2013,Scott Cooper,"Christian Bale,Zoe Saldana,Woody Harrelson,Forest Whitaker,Casey Affleck,Willem Dafoe,Sam Shepard,Boyd Holbrook,Tom Bower,Mark Kubr,Gordon Michaels,Jack Erdie,Efka Kvaraciejus","Crime, Drama, Thriller",
759,b2615,Out of the Furnace,2013,Scott Cooper,"Christian Bale, Woody Harrelson, Casey Affleck, Zoe Saldana",Drama,116
760,a443,Somewhere,2011,Sofia Coppola,"Stephen Dorff, Elle Fanning, Chris Pontius","Comedy, Drama",97
760,d2298,somewhere,2010,Sofia Coppola,"Stephen Dorff,Elle Fanning,Chris Pontius","Drama, Indie",98
760,b422,Somewhere,2010,Sofia Coppola,"Stephen Dorff, Elle Fanning, Chris Pontius, Lala Sloatman","Drama, Comedy",98
761,a1651,Ella Enchanted,2004,Tommy O'Haver,"Anne Hathaway, Hugh Dancy, Cary Elwes","Comedy, Family, Fantasy, Romance",96
761,b1434,Ella Enchanted,2004,Tommy O'Haver,"Anne Hathaway, Hugh Dancy, Cary Elwes, Vivica A. Fox","Kids & Family, Romance, Science Fiction & Fantasy, Comedy",96
762,b1801,The Ant Bully,2006,John A. Davis,"Julia Roberts, Nicolas Cage, Meryl Streep, Paul Giamatti","Drama, Animation, Kids & Family, Comedy",89
762,a2041,The Ant Bully,2006,John A. Davis,"Paul Giamatti, Nicolas Cage, Julia Roberts","Animation, Adventure, Comedy, Family, Fantasy",88
763,a1897,House of Wax,2005,Jaume Collet-Serra,"Chad Michael Murray, Paris Hilton, Elisha Cuthbert","Horror, Thriller",113
763,b1668,House of Wax,2005,Jaume Collet-Serra,"Elisha Cuthbert, Chad Michael Murray, Brian Van Holt, Paris Hilton","Mystery & Suspense, Horror",113
764,a2192,The Guatemalan Handshake,2006,Todd Rohal,"Katy Haywood, Ken Byrnes, Will Oldham","Comedy, Drama",98
764,b1932,The Guatemalan Handshake,2006,Todd Rohal,"Katy Haywood, Ken Byrnes, Will Oldham, Sheila Scullin","Drama, Art House & International, Comedy",96
765,c3412,Armageddon,1998,Michael Bay,"Bruce Willis, Billy Bob Thornton, Ben Affleck","Action, Adventure, Sci-Fi",151
765,b2927,Armageddon,1998,Michael Bay,"Bruce Willis, Billy Bob Thornton, Ben Affleck, Liv Tyler","Action & Adventure, Mystery & Suspense, Science Fiction & Fantasy",151
766,b576,Puss in Boots,2011,Chris Miller,"Antonio Banderas, Salma Hayek, Zach Galifianakis, Billy Bob Thornton","Action & Adventure, Animation, Kids & Family, Science Fiction & Fantasy, Comedy",90
766,a613,Puss in Boots,2011,Chris Miller,"Antonio Banderas, Salma Hayek, Zach Galifianakis","Animation, Adventure, Comedy, Family",90
767,a1995,Traci Townsend,2007,Craig Ross Jr.,"Jazsmin Lewis, Richard T. Jones, Victor Williams",Comedy,88
767,b1760,Traci Townsend,2007,Craig Ross Jr.,"Jazsmin Lewis, Richard T. Jones, Mari Marrow, Victor Williams",Comedy,88
768,a1721,Mysterious Skin,2005,Gregg Araki,"Brady Corbet, Joseph Gordon-Levitt, Elisabeth Shue",Drama,105
768,b1503,Mysterious Skin,2005,Gregg Araki,"Joseph Gordon-Levitt, Brady Corbet, Elisabeth Shue, Michelle Trachtenber...","Art House & International, Drama",99
769,a65,Breaking Wind,2012,Craig Moss,"Heather Ann Davis, Eric Callero, Frank Pacheco",Comedy,82
769,b66,Breaking Wind,2012,Craig Moss,"Heather Ann Davis, Eric Callero, Frank Pacheco, Danny Trejo",Comedy,82
770,a674,An American Carol,2008,David Zucker,"Kevin P. Farley, Kelsey Grammer, Leslie Nielsen","Comedy, Fantasy",83
770,b630,An American Carol,2008,David Zucker,"Kevin P. Farley, Kelsey Grammer, Leslie Nielsen, Trace Adkins",Comedy,94
771,a1905,The Interpreter,2005,Sydney Pollack,"Nicole Kidman, Sean Penn, Catherine Keener","Mystery, Thriller",128
771,b1676,The Interpreter,2005,Sydney Pollack,"Nicole Kidman, Sean Penn, Catherine Keener, Jesper Christensen","Drama, Action & Adventure, Mystery & Suspense",129
772,b1683,Just Like Heaven,2005,Mark Waters,"Reese Witherspoon, Mark Ruffalo, Donal Logue, Dina Waters","Drama, Romance, Comedy",95
772,a1912,Just Like Heaven,2005,Mark Waters,"Reese Witherspoon, Mark Ruffalo, Donal Logue","Comedy, Fantasy, Romance",95
773,a1274,Lucky Numbers,2000,Nora Ephron,"John Travolta, Lisa Kudrow, Tim Roth","Comedy, Crime",105
773,b1098,Lucky Numbers,2000,Nora Ephron,"John Travolta, Lisa Kudrow, Tim Roth, Ed O'Neill",Comedy,105
774,c87,Vice,2015,Brian A Miller,"Thomas Jane, Bruce Willis, Ambyr Childers","Action, Adventure, Sci-Fi",96
774,d751,vice,2015,Brian A Miller,"Ambyr Childers,Bruce Willis,Thomas Jane,Bryan Greenberg","Action, Adventure, Science Fiction",96
775,c2878,Spider-Man,2002,Sam Raimi,"Tobey Maguire, Kirsten Dunst, Willem Dafoe","Action, Adventure",121
775,b2675,Spider-Man,2002,Sam Raimi,"Tobey Maguire, Kirsten Dunst, Willem Dafoe, James Franco","Action & Adventure, Mystery & Suspense, Science Fiction & Fantasy",121
776,b2511,A Glimpse Inside the Mind of Charles Swan III,2013,Roman Coppola,"Charlie Sheen, Jason Schwartzman, Bill Murray, Katheryn Winnick",Comedy,86
776,d1783,a glimpse inside the mind of charles swan iii,2013,Roman Coppola,"Charlie Sheen,Jason Schwartzman,Bill Murray,Katheryn Winnick,Patricia Arquette,Dermot Mulroney",,86
776,a2748,A Glimpse Inside the Mind of Charles Swan III,2013,Roman Coppola,"Charlie Sheen, Jason Schwartzman, Bill Murray",Comedy,86
777,a417,Please Give,2010,Nicole Holofcener,"Catherine Keener, Oliver Platt, Rebecca Hall","Comedy, Drama",90
777,d2539,please give,2010,Nicole Holofcener,"Catherine Keener,Amanda Peet,Oliver Platt,Rebecca Hall,Ann Guilbert,Sarah Steele","Action, Comedy, Drama, Indie, Thriller",90
777,b399,Please Give,2010,Nicole Holofcener,"Catherine Keener, Amanda Peet, Oliver Platt, Rebecca Hall",Comedy,90
778,a1287,My 5 Wives,2000,Sidney J. Furie,"Rodney Dangerfield, Andrew Dice Clay, John Byner",Comedy,100
778,b1111,My 5 Wives,2000,Sidney J. Furie,"Rodney Dangerfield, Andrew Dice Clay, John Byner, Molly Shannon",Comedy,100
779,a305,The Company Men,2011,John Wells,"Ben Affleck, Chris Cooper, Tommy Lee Jones",Drama,104
779,d2303,the company men,2011,John Wells,"Ben Affleck,Chris Cooper,Kevin Costner,Tommy Lee Jones,Rosemarie DeWitt,Craig T. Nelson,Maria Bello",Drama,104
779,b296,The Company Men,2011,John Wells,"Tommy Lee Jones, Ben Affleck, Chris Cooper, Maria Bello",Drama,104
780,b260,Touchback,2012,Don Handfield,"Brian Presley, Melanie Lynskey, Marc Blucas, Kurt Russell","Drama, Sports & Fitness, Science Fiction & Fantasy",118
780,a264,Touchback,2012,Don Handfield,"Brian Presley, Kurt Russell, Melanie Lynskey","Drama, Family, Fantasy, Sport",118
781,a1901,In Her Shoes,2005,Curtis Hanson,"Toni Collette, Cameron Diaz, Shirley MacLaine","Comedy, Drama, Romance",130
781,b1672,In Her Shoes,2005,Curtis Hanson,"Cameron Diaz, Toni Collette, Shirley MacLaine, Mark Feuerstein","Drama, Comedy",90
782,a824,Soul Men,2008,Malcolm D. Lee,"Samuel L. Jackson, Bernie Mac, Sharon Leal","Comedy, Drama, Music",100
782,d2865,soul men,2008,Malcolm D. Lee,"Samuel L. Jackson,Bernie Mac,John Legend,Isaac Hayes,Sharon Leal,Vanessa del Rio,Jennifer Coolidge","Comedy, Music",103
782,b767,Soul Men,2008,Malcolm D. Lee,"Samuel L. Jackson, Bernie Mac, Sharon Leal, Adam Herschman","Musical & Performing Arts, Comedy",100
783,c3432,Star Trek: Insurrection,1998,Jonathan Frakes,"Patrick Stewart, Jonathan Frakes, Brent Spiner","Action, Adventure, Sci-Fi",103
783,b3100,Star Trek: Insurrection,1998,Jonathan Frakes,"Patrick Stewart, Brent Spiner, Jonathan Frakes, Michael Dorn","Action & Adventure, Kids & Family, Science Fiction & Fantasy",102
784,a1247,Held Up,2000,Steve Rash,"Jamie Foxx, Nia Long, Barry Corbin",Comedy,89
784,b1075,Held Up,2000,Steve Rash,"Jamie Foxx, Nia Long, Barry Corbin, John Cullum",Comedy,89
785,d66,the night listener,2006,Patrick Stettner,"Robin Williams,Toni Collette,Rory Culkin,Sandra Oh","Drama, Indie, Thriller",91
785,a2288,The Night Listener,2006,Patrick Stettner,"Robin Williams, Toni Collette, Rory Culkin","Crime, Mystery, Thriller",91
785,b2018,The Night Listener,2006,Patrick Stettner,"Robin Williams, Toni Collette, Bobby Cannavale, Joe Morton","Mystery & Suspense, Drama",81
786,a2893,The Purge,2013,James DeMonaco,"Ethan Hawke, Lena Headey, Max Burkholder","Horror, Sci-Fi, Thriller",85
786,b2641,The Purge,2013,James DeMonaco,"Ethan Hawke, Lena Headey, Adelaide Kane, Max Burkholder","Mystery & Suspense, Science Fiction & Fantasy",85
786,d1665,the purge,2013,James Demonaco,"Ethan Hawke,Lena Headey,Max Burkholder,Rhys Wakefield,Edwin Hodge","Horror, Science Fiction, Thriller",86
787,a1019,Old Dogs,2009,Walt Becker,"Robin Williams, John Travolta, Seth Green","Comedy, Family",88
787,b948,Old Dogs,2009,Walt Becker,"John Travolta, Robin Williams, Seth Green, Kelly Preston","Drama, Kids & Family, Comedy",88
787,d2614,old dogs,2009,Walt Becker,"John Travolta,Robin Williams,Seth Green,Bernie Mac,Matt Dillon,Ann-Margret,Rita Wilson,Amy Sedaris","Comedy, Family",88
788,a1352,Titanic,1997,James Cameron,"Leonardo DiCaprio, Kate Winslet, Billy Zane","Drama, Romance",194
788,b258,Titanic,1997,James Cameron,"Leonardo DiCaprio, Kate Winslet, Billy Zane, Kathy Bates","Drama, Romance",194
789,b1301,Lloyd,2001,Hector Barron,"Todd Bosley, Brendon Ryan Barrett, Tom Arnold, Mary Mara","Comedy, Kids & Family",72
789,a1492,Lloyd,2001,Hector Barron,"Todd Bosley, Brendon Ryan Barrett, Mary Mara","Comedy, Drama, Family",74
790,b1777,White Noise,2005,Geoffrey Sax,"Michael Keaton, Chandra West, Deborah Kara Unger, Ian McNeice","Drama, Horror, Mystery & Suspense",98
790,a2012,White Noise,2005,Geoffrey Sax,"Michael Keaton, Deborah Kara Unger, Ian McNeice","Drama, Horror, Mystery, Thriller",101
791,b1389,The Assassination of Richard Nixon,2004,Niels Mueller,"Sean Penn, Naomi Watts, Don Cheadle, Jack Thompson","Mystery & Suspense, Drama",95
791,a1600,The Assassination of Richard Nixon,2004,Niels Mueller,"Sean Penn, Naomi Watts, Don Cheadle","Biography, Drama",95
792,a845,Untraceable,2008,Gregory Hoblit,"Diane Lane, Colin Hanks, Joseph Cross","Crime, Drama, Thriller",101
792,d3116,untraceable,2008,Gregory Hoblit,"Diane Lane,Billy Burke,Colin Hanks,Joseph Cross,Mary Beth Hurt,Peter Lewis","Crime, Drama, Horror, Thriller",101
792,b789,Untraceable,2008,Gregory Hoblit,"Diane Lane, Billy Burke, Colin Hanks, Joseph Cross","Drama, Horror, Mystery & Suspense",101
793,a1921,Last Days,2005,Gus Van Sant,"Michael Pitt, Lukas Haas, Asia Argento","Biography, Drama, Music",97
793,b1691,Last Days,2005,Gus Van Sant,"Michael Pitt, Lukas Haas, Asia Argento, Nicole Vicius","Musical & Performing Arts, Drama",97
794,b3104,Tarzan and the Lost City,1998,Carl Schenkel,"Casper Van Dien, Jane March, Steven Waddington, Winston Ntshona","Action & Adventure, Kids & Family",83
794,c3434,Tarzan and the Lost City,1998,Carl Schenkel,"Casper Van Dien, Jane March, Steven Waddington","Action, Adventure, Family",83
795,b943,Not Easily Broken,2009,Bill Duke,"Morris Chestnut, Taraji P. Henson, Kevin Hart, Maeve Quinlan","Drama, Horror",100
795,a1014,Not Easily Broken,2009,Bill Duke,"Morris Chestnut, Taraji P. Henson, Maeve Quinlan","Drama, Romance",99
796,b2446,The Brass Teapot,2013,Ramaa Mosley,"Juno Temple, Michael Angarano, Alexis Bledel, Billy Magnussen","Mystery & Suspense, Science Fiction & Fantasy, Comedy",101
796,a2675,The Brass Teapot,2013,Ramaa Mosley,"Juno Temple, Michael Angarano, Alexis Bledel","Comedy, Fantasy, Thriller",101
797,a2128,The Departed,2006,Martin Scorsese,"Leonardo DiCaprio, Matt Damon, Jack Nicholson","Crime, Drama, Thriller",151
797,d151,the departed,2007,Martin Scorsese,"Leonardo DiCaprio,Matt Damon,Jack Nicholson,Mark Wahlberg,Martin Sheen,Ray Winstone,Vera Farmiga,Anthony Anderson,Alec Baldwin","Action, Drama, Thriller",151
797,b1877,The Departed,2006,Martin Scorsese,"Leonardo DiCaprio, Matt Damon, Jack Nicholson, Mark Wahlberg","Drama, Action & Adventure, Mystery & Suspense",152
798,b2244,The Hunting Party,2007,Richard Shepard,"Richard Gere, Terrence Howard, Jesse Eisenberg, James Brolin","Action & Adventure, Mystery & Suspense, Comedy",104
798,a2460,The Hunting Party,2007,Richard Shepard,"Richard Gere, Terrence Howard, Jesse Eisenberg","Adventure, Comedy, Drama, Thriller, War",101
799,b977,State of Play,2009,Kevin Macdonald,"Russell Crowe, Ben Affleck, Rachel McAdams, Helen Mirren","Mystery & Suspense, Drama",127
799,d2746,state of play,2009,Kevin MacDonald,"Russell Crowe,Ben Affleck,Rachel McAdams,Helen Mirren,Robin Wright Penn,Jason Bateman,Jeff Daniels","Crime, Drama, Mystery, Thriller",127
799,a1050,State of Play,2009,Kevin Macdonald,"Russell Crowe, Rachel McAdams, Ben Affleck","Crime, Drama, Mystery, Thriller",127
800,b1431,A Dirty Shame,2004,John Waters,"Tracey Ullman, Johnny Knoxville, Chris Isaak, Selma Blair",Comedy,89
800,a1647,A Dirty Shame,2004,John Waters,"Tracey Ullman, Chris Isaak, Selma Blair",Comedy,89
801,a2195,The Hamiltons,2006,Mitchell Altieri,"Cory Knauf, Samuel Child, Joseph McKelheer","Drama, Horror, Thriller",86
801,b1935,The Hamiltons,2006,Mitchell Altieri,"Cory Knauf, Samuel Child, Joseph McKelheer, Mackenzie Firgens","Drama, Horror",90
802,a1206,Cecil B. DeMented,2000,John Waters,"Melanie Griffith, Stephen Dorff, Alicia Witt","Comedy, Crime, Thriller",87
802,b1036,Cecil B. Demented,2000,John Waters,"Stephen Dorff, Melanie Griffith, Adrian Grenier, Alicia Witt",Comedy,90
803,d2163,carnage,2012,Roman Polanski,"Jodie Foster,Kate Winslet,Christoph Waltz,John C. Reilly",,
803,a506,Carnage,2011,Roman Polanski,"Jodie Foster, Kate Winslet, Christoph Waltz","Comedy, Drama",80
803,b478,Carnage,2011,Roman Polanski,"Kate Winslet, Jodie Foster, Christoph Waltz, John C. Reilly","Drama, Comedy",80
804,a1996,Transamerica,2006,Duncan Tucker,"Felicity Huffman, Kevin Zegers, Fionnula Flanagan","Adventure, Comedy, Drama",103
804,b1761,Transamerica,2006,Duncan Tucker,"Felicity Huffman, Kevin Zegers, Fionnula Flanagan, Graham Greene (II)","Drama, Comedy",103
804,d295,transamerica,2006,Duncan Tucker,"Kevin Zegers,Fionnula Flanagan,Graham Greene,Burt Young,Elizabeth Pena,Danny Burstein","Drama, Indie",103
805,a2333,Room 6,2006,Michael Hurst,"Christine Taylor, Shane Brolly, Jerry O'Connell","Horror, Mystery, Thriller",94
805,b2054,Room 6,2006,Michael Hurst,"Christine Taylor, Jerry O'Connell, Shane Brolly, John Billingsley","Mystery & Suspense, Horror",94
806,a2213,I Want Someone to Eat Cheese With,2006,Jeff Garlin,"Jeff Garlin, Sarah Silverman, Bonnie Hunt","Comedy, Romance",80
806,b1952,I Want Someone to Eat Cheese With,2006,Jeff Garlin,"Jeff Garlin, Sarah Silverman, Bonnie Hunt, David Pasquesi","Comedy, Romance",80
807,a1369,Whatever It Takes,2000,David Raynr,"Shane West, Marla Sokoloff, Jodi Lyn O'Keefe","Comedy, Drama, Romance",94
807,b1188,Whatever It Takes,2000,David Raynr,"Jodi Lyn O'Keefe, Shane West, Marla Sokoloff, Manu Intiraymi",Comedy,94
808,b1351,The Shrink Is In,2001,Richard Benjamin,"Courteney Cox, David Arquette, David James Elliott, Carol Kane","Comedy, Romance",92
808,a1552,The Shrink Is In,2001,Richard Benjamin,"Courteney Cox, David Arquette, David James Elliott","Comedy, Romance",92
809,a1479,K-PAX,2001,Iain Softley,"Kevin Spacey, Jeff Bridges, Mary McCormack","Drama, Sci-Fi",120
809,b1288,K-PAX,2001,Iain Softley,"Kevin Spacey, Jeff Bridges, Mary McCormack, Alfre Woodard","Drama, Mystery & Suspense, Science Fiction & Fantasy, Comedy",121
810,a1213,Chuck & Buck,2000,Miguel Arteta,"Mike White, Chris Weitz, Lupe Ontiveros","Comedy, Drama",96
810,b1043,Chuck & Buck,2000,Miguel Arteta,"Mike White, Chris Weitz, Lupe Ontiveros, Beth Colt","Drama, Comedy",95
811,b1373,Training Day,2001,Antoine Fuqua,"Denzel Washington, Ethan Hawke, Scott Glenn, Tom Berenger","Drama, Action & Adventure, Mystery & Suspense",122
811,a1574,Training Day,2001,Antoine Fuqua,"Denzel Washington, Ethan Hawke, Scott Glenn","Crime, Drama, Thriller",122
812,a970,Invictus,2009,Clint Eastwood,"Morgan Freeman, Matt Damon, Tony Kgoroge","Biography, Drama, History, Sport",134
812,d2619,invictus,2009,Clint Eastwood,"Matt Damon,Morgan Freeman,Jason Tshabalala,Louis Minnaar,Patrick Lyster,Leleti Khumalo","Drama, History, Sport",134
812,b904,Invictus,2009,Clint Eastwood,"Morgan Freeman, Matt Damon, Tony Kgoroge, Patrick Mofokeng","Sports & Fitness, Drama",134
813,a1652,Envy,2004,Barry Levinson,"Ben Stiller, Jack Black, Rachel Weisz",Comedy,99
813,b1435,Envy,2004,Barry Levinson,"Ben Stiller, Jack Black, Rachel Weisz, Amy Poehler","Action & Adventure, Comedy",99
814,a625,Scream 4,2011,Wes Craven,"Neve Campbell, Courteney Cox, David Arquette","Horror, Mystery",111
814,b589,Scream 4,2011,Wes Craven,"Neve Campbell, Courteney Cox, David Arquette, Emma Roberts","Mystery & Suspense, Horror",103
815,b612,The Tree of Life,2011,Terrence Malick,"Brad Pitt, Sean Penn, Jessica Chastain, Hunter McCracken","Drama, Action & Adventure, Science Fiction & Fantasy",139
815,a653,The Tree of Life,2011,Terrence Malick,"Brad Pitt, Sean Penn, Jessica Chastain","Drama, Fantasy",139
816,a2207,Home of the Brave,2007,Irwin Winkler,"Samuel L. Jackson, 50 Cent, Jessica Biel","Action, Drama, War",106
816,b1947,Home of the Brave,2006,Irwin Winkler,"Samuel L. Jackson, Jessica Biel, Brian Presley, 50 Cent","Drama, Action & Adventure",105
816,c2368,Home of the Brave,2006,Irwin Winkler,"Samuel L. Jackson, 50 Cent, Jessica Biel","Action, Drama, War",106
817,b480,Cedar Rapids,2011,Miguel Arteta,"Ed Helms, John C. Reilly, Anne Heche, Kurtwood Smith",Comedy,87
817,a508,Cedar Rapids,2011,Miguel Arteta,"Ed Helms, John C. Reilly, Anne Heche",Comedy,87
817,d2348,cedar rapids,2011,Miguel Arteta,"Ed Helms,John C. Reilly,Anne Heche,Sigourney Weaver,Isiah Whitlock Jr.,Stephen Root,Kurtwood Smith",Comedy,87
818,b108,Deadfall,2012,Stefan Ruzowitzky,"Eric Bana, Olivia Wilde, Charlie Hunnam, Kris Kristofferson","Mystery & Suspense, Drama",94
818,a109,Deadfall,2012,Stefan Ruzowitzky,"Eric Bana, Olivia Wilde, Charlie Hunnam","Crime, Drama, Thriller",95
819,a649,Thor,2011,Kenneth Branagh,"Chris Hemsworth, Anthony Hopkins, Natalie Portman","Action, Adventure, Fantasy",115
819,b609,Thor,2011,Kenneth Branagh,"Chris Hemsworth, Natalie Portman, Anthony Hopkins, Tom Hiddleston","Drama, Action & Adventure, Science Fiction & Fantasy",115
820,a2495,Lucky You,2007,Curtis Hanson,"Eric Bana, Drew Barrymore, Robert Duvall","Drama, Romance, Sport",124
820,b2275,Lucky You,2007,Curtis Hanson,"Eric Bana, Drew Barrymore, Robert Duvall, Debra Messing",Drama,124
821,a902,C Me Dance,2009,Greg Robbins,"Christina DeMarco, Greg Robbins, Laura Romeo","Drama, Thriller",89
821,b841,C Me Dance,2009,Greg Robbins,"Christina DeMarco, Greg Robbins, Hugh McLean, Laura Romeo",Mystery & Suspense,88
822,a2613,What We Do Is Secret,2008,Rodger Grossman,"Shane West, Bijou Phillips, Rick Gonzalez","Biography, Drama, Music",92
822,b2385,What We Do Is Secret,2007,Rodger Grossman,"Shane West, Rick Gonzalez, Bijou Phillips, Noah Segan",Drama,92
822,d2932,what we do is secret,2008,Rodger Grossman,"Shane West,Bijou Phillips,Rick Gonzalez,Noah Segan","Drama, Musical",92
823,b44,The Bay,2012,Barry Levinson,"Kristen Connolly, Will Rogers, Kether Donohue, Frank Deal",Horror,85
823,d1881,the bay,2012,Barry Levinson,"Kether Donohue,Frank Deal,Kristen Connolly,Christopher Denham",,84
823,a43,The Bay,2012,Barry Levinson,"Will Rogers, Kristen Connolly, Kether Donohue","Horror, Sci-Fi, Thriller",84
824,c3425,Mighty Joe Young,1998,Ron Underwood,"Bill Paxton, Charlize Theron, Rade Serbedzija","Action, Adventure, Family",114
824,b3017,Mighty Joe Young,1998,Ron Underwood,"Bill Paxton, Charlize Theron, Rade Serbedzija, Regina King","Drama, Action & Adventure, Kids & Family",114
825,b1290,Kill Me Later,2001,Dana Lustig,"Selma Blair, Max Beesley, O'Neal Compton, Lochlyn Munro","Drama, Mystery & Suspense, Comedy",89
825,a1481,Kill Me Later,2001,Dana Lustig,"Selma Blair, Max Beesley, O'Neal Compton","Crime, Drama, Thriller",89
826,b654,The Day the Earth Stood Still,2008,Scott Derrickson,"Keanu Reeves, Jennifer Connelly, Jaden Smith, Kathy Bates",Science Fiction & Fantasy,103
826,a702,The Day the Earth Stood Still,2008,Scott Derrickson,"Keanu Reeves, Jennifer Connelly, Kathy Bates","Drama, Sci-Fi, Thriller",104
826,d2909,the day the earth stood still,2008,Scott Derrickson,"Keanu Reeves,Jennifer Connelly,Kathy Bates,John Cleese,Jon Hamm,Jaden Smith,James Hong","Disaster, Drama, Science Fiction, Thriller",103
827,a410,Our Family Wedding,2010,Rick Famuyiwa,"America Ferrera, Forest Whitaker, Carlos Mencia","Comedy, Romance",103
827,d2493,our family wedding,2010,Rick Famuyiwa,"America Ferrera,Lance Gross,Forest Whitaker,Carlos Mencia,Regina King,Diana Maria Riva","Comedy, Romance",103
827,b392,Our Family Wedding,2010,Rick Famuyiwa,"Forest Whitaker, America Ferrera, Lance Gross, Carlos Mencia",Comedy,103
828,d499,fantastic four,2015,Josh Trank,"Miles Teller,Kate Mara,Jamie Bell,Michael B. Jordan,Toby Kebbell,Tim Blake Nelson,Reg E. Cathey","Action, Adventure, Science Fiction",100
828,a1868,Fantastic Four,2015,Josh Trank,"Miles Teller, Kate Mara, Michael B. Jordan","Action, Adventure, Sci-Fi",100
828,b1639,Fantastic Four,2015,Josh Trank,"Michael B. Jordan, Kate Mara, Miles Teller, Jamie Bell",Action & Adventure,106
829,b2480,Don Jon,2013,Joseph Gordon-Levitt,"Joseph Gordon-Levitt, Scarlett Johansson, Julianne Moore, Tony Danza","Drama, Comedy",90
829,a2713,Don Jon,2013,Joseph Gordon-Levitt,"Joseph Gordon-Levitt, Scarlett Johansson, Julianne Moore","Comedy, Drama, Romance",90
829,d1536,don jon,2013,Joseph Gordon-Levitt,"Joseph Gordon-Levitt,Scarlett Johansson,Julianne Moore,Brie Larson,Tony Danza,Glenne Headly,Rob Brown","Comedy, Drama",90
830,b1365,The Tailor of Panama,2001,John Boorman,"Pierce Brosnan, Geoffrey Rush, Jamie Lee Curtis, Leonor Varela","Drama, Action & Adventure, Art House & International, Mystery & Suspense, Comedy",110
830,a1566,The Tailor of Panama,2001,John Boorman,"Pierce Brosnan, Geoffrey Rush, Jamie Lee Curtis","Drama, Thriller",109
831,b1391,Before Sunset,2004,Richard Linklater,"Ethan Hawke, Julie Delpy, Vernon Dobtcheff, Louise Lemoine Torre...","Drama, Romance, Comedy",81
831,a1603,Before Sunset,2004,Richard Linklater,"Ethan Hawke, Julie Delpy, Vernon Dobtcheff","Drama, Romance",80
832,b1815,Barnyard,2006,Steve Oedekerk,"Kevin James, Courteney Cox, Sam Elliott, Danny Glover","Animation, Kids & Family, Comedy",90
832,a2057,Barnyard,2006,Steve Oedekerk,"Kevin James, Courteney Cox, Danny Glover","Animation, Comedy, Family",90
833,b855,Crossing Over,2009,Wayne Kramer,"Harrison Ford, Ashley Judd, Ray Liotta, Sean Penn",Drama,113
833,d2806,crossing over,2009,Wayne Kramer,"Harrison Ford,Ray Liotta,Ashley Judd,Jim Sturgess,Cliff Curtis,Alice Braga",Drama,113
833,a918,Crossing Over,2009,Wayne Kramer,"Harrison Ford, Ashley Judd, Ray Liotta",Drama,113
834,b1386,Along Came Polly,2004,John Hamburg,"Ben Stiller, Jennifer Aniston, Philip Seymour Hoffm..., Debra Messing","Drama, Romance, Comedy",90
834,a1594,Along Came Polly,2004,John Hamburg,"Ben Stiller, Jennifer Aniston, Debra Messing","Comedy, Romance",90
835,b1033,Bring It On,2000,Peyton Reed,"Kirsten Dunst, Jesse Bradford, Gabrielle Union, Eliza Dushku",Comedy,99
835,a1202,Bring It On,2000,Peyton Reed,"Kirsten Dunst, Eliza Dushku, Jesse Bradford","Comedy, Sport",98
836,a1628,The Clearing,2004,Pieter Jan Brugge,"Robert Redford, Willem Dafoe, Helen Mirren","Drama, Mystery, Thriller",95
836,b1412,The Clearing,2004,Pieter Jan Brugge,"Robert Redford, Helen Mirren, Willem Dafoe, Alessandro Nivola","Drama, Action & Adventure, Mystery & Suspense",95
837,d3185,martian child,2007,Menno Meyjes,"John Cusack,Bobby Coleman,Amanda Peet,Joan Cusack,Oliver Platt","Drama, Family, Indie, Science Fiction",106
837,a2501,Martian Child,2007,Menno Meyjes,"John Cusack, Amanda Peet, Bobby Coleman","Comedy, Drama, Family",106
837,b2280,Martian Child,2007,Menno Meyjes,"John Cusack, Bobby Coleman, Amanda Peet, Sophie Okonedo","Drama, Comedy",106
838,a1841,Coach Carter,2005,Thomas Carter,"Samuel L. Jackson, Rick Gonzalez, Robert Ri'chard","Drama, Sport",136
838,b1615,Coach Carter,2005,Thomas Carter,"Samuel L. Jackson, Rob Brown (VI), Robert Ri'chard, Rick Gonzalez",Drama,136
839,d3163,eastern promises,2007,David Cronenberg,"Viggo Mortensen,Naomi Watts,Vincent Cassel,Sinead Cusack,Jerzy Skolimowski,Donald Sumpter","Action, Crime, Drama, Thriller",100
839,a1157,Eastern Promises,2007,David Cronenberg,"Naomi Watts, Viggo Mortensen, Armin Mueller-Stahl","Crime, Thriller",100
839,b2199,Eastern Promises,2007,David Cronenberg,"Viggo Mortensen, Naomi Watts, Vincent Cassel, Armin Mueller-Stahl","Mystery & Suspense, Drama",101
840,b1104,Men of Honor,2000,George Tillman Jr.,"Robert De Niro, Cuba Gooding Jr., Charlize Theron, Aunjanue Ellis",Drama,129
840,a1280,Men of Honor,2000,George Tillman Jr.,"Cuba Gooding Jr., Robert De Niro, Charlize Theron","Biography, Drama",129
841,a2624,Youth Without Youth,2007,Francis Ford Coppola,"Tim Roth, Alexandra Maria Lara, Bruno Ganz","Drama, Fantasy, History, Mystery, Romance",124
841,b2392,Youth Without Youth,2007,Francis Ford Coppola,"Tim Roth, Alexandra Maria Lara, Bruno Ganz, Andr Hennicke","Drama, Romance, Mystery & Suspense",124
841,d3145,youth without youth,2007,,"Tim Roth,Maria Lara,Bruno Ganz,Andre Hennicke,Marcel Iures","Drama, Fantasy, Foreign, Mystery, Romance, Science Fiction, Thriller",125
842,a2543,Perfect Stranger,2007,James Foley,"Halle Berry, Bruce Willis, Giovanni Ribisi","Crime, Mystery, Thriller",109
842,b2317,Perfect Stranger,2007,James Foley,"Halle Berry, Bruce Willis, Giovanni Ribisi, Richard Portnow","Mystery & Suspense, Drama",109
843,d224,subject two,2006,Philip Chidel,"Christian Oliver,Dean Stapleton,Courtney Mace,Jurgen Jones","Horror, Science Fiction, Thriller",93
843,b2094,Subject Two,2006,Philip Chidel,"Christian Oliver, Dean Stapleton, Courtney Mace, Jrgen Jones","Drama, Horror, Mystery & Suspense",93
843,a2379,Subject Two,2006,Philip Chidel,"Christian Oliver, Dean Stapleton, Courtney Mace","Drama, Thriller",93
844,a622,The Roommate,2011,Christian E. Christiansen,"Minka Kelly, Leighton Meester, Cam Gigandet","Drama, Horror, Thriller",91
844,b586,The Roommate,2011,Christian E. Christiansen,"Leighton Meester, Minka Kelly, Cam Gigandet, Alyson Michalka","Mystery & Suspense, Horror",91
845,b1805,Art School Confidential,2006,Terry Zwigoff,"Max Minghella, Sophia Myles, Matt Keeslar, John Malkovich","Drama, Comedy",102
845,a2045,Art School Confidential,2006,Terry Zwigoff,"Max Minghella, Sophia Myles, John Malkovich","Comedy, Drama",102
845,d156,art school confidential,2006,Terry Zwigoff,"Max Minghella,Sophia Myles,John Malkovich,Jim Broadbent,Ethan Suplee,Joel David Moore,Anjelica Huston,Matt Keeslar,Scoot McNairy","Action, Comedy, Drama, Indie",102
846,d3084,21,2008,Robert Luketic,"Jim Sturgess,Kevin Spacey,Kate Bosworth,Aaron Yoo,Liza Lapira,Laurence Fishburne","Crime, Drama",123
846,b626,21,2008,Robert Luketic,"Jim Sturgess, Kevin Spacey, Kate Bosworth, Aaron Yoo","Mystery & Suspense, Drama",122
846,a670,21,2008,Robert Luketic,"Jim Sturgess, Kate Bosworth, Kevin Spacey","Biography, Crime, Drama",123
847,b198,Nobody Walks,2012,Ry Russo-Young,"John Krasinski, Olivia Thirlby, Rosemarie DeWitt, India Ennenga",Drama,85
847,a202,Nobody Walks,2012,Ry Russo-Young,"John Krasinski, Olivia Thirlby, Rosemarie DeWitt",Drama,83
847,d1880,nobody walks,2012,Ry Russo-Young,"Olivia Thirlby,John Krasinski,Rosemarie DeWitt,Dylan McDermott,Rhys Wakefield,Justin Kirk",Drama,83
848,b409,The Romantics,2010,Galt Niederhoffer,"Katie Holmes, Josh Duhamel, Anna Paquin, Malin Akerman","Drama, Romance, Comedy",96
848,a429,The Romantics,2010,Galt Niederhoffer,"Katie Holmes, Anna Paquin, Josh Duhamel","Comedy, Drama, Romance",95
849,a721,First Sunday,2008,David E. Talbert,"Ice Cube, Katt Williams, Tracy Morgan","Comedy, Crime, Drama",96
849,b674,First Sunday,2008,David E. Talbert,"Ice Cube, Katt Williams, Tracy Morgan, Loretta Devine","Drama, Comedy",98
850,d3065,the mist,2007,Frank Darabont,"Thomas Jane,Marcia Gay Harden,Laurie Holden,Andre Braugher,Toby Jones,William Sadler","Horror, Science Fiction, Thriller",124
850,a2505,The Mist,2007,Frank Darabont,"Thomas Jane, Marcia Gay Harden, Laurie Holden","Horror, Sci-Fi, Thriller",126
850,b2285,The Mist,2007,Frank Darabont,"Thomas Jane, Marcia Gay Harden, Laurie Holden, Andre Braugher",Horror,125
851,a893,The Blind Side,2009,John Lee Hancock,"Quinton Aaron, Sandra Bullock, Tim McGraw","Biography, Drama, Sport",129
851,b833,The Blind Side,2009,John Lee Hancock,"Sandra Bullock, Tim McGraw, Quinton Aaron, Ray McKinnon","Drama, Sports & Fitness, Comedy",129
852,b886,The Haunting in Connecticut,2009,Peter Cornwell,"Virginia Madsen, Kyle Gallner, Elias Koteas, Martin Donovan","Mystery & Suspense, Horror",102
852,d2792,the haunting in connecticut,2009,Peter Cornwell,"Virginia Madsen,Kyle Gallner,Elias Koteas,Amanda Crew,Martin Donovan,Sophi Knight,Ty Wood,Erik Berg","Drama, Horror, Thriller",92
852,a951,The Haunting in Connecticut,2009,Peter Cornwell,"Virginia Madsen, Martin Donovan, Elias Koteas","Drama, Horror, Mystery, Thriller",92
853,a2450,Hear and Now,2007,Irene Taylor Brodsky,"Sally Taylor, David Taylor, Paul Taylor",Documentary,85
853,b2235,Hear and Now,2007,Irene Taylor Brodsky,"Paul Taylor, Irene Taylor Brodsky, Sally Taylor, David Taylor","Documentary, Special Interest",85
854,a2362,Slither,2006,James Gunn,"Nathan Fillion, Elizabeth Banks, Michael Rooker","Comedy, Horror, Sci-Fi",95
854,d183,slither,2006,James Gunn,"Michael Rooker,Elizabeth Banks,Nathan Fillion,Gregg Henry,Tania Saulnier,Jenna Fischer","Comedy, Horror, Science Fiction",95
854,b2080,Slither,2006,James Gunn,"Nathan Fillion, Elizabeth Banks, Gregg Henry, Michael Rooker","Horror, Science Fiction & Fantasy, Comedy",96
855,a1354,Tripfall,2000,Serge Rodnunsky,"Eric Roberts, John Ritter, Rachel Hunter",Thriller,91
855,b1173,Tripfall,2000,Serge Rodnunsky,"Eric Roberts, John Ritter, Devin Crannell, Rachel Hunter","Mystery & Suspense, Drama",95
856,d1842,the perks of being a wallflower,2012,Stephen Chbosky,"Logan Lerman,Emma Watson,Ezra Miller,Kate Walsh,Dylan McDermott,Melanie Lynskey,Paul Rudd,Mae Whitman","Drama, Romance",103
856,a213,The Perks of Being a Wallflower,2012,Stephen Chbosky,"Logan Lerman, Emma Watson, Ezra Miller","Drama, Romance",102
856,b209,The Perks of Being a Wallflower,2012,Stephen Chbosky,"Logan Lerman, Emma Watson, Ezra Miller, Mae Whitman",Drama,103
857,a2209,Hoot,2006,Wil Shriner,"Logan Lerman, Luke Wilson, Brie Larson","Adventure, Comedy, Family",91
857,b1948,Hoot,2006,Wil Shriner,"Luke Wilson, Logan Lerman, Brie Larson, Tim Blake Nelson","Drama, Kids & Family, Comedy",91
857,d240,hoot,2006,Wil Shriner,"Logan Lerman,Brie Larson,Cody Linley,Luke Wilson,Eric Phillips,Dean Collins,Jimmy Buffett,Tim Blake Nelson","Drama, Family",91
858,a203,The Odd Life of Timothy Green,2012,Peter Hedges,"Jennifer Garner, Joel Edgerton, CJ Adams","Comedy, Drama, Family, Fantasy",105
858,b199,The Odd Life of Timothy Green,2012,Peter Hedges,"Jennifer Garner, Joel Edgerton, Dianne Wiest, CJ Adams","Science Fiction & Fantasy, Comedy",100
858,d1944,the odd life of timothy green,2012,Peter Hedges,"Jennifer Garner,Joel Edgerton,CJ Adams,Odeya Rush,Shohreh Aghdashloo,Rosemarie DeWitt,David Morse,M. Emmet Walsh,Lois Smith,Manuel Miranda,Dianne Wiest,Ron Livingston,James Rebhorn,Cal Common","Comedy, Drama, Family, Fantasy",105
859,a1018,Wicker Park,2004,Paul McGuigan,"Josh Hartnett, Diane Kruger, Matthew Lillard","Drama, Mystery, Romance, Thriller",114
859,b1577,Wicker Park,2004,Paul McGuigan,"Josh Hartnett, Rose Byrne, Matthew Lillard, Diane Kruger","Drama, Romance, Mystery & Suspense",114
860,a575,Jumping the Broom,2011,Salim Akil,"Paula Patton, Laz Alonso, Angela Bassett","Comedy, Drama",112
860,b540,Jumping the Broom,2011,Salim Akil,"Paula Patton, Laz Alonso, Angela Bassett, Loretta Devine",Comedy,112
861,d2674,a perfect getaway,2009,David Twohy,"Steve Zahn,Timothy Olyphant,Milla Jovovich,Kiele Sanchez,Marley Shelton,Chris Hemsworth","Action, Mystery, Thriller",98
861,b954,A Perfect Getaway,2009,David Twohy,"Steve Zahn, Timothy Olyphant, Milla Jovovich, Kiele Sanchez","Mystery & Suspense, Action & Adventure",97
861,a1024,A Perfect Getaway,2009,David Twohy,"Milla Jovovich, Steve Zahn, Timothy Olyphant","Adventure, Mystery, Thriller",98
862,a2721,Enough Said,2013,Nicole Holofcener,"Julia Louis-Dreyfus, James Gandolfini, Catherine Keener","Comedy, Drama, Romance",93
862,b2486,Enough Said,2013,Nicole Holofcener,"Julia Louis-Dreyfus, James Gandolfini, Catherine Keener, Michaela Watkins","Drama, Romance, Comedy",93
862,d1521,enough said,2013,Nicole Holofcener,"Julia Louis-Dreyfus,James Gandolfini,Catherine Keener,Ben Falcone,Toni Collette,Amy Landecker,Michaela Watkins",Comedy,91
863,b670,The Family That Preys,2008,Tyler Perry,"Alfre Woodard, Kathy Bates, Sanaa Lathan, Rockmond Dunbar","Drama, Comedy",109
863,a717,The Family That Preys,2008,Tyler Perry,"Kathy Bates, Alfre Woodard, Sanaa Lathan",Drama,111
864,a329,Extraordinary Measures,2010,Tom Vaughan,"Brendan Fraser, Keri Russell, Harrison Ford",Drama,106
864,b318,Extraordinary Measures,2010,Tom Vaughan,"Harrison Ford, Brendan Fraser, Keri Russell, Meredith Droeger",Drama,106
864,d2499,extraordinary measures,2010,Tom Vaughan,"Brendan Fraser,Harrison Ford,Keri Russell,Meredith Droeger,Diego Velazquez,Sam Hill",Drama,105
865,b2810,Inspector Gadget,1999,David Kellogg,"Matthew Broderick, Rupert Everett, Joely Fisher, Cheri Oteri","Action & Adventure, Kids & Family, Comedy",79
865,c3292,Inspector Gadget,1999,David Kellogg,"Matthew Broderick, Rupert Everett, Joely Fisher","Action, Adventure, Comedy",78
866,b1715,New York Doll,2005,Greg Whiteley,"Arthur Kane, Steven Patrick Morri..., David Johansen, Sylvain Sylvain","Documentary, Musical & Performing Arts, Special Interest",78
866,a1950,New York Doll,2005,Greg Whiteley,"Arthur Kane, David Johansen, Sylvain Sylvain","Documentary, Music",75
867,b2223,The Golden Compass,2007,Chris Weitz,"Nicole Kidman, Daniel Craig, Dakota Blue Richards, Sam Elliott","Drama, Action & Adventure, Science Fiction & Fantasy",113
867,d3107,the golden compass,2007,Chris Weitz,"Nicole Kidman,Daniel Craig,Dakota Blue Richards,Sam Elliott,Kristin Scott Thomas,Eva Green,Christopher Lee,Tom Courtenay,Derek Jacobi,Simon McBurney,Ian McKellen,Ian McShane,Freddie Highmore,Kathy Bates","Action, Adventure, Family, Fantasy, Science Fiction",113
867,a2437,The Golden Compass,2007,Chris Weitz,"Nicole Kidman, Daniel Craig, Dakota Blue Richards","Adventure, Family, Fantasy",113
868,a2253,Little Miss Sunshine,2006,Jonathan Dayton,"Steve Carell, Toni Collette, Greg Kinnear","Comedy, Drama",101
868,d65,little miss sunshine,2006,"Jonathan Dayton,Valerie Farris","Greg Kinnear,Steve Carell,Toni Collette,Alan Arkin,Abigail Breslin,Paul Dano","Comedy, Drama, Indie",102
868,b1987,Little Miss Sunshine,2006,Jonathan Dayton,"Greg Kinnear, Toni Collette, Steve Carell, Paul Dano",Comedy,110
869,b764,The Sisterhood of the Traveling Pants 2,2008,Sanaa Hamri,"Amber Tamblyn, America Ferrera, Blake Lively, Alexis Bledel","Drama, Action & Adventure, Comedy",117
869,d2986,the sisterhood of the traveling pants 2,2008,Sanaa Hamri,"Amber Tamblyn,America Ferrara,Alexis Bledel,Blake Lively,Blythe Danner","Adventure, Comedy, Drama, Family",117
869,a821,The Sisterhood of the Traveling Pants 2,2008,Sanaa Hamri,"America Ferrera, Alexis Bledel, Amber Tamblyn","Comedy, Drama, Romance",119
870,d1162,blue ruin,2014,Jeremy Saulnier,"Macon Blair,Devin Ratray,Amy Hargreaves,Kevin Kolack,Eve Plumb",Thriller,92
870,b2442,Blue Ruin,2014,Jeremy Saulnier,"Macon Blair, Devin Ratray, Amy Hargreaves, Bonnie Johnson",Mystery & Suspense,90
870,a2671,Blue Ruin,2014,Jeremy Saulnier,"Macon Blair, Devin Ratray, Amy Hargreaves","Crime, Drama, Thriller",90
871,b1509,The Notebook,2004,Nick Cassavetes,"Ryan Gosling, Rachel McAdams, James Garner, Gena Rowlands","Drama, Romance",124
871,a1727,The Notebook,2004,Nick Cassavetes,"Gena Rowlands, James Garner, Rachel McAdams","Drama, Romance",123
872,a701,The Dark Knight,2008,Christopher Nolan,"Christian Bale, Heath Ledger, Aaron Eckhart","Action, Crime, Drama",152
872,b653,The Dark Knight,2008,Christopher Nolan,"Christian Bale, Heath Ledger, Aaron Eckhart, Maggie Gyllenhaal","Drama, Action & Adventure, Science Fiction & Fantasy",152
872,d3012,the dark knight,2008,Christopher Nolan,"Christian Bale,Heath Ledger,Maggie Gyllenhaal,Aaron Eckhart,Michael Caine,Gary Oldman,Morgan Freeman","Action, Crime, Drama",152
873,a1914,Take Me Home Tonight,2011,Michael Dowse,"Topher Grace, Anna Faris, Dan Fogler","Comedy, Drama, Romance",97
873,b605,Take Me Home Tonight,2011,Michael Dowse,"Topher Grace, Anna Faris, Dan Fogler, Teresa Palmer","Drama, Comedy",114
874,d591,insidious chapter 3,2015,Leigh Whannell,"Dermot Mulroney,Stefanie Scott,Lin Shaye,Leigh Whannell,Angus Sampson,Tate Berney",Horror,97
874,b535,Insidious: Chapter 3,2015,Leigh Whannell,"Dermot Mulroney, Stefanie Scott, Angus Sampson, Leigh Whannell",Horror,97
874,a2796,Insidious: Chapter 3,2015,Leigh Whannell,"Dermot Mulroney, Stefanie Scott, Angus Sampson","Drama, Horror, Thriller",97
875,b1565,Vanity Fair,2004,Mira Nair,"Reese Witherspoon, James Purefoy, Rhys Ifans, Romola Garai","Drama, Action & Adventure, Romance, Comedy",141
875,a1787,Vanity Fair,2004,Mira Nair,"Reese Witherspoon, Romola Garai, James Purefoy",Drama,141
876,b624,Your Highness,2011,David Gordon Green,"Danny McBride, James Franco, Rasmus Hardiker, Natalie Portman",Comedy,102
876,a667,Your Highness,2011,David Gordon Green,"Danny McBride, Natalie Portman, James Franco","Adventure, Comedy, Fantasy",102
877,b278,The American,2010,Anton Corbijn,"George Clooney, Paolo Bonacelli, Violante Placido, Thekla Reuten","Mystery & Suspense, Drama",105
877,d2404,the american,2010,Anton Corbijn,"Johan Leysen,Violante Placido,Paolo Bonacelli,Mathilde","Crime, Drama, Suspense, Thriller",105
877,a284,The American,2010,Anton Corbijn,"George Clooney, Paolo Bonacelli, Violante Placido","Crime, Drama, Thriller",105
878,a2346,School for Scoundrels,2006,Todd Phillips,"Billy Bob Thornton, Jon Heder, Jacinda Barrett",Comedy,100
878,b2065,School for Scoundrels,2006,Todd Phillips,"Billy Bob Thornton, Jon Heder, Jacinda Barrett, Michael Clarke Dunca...",Comedy,101
879,a2720,The English Teacher,2013,Craig Zisk,"Julianne Moore, Michael Angarano, Greg Kinnear","Comedy, Drama",93
879,b2485,The English Teacher,2013,Craig Zisk,"Julianne Moore, Greg Kinnear, Michael Angarano, Nathan Lane","Drama, Comedy",93
880,b165,The Hunger Games,2012,Gary Ross,"Jennifer Lawrence, Josh Hutcherson, Liam Hemsworth, Woody Harrelson","Drama, Mystery & Suspense, Science Fiction & Fantasy",142
880,a167,The Hunger Games,2012,Gary Ross,"Jennifer Lawrence, Josh Hutcherson, Liam Hemsworth","Adventure, Drama, Sci-Fi, Thriller",142
880,d2068,the hunger games,2012,Gary Ross,"Jennifer Lawrence,Josh Hutcherson,Liam Hemsworth,Elizabeth Banks,Woody Harrelson,Lenny Kravitz,Wes Bentley","Adventure, Family, Science Fiction, Thriller",142
881,d2272,warrior,2011,Gavin O'Connor,"Joel Edgerton,Tom Hardy,Nick Nolte,Jennifer Morrison,Frank Grillo,Kevin Dunn,Maximiliano Hernandez,Vanessa Martinez,Kurt Angle","Action, Drama",140
881,a658,Warrior,2011,Gavin O'Connor,"Tom Hardy, Nick Nolte, Joel Edgerton","Drama, Sport",140
881,b616,Warrior,2011,Gavin O'Connor,"Joel Edgerton, Tom Hardy, Nick Nolte, Jennifer Morrison (I...","Drama, Action & Adventure",139
882,b1229,The Business of Strangers,2001,Patrick Stettner,"Stockard Channing, Julia Stiles, Frederick Weller, Mary Testa",Drama,84
882,a1410,The Business of Strangers,2001,Patrick Stettner,"Stockard Channing, Julia Stiles, Frederick Weller","Drama, Thriller",84
883,a2861,Oblivion,2013,Joseph Kosinski,"Tom Cruise, Morgan Freeman, Andrea Riseborough","Action, Adventure, Mystery, Sci-Fi",124
883,b2611,Oblivion,2013,Joseph Kosinski,"Tom Cruise, Olga Kurylenko, Morgan Freeman, Andrea Riseborough","Action & Adventure, Science Fiction & Fantasy",125
883,d1710,oblivion,2013,Joseph Kosinski,"Tom Cruise,Morgan Freeman,Olga Kurylenko,Andrea Riseborough,Nikolaj Coster-Waldau,Melissa Leo","Action, Science Fiction",126
884,b1767,The Upside of Anger,2005,Mike Binder,"Joan Allen, Kevin Costner, Erika Christensen, Evan Rachel Wood","Drama, Romance, Comedy",118
884,a2002,The Upside of Anger,2005,Mike Binder,"Joan Allen, Kevin Costner, Erika Christensen","Comedy, Drama",118
885,b3111,Vampires,1998,John Carpenter,"James Woods, Daniel Baldwin, Sheryl Lee, Thomas Ian Griffith",Horror,107
885,c3436,Vampires,1998,John Carpenter,"James Woods, Daniel Baldwin, Sheryl Lee","Action, Horror, Thriller",108
886,b496,Dream House,2011,Jim Sheridan,"Daniel Craig, Rachel Weisz, Naomi Watts, Elias Koteas",Mystery & Suspense,92
886,a526,Dream House,2011,Jim Sheridan,"Daniel Craig, Rachel Weisz, Naomi Watts","Drama, Mystery, Thriller",92
887,b1875,Deck the Halls,2006,John Whitesell,"Danny DeVito, Matthew Broderick, Kristin Davis, Kristin Chenoweth",Comedy,92
887,a2126,Deck the Halls,2006,John Whitesell,"Matthew Broderick, Danny DeVito, Kristin Chenoweth","Comedy, Family",93
888,b757,Saw V,2008,David Hackl,"Tobin Bell, Costas Mandylor, Scott Patterson, Betsy Russell","Action & Adventure, Horror",95
888,a815,Saw V,2008,David Hackl,"Scott Patterson, Costas Mandylor, Tobin Bell","Horror, Mystery",92
889,b2325,The Reaping,2007,Stephen Hopkins,"Hilary Swank, David Morrissey, Idris Elba, Annasophia Robb","Mystery & Suspense, Horror",99
889,a2551,The Reaping,2007,Stephen Hopkins,"Hilary Swank, David Morrissey, AnnaSophia Robb","Horror, Thriller",99
890,b906,The Invention of Lying,2009,Ricky Gervais,"Ricky Gervais, Jennifer Garner, Jonah Hill, Louis C.K.",Comedy,99
890,a973,The Invention of Lying,2009,Ricky Gervais,"Ricky Gervais, Jennifer Garner, Jonah Hill","Comedy, Fantasy",100
890,d2654,the invention of lying,2009,"Matthew Robinson, Ricky Gervais","Ricky Gervais,Jennifer Garner,Jonah Hill,Jeffrey Tambor,Fionnula Flanagan,Rob Lowe,Tina Fey","Comedy, Fantasy, Romance",100
891,b1400,Book of Love,2004,Alan Brown,"Frances O'Connor, Simon Baker, Gregory Smith, Bryce Dallas Howard",Drama,85
891,a1613,Book of Love,2004,Alan Brown,"Frances O'Connor, Simon Baker, Gregory Smith","Comedy, Drama",83
892,c3276,The Mod Squad,1999,Scott Silver,"Claire Danes, Omar Epps, Giovanni Ribisi","Action, Crime, Thriller",92
892,b2842,The Mod Squad,1999,Scott Silver,"Claire Danes, Giovanni Ribisi, Omar Epps, Josh Brolin","Drama, Action & Adventure, Mystery & Suspense",94
893,b1283,Joe Somebody,2001,John Pasquin,"Tim Allen, Julie Bowen, Kelly Lynch, Hayden Panettiere","Drama, Comedy",98
893,a1474,Joe Somebody,2001,John Pasquin,"Tim Allen, Julie Bowen, Kelly Lynch","Comedy, Drama",98
894,d16,zodiac,2007,David Fincher,"Mark Ruffalo,Jake Gyllenhaal,Robert Downey Jr.,Anthony Edwards,Brian Cox,Charles Fleischer,Zach Grenier,Philip Baker Hall,Elias Koteas,John Carroll Lynch,Dermot Mulroney,Chloe Sevigny","Crime, Drama, Mystery, Thriller",157
894,b2393,Zodiac,2007,David Fincher,"Jake Gyllenhaal, Mark Ruffalo, Robert Downey Jr., Anthony Edwards",Mystery & Suspense,157
894,a2620,Zodiac,2007,David Fincher,"Jake Gyllenhaal, Robert Downey Jr., Mark Ruffalo","Crime, Drama, Mystery, Thriller",157
895,d3176,dan in real life,2007,Peter Hedges,"Steve Carell,Juliette Binoche,Dane Cook,Norbert Leo Butz,John Mahoney,Dianne Wiest,Emily Blunt","Comedy, Romance",98
895,b2189,Dan in Real Life,2007,Peter Hedges,"Steve Carell, Steven Carrell, Juliette Binoche, Dane Cook","Drama, Romance, Comedy",98
895,a1148,Dan in Real Life,2007,Peter Hedges,"Steve Carell, Juliette Binoche, Dane Cook","Comedy, Drama, Romance",98
896,b1925,The Good German,2007,Steven Soderbergh,"George Clooney, Cate Blanchett, Tobey Maguire, Beau Bridges","Drama, Romance, Mystery & Suspense",108
896,a2182,The Good German,2007,Steven Soderbergh,"George Clooney, Cate Blanchett, Tobey Maguire","Drama, Mystery, Thriller",105
897,b1507,New York Minute,2004,Dennie Gordon,"Ashley Olsen, Mary-Kate Olsen, Eugene Levy, Andy Richter","Action & Adventure, Kids & Family, Comedy",91
897,a1725,New York Minute,2004,Dennie Gordon,"Mary-Kate Olsen, Ashley Olsen, Eugene Levy",Comedy,91
898,a924,Duplicity,2009,Tony Gilroy,"Julia Roberts, Clive Owen, Tom Wilkinson","Crime, Romance, Thriller",125
898,d2786,duplicity,2009,Tony Gilroy,"Julia Roberts,Clive Owen,Tom Wilkinson,Paul Giamatti,Tom McCarthy,Denis O'Hare","Action, Comedy, Romance, Thriller",125
898,b861,Duplicity,2009,Tony Gilroy,"Clive Owen, Julia Roberts, Paul Giamatti, Tom Wilkinson","Mystery & Suspense, Drama",125
899,c3422,The Man in the Iron Mask,1998,Randall Wallace,"Leonardo DiCaprio, Jeremy Irons, John Malkovich","Action, Adventure",132
899,b3012,The Man in the Iron Mask,1998,Randall Wallace,"Leonardo DiCaprio, Jeremy Irons, John Malkovich, Grard Depardieu","Drama, Action & Adventure",135
900,a768,Mamma Mia!,2008,Phyllida Lloyd,"Meryl Streep, Pierce Brosnan, Amanda Seyfried","Comedy, Musical, Romance",108
900,b718,Mamma Mia!,2008,Phyllida Lloyd,"Meryl Streep, Pierce Brosnan, Amanda Seyfried, Colin Firth","Romance, Musical & Performing Arts, Comedy",109
900,d3014,mamma mia!,2008,Phyllida Lloyd,"Meryl Streep,Amanda Seyfried,Pierce Brosnan,Stellan Skarsgard,Colin Firth,Christine Baranski,Julie Walters,Dominic Cooper","Comedy, Music, Romance",108
901,b245,Star Wars: Episode I - The Phantom Menace,1999,George Lucas,"Liam Neeson, Ewan McGregor, Natalie Portman, Jake Lloyd","Kids & Family, Science Fiction & Fantasy, Cult Movies",131
901,a248,Star Wars: Episode I - The Phantom Menace,1999,George Lucas,"Ewan McGregor, Liam Neeson, Natalie Portman","Action, Adventure, Fantasy, Sci-Fi",136
902,c3217,Bait,2000,Antoine Fuqua,"Jamie Foxx, David Morse, Robert Pastorelli","Action, Crime, Thriller",119
902,b1017,Bait,2000,Antoine Fuqua,"Jamie Foxx, David Morse, Robert Pastorelli, Doug Hutchison","Drama, Action & Adventure, Mystery & Suspense, Comedy",119
903,b1819,The Benchwarmers,2006,Dennis Dugan,"Rob Schneider, David Spade, Jon Heder, Craig Kilborn",Comedy,85
903,a2063,The Benchwarmers,2006,Dennis Dugan,"David Spade, Jon Heder, Rob Schneider","Comedy, Sport",80
904,a1541,Saving Silverman,2001,Dennis Dugan,"Jason Biggs, Steve Zahn, Jack Black","Comedy, Crime, Romance",90
904,b1340,Saving Silverman,2001,Dennis Dugan,"Jason Biggs, Steve Zahn, Jack Black, Amanda Peet",Comedy,95
905,a725,Forever Strong,2008,Ryan Little,"Sean Faris, Penn Badgley, Gary Cole","Drama, Sport",112
905,b677,Forever Strong,2008,Ryan Little,"Sean Faris, Penn Badgley, Sean Astin, Gary Cole",Drama,109
906,b1234,Crazy/Beautiful,2001,John Stockwell,"Kirsten Dunst, Jay Hernandez, Bruce Davison, Lucinda Jenney","Drama, Romance",99
906,a1418,Crazy/Beautiful,2001,John Stockwell,"Kirsten Dunst, Jay Hernandez, Bruce Davison","Drama, Romance",99
907,a891,Beyond a Reasonable Doubt,2009,Peter Hyams,"Jesse Metcalfe, Amber Tamblyn, Michael Douglas","Crime, Drama, Mystery, Thriller",106
907,b831,Beyond a Reasonable Doubt,2009,Peter Hyams,"Michael Douglas, Amber Tamblyn, Jesse Metcalfe, Joel David Moore","Mystery & Suspense, Drama",105
908,b1561,Troy,2004,Wolfgang Petersen,"Brad Pitt, Eric Bana, Orlando Bloom, Diane Kruger","Drama, Action & Adventure, Classics",165
908,a1783,Troy,2004,Wolfgang Petersen,"Brad Pitt, Eric Bana, Orlando Bloom",Adventure,163
909,b1112,The Next Best Thing,2000,John Schlesinger,"Madonna, Rupert Everett, Illeana Douglas, Benjamin Bratt","Drama, Art House & International, Comedy",108
909,a1288,The Next Best Thing,2000,John Schlesinger,"Madonna, Rupert Everett, Benjamin Bratt","Comedy, Drama, Romance",108
910,b1887,Employee of the Month,2006,Greg Coolidge,"Dane Cook, Jessica Simpson, Dax Shepard, Efren Ramirez","Drama, Comedy",108
910,a2140,Employee of the Month,2006,Greg Coolidge,"Jessica Simpson, Dane Cook, Dax Shepard","Comedy, Romance",103
911,c3278,Payback,1999,Brian Helgeland,"Mel Gibson, Gregg Henry, Maria Bello","Action, Crime, Drama",100
911,b2865,Payback,1999,Brian Helgeland,"Mel Gibson, Gregg Henry, Maria Bello, Deborah Kara Unger","Drama, Action & Adventure, Mystery & Suspense",100
912,b364,Legendary,2010,Mel Damski,"John Cena, Patricia Clarkson, Devon Graye, Danny Glover","Drama, Action & Adventure, Kids & Family",107
912,d2439,legendary,2010,Mel Damski,"John Cena,Patricia Clarkson,Devon Graye,Danny Glover,Madeleine Martin,Tyler Posey","Drama, Indie",
912,a383,Legendary,2010,Mel Damski,"John Cena, Patricia Clarkson, Danny Glover","Drama, Sport",107
913,c3272,Three Kings,1999,David O. Russell,"George Clooney, Mark Wahlberg, Ice Cube","Action, Adventure, Comedy",114
913,b2897,Three Kings,1999,David O. Russell,"Mark Wahlberg, George Clooney, Ice Cube, Spike Jonze","Action & Adventure, Comedy",115
914,b1336,The Royal Tenenbaums,2002,Wes Anderson,"Gene Hackman, Anjelica Huston, Gwyneth Paltrow, Ben Stiller",Comedy,108
914,a1536,The Royal Tenenbaums,2002,Wes Anderson,"Gene Hackman, Gwyneth Paltrow, Anjelica Huston","Comedy, Drama",110
915,b26,Argo,2012,Ben Affleck,"Ben Affleck, Alan Arkin, John Goodman, Bryan Cranston","Mystery & Suspense, Drama",120
915,d1855,argo,2012,Ben Affleck,"Ben Afffleck,Bryan Cranston,John Goodman,Victor Garber,Alan Arkin,Tate Donovan","Drama, Thriller",120
915,a24,Argo,2012,Ben Affleck,"Ben Affleck, Bryan Cranston, John Goodman","Drama, History, Thriller",120
916,d179,inside man,2006,Spike Lee,"Denzel Washington,Clive Owen,Jodie Foster,Willem Dafoe,Chiwetel Ejiofor,Christopher Plummer,Kim Director,James Ransone","Action, Crime, Drama, Mystery, Thriller",129
916,b1959,Inside Man,2006,Spike Lee,"Denzel Washington, Clive Owen, Jodie Foster, Christopher Plummer","Drama, Action & Adventure, Mystery & Suspense",129
916,a2220,Inside Man,2006,Spike Lee,"Denzel Washington, Clive Owen, Jodie Foster","Crime, Drama, Mystery, Thriller",129
917,b806,Yes Man,2008,Peyton Reed,"Jim Carrey, Zooey Deschanel, Bradley Cooper, Rhys Darby",Comedy,104
917,d2821,yes man,2008,Peyton Reed,"Jim Carrey,Zooey Deschanel,Bradley Cooper,John Michael Higgins,Terence Stamp,Danny Masterson,Fionnula Flanagan","Comedy, Romance",104
917,a861,Yes Man,2008,Peyton Reed,"Jim Carrey, Zooey Deschanel, Bradley Cooper","Comedy, Romance",104
918,a2039,Annapolis,2006,Justin Lin,"James Franco, Jordana Brewster, Tyrese Gibson","Drama, Romance, Sport",108
918,d299,annapolis,2006,Justin Lin,"James Franco,Tyrese Gibson,Jordana Brewster,Donnie Wahlberg,Vicellous Shannon,Chi McBride",Drama,108
918,b1799,Annapolis,2006,Justin Lin,"James Franco, Tyrese Gibson, Jordana Brewster, Donnie Wahlberg",Drama,103
919,a1501,The Mexican,2001,Gore Verbinski,"Brad Pitt, Julia Roberts, James Gandolfini","Adventure, Comedy, Crime, Romance",123
919,b1305,The Mexican,2001,Gore Verbinski,"Brad Pitt, Julia Roberts, James Gandolfini, Gene Hackman","Drama, Action & Adventure, Comedy",124
920,c5858,Gone in 60 Seconds,1974,H.B. Halicki,"H.B. Halicki, Marion Busia, Jerry Daugirda","Action, Crime, Drama",105
920,b1071,Gone in 60 Seconds,1974,H.B. Halicki,"H.B. Halicki, Marion Busia, James McIntire, Jerry Daugirda","Drama, Action & Adventure, Mystery & Suspense, Cult Movies",105
921,a2150,Factory Girl,2007,George Hickenlooper,"Sienna Miller, Guy Pearce, Hayden Christensen","Biography, Drama",90
921,b1896,Factory Girl,2007,George Hickenlooper,"Sienna Miller, Guy Pearce, Hayden Christensen, Jimmy Fallon",Drama,89
922,a1235,The Flintstones in Viva Rock Vegas,2000,Brian Levant,"Mark Addy, Stephen Baldwin, Kristen Johnston","Comedy, Family, Romance, Sci-Fi",90
922,b1062,The Flintstones in Viva Rock Vegas,2000,Brian Levant,"Mark Addy, Stephen Baldwin, Kristen Johnston, Jane Krakowski",Comedy,92
923,b1787,Accepted,2006,Steve Pink,"Justin Long, Jonah Hill, Blake Lively, Columbus Short",Comedy,93
923,a2026,Accepted,2006,Steve Pink,"Justin Long, Jonah Hill, Blake Lively",Comedy,93
924,a1286,My Dog Skip,2000,Jay Russell,"Frankie Muniz, Kevin Bacon, Diane Lane","Drama, Family, Sport",95
924,b1110,My Dog Skip,2000,Jay Russell,"Frankie Muniz, Kevin Bacon, Diane Lane, Luke Wilson","Drama, Kids & Family",95
925,a1260,Joe Gould's Secret,2000,Stanley Tucci,"Ian Holm, Stanley Tucci, Hope Davis",Drama,104
925,b1085,Joe Gould's Secret,2000,Stanley Tucci,"Ian Holm, Marc Alan Austen, Stanley Tucci, Hope Davis","Drama, Comedy",104
926,d1951,the sound of my voice,2012,Zal Batmanglij,"Christopher Denham,Nicole Vicius,Brit Marling",Drama,85
926,b243,Sound of My Voice,2012,Zal Batmanglij,"Christopher Denham, Nicole Vicius, Brit Marling, Davenia McFadden","Mystery & Suspense, Drama",85
926,a246,Sound of My Voice,2012,Zal Batmanglij,"Christopher Denham, Nicole Vicius, Brit Marling","Drama, Mystery, Sci-Fi, Thriller",85
927,a2321,The Pursuit of Happyness,2006,Gabriele Muccino,"Will Smith, Thandie Newton, Jaden Smith","Biography, Drama",117
927,b2045,The Pursuit of Happyness,2006,Gabriele Muccino,"Will Smith, Jaden Smith, Thandie Newton, Brian Howe",Drama,117
928,a1358,Under Suspicion,2000,Stephen Hopkins,"Morgan Freeman, Gene Hackman, Thomas Jane","Crime, Drama, Thriller",110
928,b1177,Under Suspicion,2000,Stephen Hopkins,"Morgan Freeman, Gene Hackman, Thomas Jane, Monica Bellucci","Drama, Art House & International, Mystery & Suspense",111
929,a1246,Hanging Up,2000,Diane Keaton,"Diane Keaton, Meg Ryan, Lisa Kudrow","Comedy, Drama",94
929,b1074,Hanging Up,2000,Diane Keaton,"Meg Ryan, Diane Keaton, Lisa Kudrow, Walter Matthau","Drama, Comedy",95
930,a666,Young Adult,2011,Jason Reitman,"Charlize Theron, Patrick Wilson, Patton Oswalt","Comedy, Drama",94
930,b623,Young Adult,2011,Jason Reitman,"Charlize Theron, Patton Oswalt, Patrick Wilson, Elizabeth Reaser","Drama, Comedy",93
930,d2150,young adult,2011,Jason Reitman,"Charlize Theron,Patton Oswalt,Patrick Wilson,Elizabeth Reaser,Jill Eikenberry,Mary Beth Hurt","Comedy, Drama, Romance",94
931,a1649,The Door in the Floor,2004,Tod Williams,"Jeff Bridges, Kim Basinger, Jon Foster","Comedy, Drama",111
931,b1432,The Door in the Floor,2004,Tod Williams,"Jeff Bridges, Kim Basinger, Jon Foster, Mimi Rogers","Drama, Comedy",111
932,d1910,moonrise kingdom,2012,Wes Anderson,"Jared Gilman,Kara Hayward,Bruce Willis,Edward Norton,Bill Murray,Frances McDormand,Tilda Swinton,Jason Schwartzman,Bob Balaban,Harvey Keitel",Drama,94
932,b197,Moonrise Kingdom,2012,Wes Anderson,"Jared Gilman, Kara Hayward, Bruce Willis, Edward Norton",Comedy,94
932,a201,Moonrise Kingdom,2012,Wes Anderson,"Jared Gilman, Kara Hayward, Bruce Willis","Adventure, Comedy, Drama, Romance",94
933,b1549,Stateside,2004,Reverge Anselmo,"Rachael Leigh Cook, Jonathan Tucker, Agnes Bruckner, Joe Mantegna","Drama, Romance",97
933,a1771,Stateside,2004,Reverge Anselmo,"Jonathan Tucker, Rachael Leigh Cook, Agnes Bruckner","Drama, Music, Romance",97
934,a2493,The Lookout,2007,Scott Frank,"Joseph Gordon-Levitt, Jeff Daniels, Matthew Goode","Crime, Drama, Thriller",99
934,b2273,The Lookout,2007,Scott Frank,"Joseph Gordon-Levitt, Jeff Daniels, Matthew Goode, Carla Gugino","Mystery & Suspense, Drama",99
935,d1545,zero charisma,2013,"Katie Graham,Andrew Matthews","Sam Eidson,Garrett Graham,Brock England,Anne Gee Byrd,Cyndi Williams,Brian Losoya,Vincent James Prendergast,Katie Folger,John Gholson,Dakin Matthews",Comedy,86
935,a2975,Zero Charisma,2013,Katie Graham,"Sam Eidson, Brock England, Garrett Graham","Comedy, Drama",86
935,b2719,Zero Charisma,2013,Katie Graham,"Sam Eidson, Anne Gee Byrd, Garrett Graham, Brock England",Comedy,97
936,a2036,American Dreamz,2006,Paul Weitz,"Hugh Grant, Dennis Quaid, Mandy Moore","Comedy, Music",107
936,d228,american dreamz,2006,Paul Weitz,"Hugh Grant,Dennis Quaid,Mandy Moore,Willem Dafoe,Marcia Gay Harden,Chris Klein,Jennifer Coolidge,Seth Meyers","Comedy, Drama, Family, Musical",107
936,b1795,American Dreamz,2006,Paul Weitz,"Hugh Grant, Dennis Quaid, Mandy Moore, Willem Dafoe","Drama, Comedy",108
937,b1599,Bee Season,2005,Scott McGehee,"Richard Gere, Juliette Binoche, Flora Cross, Max Minghella",Drama,104
937,a1825,Bee Season,2005,Scott McGehee,"Richard Gere, Juliette Binoche, Flora Cross",Drama,104
937,d248,bee season,2005,"Scott McGehee,David Siegel","Richard Gere,Juliette Binoche,Flora Cross,Max Minghella,Kate Bosworth,Robyn Blair,Justin Alioto","Drama, Family",104
938,a1705,Mean Creek,2004,Jacob Aaron Estes,"Rory Culkin, Ryan Kelley, Scott Mechlowicz","Crime, Drama",90
938,b1490,Mean Creek,2004,Jacob Aaron Estes,"Rory Culkin, Ryan Kelley, Scott Mechlowicz, Trevor Morgan",Drama,89
939,b3086,Six Days Seven Nights,1998,Ivan Reitman,"Harrison Ford, Anne Heche, David Schwimmer, Jacqueline Obradors","Drama, Action & Adventure, Romance, Comedy",101
939,c3430,Six Days Seven Nights,1998,Ivan Reitman,"Harrison Ford, Anne Heche, David Schwimmer","Action, Adventure, Comedy",98
940,a2787,I Used to Be Darker,2013,Matthew Porterfield,"Deragh Campbell, Hannah Gross, Ned Oldham","Drama, Music",89
940,d1508,i used to be darker,2013,Matthew Porterfield,"Hannah Gross,Kim Taylor,Deragh Campbell,Ned Oldham,Geoff Grace,Adèle Exarchopoulos,Declan Sammon,Jack Carneal,Jimi Zhivago,Ellis Woodward,John Belanger",Drama,90
940,b2545,I Used To Be Darker,2013,Matthew Porterfield,"Deragh Campbell, Hannah Gross, Kim Taylor, Ned Oldham",Drama,90
941,a2844,Man of Steel,2013,Zack Snyder,"Henry Cavill, Amy Adams, Michael Shannon","Action, Adventure, Fantasy, Sci-Fi",143
941,b2598,Man of Steel,2013,Zack Snyder,"Henry Cavill, Amy Adams, Michael Shannon, Diane Lane","Action & Adventure, Science Fiction & Fantasy",143
941,d1643,man of steel,2013,Zack Snyder,"Henry Cavill,Amy Adams,Diane Lane,Russell Crowe,Michael Shannon,Kevin Costner,Christopher Meloni,Laurence Fishburne,Jadin Gould","Action, Adventure, Fantasy, Science Fiction",148
942,d2627,did you hear about the morgans?,2009,Marc Lawrence,"Hugh Grant,Sarah Jessica Parker,Sam Elliott,Mary Steenburgen,Dana Ivey,Wilford Brimley","Comedy, Drama, Romance",103
942,b857,Did You Hear About the Morgans?,2009,Marc Lawrence,"Hugh Grant, Sarah Jessica Parker, Elisabeth Moss, Sam Elliott","Drama, Romance, Comedy",104
942,a920,Did You Hear About the Morgans?,2009,Marc Lawrence,"Hugh Grant, Sarah Jessica Parker, Sam Elliott","Comedy, Drama, Romance",103
943,a1903,Inside Deep Throat,2005,Fenton Bailey,"Linda Lovelace, Harry Reems, Dennis Hopper","Documentary, Biography, History",92
943,b1674,Inside Deep Throat,2005,Fenton Bailey,"Linda Lovelace, Dennis Hopper, Gerard Damiano, Harry Reems","Documentary, Television",90
944,b625,Zookeeper,2011,Frank Coraci,"Kevin James, Rosario Dawson, Ken Jeong, Leslie Bibb","Comedy, Romance",101
944,d2215,zookeeper,2011,,"Kevin James,Rosario Dawson,Leslie Bibb,Ken Jeong,Donnie Wahlberg,Joe Rogan,Nat Faxon","Comedy, Family, Romance",102
944,a668,Zookeeper,2011,Frank Coraci,"Kevin James, Rosario Dawson, Leslie Bibb","Comedy, Family, Romance",102
945,d3073,the other boleyn girl,2008,Justin Chadwick,"Natalie Portman,Scarlett Johansson,Eric Bana,Jim Sturgess,Mark Rylance,Kristin Scott Thomas","Drama, Foreign, History, Romance",115
945,a789,The Other Boleyn Girl,2008,Justin Chadwick,"Natalie Portman, Scarlett Johansson, Eric Bana","Biography, Drama, History, Romance",115
945,b734,The Other Boleyn Girl,2008,Justin Chadwick,"Eric Bana, Natalie Portman, Scarlett Johansson, Jim Sturgess","Drama, Romance",115
946,a1632,Collateral,2004,Michael Mann,"Tom Cruise, Jamie Foxx, Jada Pinkett Smith","Crime, Drama, Thriller",120
946,b1415,Collateral,2004,Michael Mann,"Tom Cruise, Jamie Foxx, Mark Ruffalo, Jada Pinkett Smith","Drama, Action & Adventure, Mystery & Suspense",122
947,a2387,Tenacious D in The Pick of Destiny,2006,Liam Lynch,"Jack Black, Kyle Gass, JR Reed","Adventure, Comedy, Music, Musical",93
947,b2099,Tenacious D in The Pick of Destiny,2006,Liam Lynch,"Jack Black, Kyle Gass, JR Reed, Troy Gentile","Musical & Performing Arts, Comedy",94
948,b1483,The Life Aquatic with Steve Zissou,2004,Wes Anderson,"Bill Murray, Owen Wilson, Cate Blanchett, Anjelica Huston","Drama, Action & Adventure, Comedy",118
948,a1699,The Life Aquatic with Steve Zissou,2004,Wes Anderson,"Bill Murray, Owen Wilson, Anjelica Huston","Adventure, Comedy, Drama",119
949,a843,Twilight,2008,Catherine Hardwicke,"Kristen Stewart, Robert Pattinson, Billy Burke","Drama, Fantasy, Romance",122
949,d2876,twilight,2008,Catherine Hardwicke,"Kristen Stewart,Robert Pattinson,Billy Burke,Ashley Greene,Nikki Reed,Jackson Rathbone,Kellan Lutz","Adventure, Drama, Family, Fantasy, Romance, Science Fiction",122
949,b787,Twilight,2008,Catherine Hardwicke,"Kristen Stewart, Robert Pattinson, Billy Burke, Peter Facinelli","Horror, Romance, Mystery & Suspense, Science Fiction & Fantasy",121
950,d2820,gran torino,2008,Clint Eastwood,"Bee Vang,Ahney Her,Christopher Carley,Brian Haley,Geraldine Hughes,Brian Howe,Dreama Walker,Scott Eastwood,Clint Eastwood","Action, Drama",116
950,a735,Gran Torino,2009,Clint Eastwood,"Clint Eastwood, Bee Vang, Christopher Carley",Drama,116
950,b687,Gran Torino,2009,Clint Eastwood,"Clint Eastwood, Bee Vang, Ahney Her, Christopher Carley",Drama,130
951,b3083,The Siege,1998,Edward Zwick,"Denzel Washington, Annette Bening, Bruce Willis, Tony Shalhoub",Action & Adventure,120
951,c3450,The Siege,1998,Edward Zwick,"Denzel Washington, Bruce Willis, Annette Bening","Action, Thriller",116
952,b2304,Norbit,2007,Brian Robbins,"Eddie Murphy, Thandie Newton, Charles Q. Murphy, Terry Crews","Drama, Romance, Comedy",103
952,a2528,Norbit,2007,Brian Robbins,"Eddie Murphy, Thandie Newton, Terry Crews","Comedy, Drama, Romance",102
953,b463,The Art of Getting By,2011,Gavin Wiesen,"Freddie Highmore, Emma Roberts, Michael Angarano, Elizabeth Reaser","Comedy, Romance",83
953,a487,The Art of Getting By,2011,Gavin Wiesen,"Freddie Highmore, Emma Roberts, Michael Angarano","Drama, Romance",83
954,a1669,Hair Show,2004,Leslie Small,"Mo'Nique, Kellita Smith, Gina Torres","Comedy, Romance",105
954,b1453,Hair Show,2004,Leslie Small,"Mo'Nique, Kellitta Smith, Kellita Smith, Gina Torres",Comedy,100
955,d116,the simpsons movie,2007,David Silverman,"Dan Castellaneta,Julie Kavner,Nancy Cartwright,Yeardley Smith,Hank Azaria,Harry Shearer,Kelsey Grammer,Joe Mantegna","Animation, Comedy, Family",87
955,b1512,The Simpsons Movie,2007,David Silverman,"Julie Kavner, Dan Castellaneta, Nancy Cartwright, Yeardley Smith","Comedy, Animation",86
955,a2574,The Simpsons Movie,2007,David Silverman,"Dan Castellaneta, Julie Kavner, Nancy Cartwright","Animation, Adventure, Comedy",87
956,a126,Elevator,2012,Stig Svendsen,"Christopher Backus, Anita Briem, John Getz",Thriller,84
956,b123,Elevator,2012,Stig Svendsen,"Christopher Backus, Anita Briem, John Getz, Tehmina Sunny",Mystery & Suspense,81
957,b1390,The Aviator,2004,Martin Scorsese,"Leonardo DiCaprio, Cate Blanchett, Kate Beckinsale, John C. Reilly",Drama,170
957,a1601,The Aviator,2004,Martin Scorsese,"Leonardo DiCaprio, Cate Blanchett, Kate Beckinsale","Biography, Drama",170
958,b1719,Our Very Own,2005,Cameron Watson,"Allison Janney, Keith Carradine, Cheryl Hines, Jason Ritter","Art House & International, Drama",109
958,a1953,Our Very Own,2005,Cameron Watson,"Allison Janney, Keith Carradine, Cheryl Hines",Drama,106
959,b2937,The Blues Brothers,1980,John Landis,"John Belushi, Dan Aykroyd, James Brown, Cab Calloway","Action & Adventure, Comedy",133
959,c5393,The Blues Brothers,1980,John Landis,"John Belushi, Dan Aykroyd, Cab Calloway","Action, Comedy, Crime",133
960,b572,The Perfect Host,2011,Nick Tomnay,"David Hyde Pierce, Clayne Crawford, Nathaniel Parker, Helen Reddy",Mystery & Suspense,94
960,a608,The Perfect Host,2011,Nick Tomnay,"David Hyde Pierce, Clayne Crawford, Nathaniel Parker","Comedy, Crime, Thriller",93
961,a2269,Material Girls,2006,Martha Coolidge,"Hilary Duff, Haylie Duff, Anjelica Huston","Comedy, Family, Romance",98
961,b2002,Material Girls,2006,Martha Coolidge,"Hilary Duff, Haylie Duff, Anjelica Huston, Lukas Haas","Drama, Comedy",98
962,b537,Jack and Jill,2011,Dennis Dugan,"Adam Sandler, Al Pacino, Katie Holmes, Elodie Tougne","Comedy, Romance",93
962,a572,Jack and Jill,2011,Dennis Dugan,"Adam Sandler, Katie Holmes, Al Pacino",Comedy,91
963,d508,the gift,2015,Joel Edgerton,"Jason Bateman,Rebecca Hall,Joel Edgerton,David Denman,Beau Knapp,Allison Tolman,P. J. Byrne,Busy Philipps,Wendell Pierce,Katie Aselton","Drama, Horror",108
963,b1065,The Gift,2015,Joel Edgerton,"Jason Bateman, Rebecca Hall, Joel Edgerton, David Denman",Mystery & Suspense,108
963,a1238,The Gift,2015,Joel Edgerton,"Jason Bateman, Rebecca Hall, Joel Edgerton","Mystery, Thriller",108
964,a1975,Shopgirl,2005,Anand Tucker,"Steve Martin, Claire Danes, Jason Schwartzman","Drama, Romance",106
964,b1741,Shopgirl,2005,Anand Tucker,"Steve Martin, Claire Danes, Jason Schwartzman, Bridgette Wilson-Sam...","Drama, Romance, Comedy",116
965,a1448,Ghost World,2001,Terry Zwigoff,"Steve Buscemi, Thora Birch, Scarlett Johansson","Comedy, Drama",111
965,b1259,Ghost World,2001,Terry Zwigoff,"Thora Birch, Scarlett Johansson, Steve Buscemi, Brad Renfro","Drama, Comedy",111
966,b347,Inception,2010,Christopher Nolan,"Leonardo DiCaprio, Joseph Gordon-Levitt, Ellen Page, Tom Hardy","Drama, Action & Adventure, Mystery & Suspense, Science Fiction & Fantasy",148
966,d2434,inception,2010,Christopher Nolan,"Leonardo DiCaprio,Ken Watanabe,Joseph Gordon-Levitt,Marion Cotillard,Ellen Page,Tom Hardy,Cillian Murphy,Tom Berenger,Michael Caine,Dileep Rao,Pete Postlethwaite","Action, Science Fiction, Thriller",148
966,a362,Inception,2010,Christopher Nolan,"Leonardo DiCaprio, Joseph Gordon-Levitt, Ellen Page","Action, Mystery, Sci-Fi, Thriller",148
967,b946,Observe and Report,2009,Jody Hill,"Seth Rogen, Ray Liotta, Michael Pea, Anna Faris",Comedy,86
967,a1017,Observe and Report,2009,Jody Hill,"Seth Rogen, Anna Faris, Ray Liotta","Comedy, Crime, Drama",86
968,a1977,The Sisterhood of the Traveling Pants,2005,Ken Kwapis,"Amber Tamblyn, Alexis Bledel, America Ferrera","Comedy, Drama, Romance",119
968,b1743,The Sisterhood of the Traveling Pants,2005,Ken Kwapis,"Amber Tamblyn, Alexis Bledel, America Ferrera, Blake Lively","Drama, Comedy",119
969,b1933,A Guide to Recognizing Your Saints,2006,Dito Montiel,"Robert Downey Jr., Rosario Dawson, Shia LaBeouf, Chazz Palminteri",Drama,98
969,a2193,A Guide to Recognizing Your Saints,2006,Dito Montiel,"Robert Downey Jr., Rosario Dawson, Shia LaBeouf","Crime, Drama",100
970,c2155,Primeval,2007,Michael Katleman,"Dominic Purcell, Orlando Jones, Brooke Langton","Action, Adventure, Horror",93
970,b2323,Primeval,2007,Michael Katleman,"Dominic Purcell, Brooke Langton, Orlando Jones, Jrgen Prochnow","Drama, Action & Adventure, Horror, Mystery & Suspense",94
971,b888,Homecoming,2009,Morgan J. Freeman,"Mischa Barton, Jessica Stroup, Matt Long, Michael Landes","Mystery & Suspense, Horror",90
971,a954,Homecoming,2009,Morgan J. Freeman,"Mischa Barton, Matt Long, Jessica Stroup","Drama, Horror, Thriller",88
972,a1062,Trick 'r Treat,2007,Michael Dougherty,"Anna Paquin, Brian Cox, Dylan Baker","Horror, Thriller",82
972,b985,Trick 'r Treat,2007,Michael Dougherty,"Anna Paquin, Brian Cox, Dylan Baker, Leslie Bibb","Drama, Horror, Mystery & Suspense",82
973,a152,Girl in Progress,2012,Patricia Riggen,"Eva Mendes, Cierra Ramirez, Patricia Arquette","Comedy, Drama",93
973,d1949,girl in progress,2012,Patricia Riggen,"Eva Mendes,Cierra Ramirez,Patricia Arquette,Matthew Modine,Raini Rodriguez,Landon Liboiron,Eugenio Derbez,Richard Harmon,Russell Peters,Brenna O’Brien","Comedy, Drama, Foreign",93
973,b150,Girl In Progress,2012,Patricia Riggen,"Eva Mendes, Matthew Modine, Cierra Ramirez, Patricia Arquette","Drama, Comedy",93
974,a1428,Down to Earth,2001,Chris Weitz,"Chris Rock, Regina King, Chazz Palminteri","Comedy, Fantasy",87
974,b1243,Down to Earth,2001,Chris Weitz,"Chris Rock, Regina King, Chazz Palminteri, Eugene Levy","Drama, Comedy",87
975,b1093,Little Nicky,2000,Steven Brill,"Adam Sandler, Patricia Arquette, Harvey Keitel, Rhys Ifans",Comedy,84
975,a1268,Little Nicky,2000,Steven Brill,"Adam Sandler, Patricia Arquette, Harvey Keitel","Comedy, Fantasy",90
976,b520,HappyThankYouMorePlease,2011,Josh Radnor,"Josh Radnor, Malin Akerman, Zoe Kazan, Pablo Schreiber",Comedy,99
976,a553,Happythankyoumoreplease,2011,Josh Radnor,"Josh Radnor, Malin Akerman, Zoe Kazan","Comedy, Drama, Romance",100
977,a2486,Lars and the Real Girl,2007,Craig Gillespie,"Ryan Gosling, Emily Mortimer, Paul Schneider","Comedy, Drama",106
977,b2266,Lars and the Real Girl,2007,Craig Gillespie,"Ryan Gosling, Emily Mortimer, Paul Schneider, R.D. Reid",Comedy,106
977,d42,lars and the real girl,2007,Craig Gillespie,"Ryan Gosling,Emily Mortimer,Paul Schneider,Patricia Clarkson,Kelli Garner,Lauren Ash,Nancy Beatty","Comedy, Indie, Romance",106
978,b1984,Little Chenier,2008,Bethany Ashton Wolf,"Johnathon Schaech, Fred Koehler, Tamara Braun, Jeremy Davidson",Drama,100
978,a2250,Little Chenier,2008,Bethany Ashton Wolf,"Johnathon Schaech, Fred Koehler, Tamara Braun",Drama,120
979,b1589,Alone in the Dark,2005,Uwe Boll,"Christian Slater, Tara Reid, Stephen Dorff, Frank C. Turner","Action & Adventure, Horror",96
979,a1813,Alone in the Dark,2005,Uwe Boll,"Christian Slater, Tara Reid, Stephen Dorff","Horror, Sci-Fi",96
980,b1278,Jay and Silent Bob Strike Back,2001,Kevin Smith,"Jason Mewes, Kevin Smith, Ben Affleck, Shannon Elizabeth",Comedy,104
980,a1469,Jay and Silent Bob Strike Back,2001,Kevin Smith,"Jason Mewes, Kevin Smith, Ben Affleck",Comedy,104
981,b599,Soul Surfer,2011,Sean McNamara,"Annasophia Robb, Dennis Quaid, Helen Hunt, Lorraine Nicholson","Drama, Action & Adventure, Sports & Fitness",106
981,a637,Soul Surfer,2011,Sean McNamara,"AnnaSophia Robb, Dennis Quaid, Helen Hunt","Biography, Drama, Sport",106
982,b1573,Welcome to Mooseport,2004,Donald Petrie,"Ray Romano, Gene Hackman, Marcia Gay Harden, Maura Tierney",Comedy,110
982,a1796,Welcome to Mooseport,2004,Donald Petrie,"Gene Hackman, Ray Romano, Maura Tierney","Comedy, Romance",110
983,d1447,charlie countryman,2013,Fredrik Bond,"Shia LaBeouf,Rupert Grint,Evan Rachel Wood,Mads Mikkelsen,Til Schweiger,Melissa Leo","Action, Comedy",108
983,a2688,Charlie Countryman,2013,Fredrik Bond,"Shia LaBeouf, Evan Rachel Wood, Mads Mikkelsen","Comedy, Drama, Romance, Thriller",103
983,b2458,Charlie Countryman,2013,Fredrik Bond,"Shia LaBeouf, Evan Rachel Wood, Mads Mikkelsen, Rupert Grint","Action & Adventure, Comedy",108
984,b427,The Switch,2010,Josh Gordon,"Jennifer Aniston, Jason Bateman, Patrick Wilson, Jeff Goldblum","Drama, Romance, Comedy",101
984,a449,The Switch,2010,Josh Gordon,"Jennifer Aniston, Jason Bateman, Patrick Wilson","Comedy, Drama, Romance",101
985,a5,3 2 1... Frankie Go Boom,2012,Jordan Roberts,"Charlie Hunnam, Chris O'Dowd, Lizzy Caplan",Comedy,89
985,b4,3 2 1... Frankie Go Boom,2012,Jordan Roberts,"Charlie Hunnam, Chris O'Dowd, Lizzy Caplan, Whitney Cummings","Drama, Comedy",89
986,b2381,Welcome to Nollywood,2007,Jamie Meltzer,"Charles Novia, Chico Ejiro, Don Pedro Obaseki, Izu Ojukwu","Documentary, Television, Musical & Performing Arts, Special Interest",56
986,a2610,Welcome to Nollywood,2007,Jamie Meltzer,"Izu Ojukwu, Chico Ejiro, Don Pedro Obaseki",Documentary,58
987,b74,The Campaign,2012,Jay Roach,"Will Ferrell, Zach Galifianakis, Jason Sudeikis, Dylan McDermott",Comedy,86
987,a74,The Campaign,2012,Jay Roach,"Will Ferrell, Zach Galifianakis, Jason Sudeikis",Comedy,85
987,d1938,the campaign,2012,Jay Roach,"Will Ferrell,Zach Galifianakis,Jason Sudeikis,Dylan McDermott,Katherine LaNasa,Sarah Baker,John Lithgow,Dan Aykroyd,Brian Cox",Comedy,97
988,a1210,Cherry Falls,2000,Geoffrey Wright,"Brittany Murphy, Jay Mohr, Michael Biehn","Comedy, Horror, Mystery, Thriller",92
988,b1040,Cherry Falls,2000,Geoffrey Wright,"Michael Biehn, Brittany Murphy, Jay Mohr, Gabriel Mann","Mystery & Suspense, Horror",100
989,a983,Land of the Lost,2009,Brad Silberling,"Will Ferrell, Danny McBride, Anna Friel","Adventure, Comedy, Sci-Fi",102
989,b914,Land of the Lost,2009,Brad Silberling,"Will Ferrell, Anna Friel, Danny McBride, Jorma Taccone","Action & Adventure, Science Fiction & Fantasy, Comedy",102
990,a346,Greenberg,2010,Noah Baumbach,"Ben Stiller, Greta Gerwig, Jennifer Jason Leigh","Comedy, Drama, Romance",107
990,b335,Greenberg,2010,Noah Baumbach,"Ben Stiller, Rhys Ifans, Greta Gerwig, Jennifer Jason Leigh","Drama, Comedy",100
990,d2506,greenberg,2010,Noah Baumbach,"Ben Stiller,Greta Gerwig,Rhys Ifans,Jennifer Jason Leigh,Brie Larson,Mark Duplass","Comedy, Drama, Romance",107
991,a635,Something Borrowed,2011,Luke Greenfield,"Ginnifer Goodwin, Kate Hudson, Colin Egglesfield","Comedy, Drama, Romance",112
991,b597,Something Borrowed,2011,Luke Greenfield,"Kate Hudson, Ginnifer Goodwin, Colin Egglesfield, John Krasinski","Drama, Romance, Science Fiction & Fantasy, Comedy",112
992,a2931,Standing Up,2013,D.J. Caruso,"Chandler Canterbury, Annalise Basso, Radha Mitchell",Drama,93
992,d1501,standing up,2013,D.J. Caruso,"Chandler Canterbury,Annalise Basso,Radha Mitchell,Val Kilmer,Keith Flippen,William J. Harrison",,89
992,b2678,Standing Up,2013,D.J. Caruso,"Chandler Canterbury, Annalise Basso, Val Kilmer, Radha Mitchell","Drama, Action & Adventure, Kids & Family",96
993,c41,Doomsday,2015,Neil Johnson,"Alain Terzoli, Amy Pemberton, Darren Jacobs","Action, Sci-Fi",95
993,b663,Doomsday,2015,Neil Johnson,"Alain Terzoli, Amy Pemberton, Darren Jacobs, Richard Lawrence",,
994,b818,All About Steve,2009,Phil Traill,"Sandra Bullock, Bradley Cooper, Thomas Haden Church, Ken Jeong",Comedy,99
994,d2695,all about steve,2009,Phil Traill,"Sandra Bullock,Bradley Cooper,Thomas Haden Church,Howard Hesseman,Keith David","Comedy, Romance",99
994,a876,All About Steve,2009,Phil Traill,"Sandra Bullock, Bradley Cooper, Thomas Haden Church","Comedy, Romance",99
995,a2808,Joe,2014,David Gordon Green,"Nicolas Cage, Tye Sheridan, Gary Poulter",Drama,117
995,d1296,joe,2014,David Gordon Green,"Nicolas Cage,Tye Sheridan,Gary Poulter,Ronnie Gene Blevins",Drama,117
996,a260,The Three Stooges,2012,Bobby Farrelly,"Sean Hayes, Chris Diamantopoulos, Will Sasso",Comedy,92
996,d2019,the three stooges,2012,"Bobby Farrelly,Peter Farrelly","Chris Diamantopoulos,Sean Hayes,Will Sasso,Jane Lynch,Sofia Vergara,Jennifer Hudson,Larry David",Comedy,92
996,b256,The Three Stooges,2012,Bobby Farrelly,"Sean Hayes, Will Sasso, Chris Diamantopoulos, Jane Lynch",Comedy,92
997,a1589,Against the Ropes,2004,Charles S. Dutton,"Meg Ryan, Omar Epps, Charles S. Dutton","Biography, Drama, Romance, Sport",111
997,b1380,Against the Ropes,2004,Charles S. Dutton,"Meg Ryan, Omar Epps, Charles S. Dutton, Tony Shalhoub",Drama,110
998,b510,The Girl with the Dragon Tattoo,2011,David Fincher,"Daniel Craig, Rooney Mara, Christopher Plummer, Stellan Skarsgard","Mystery & Suspense, Drama",157
998,d2158,the girl with the dragon tattoo,2011,David Fincher,"Rooney Mara,Daniel Craig,Christopher Plummer,Stellan Skarsgard,Robin Wright,Joely Richardson","Crime, Drama, Mystery, Thriller",158
998,a542,The Girl with the Dragon Tattoo,2011,David Fincher,"Daniel Craig, Rooney Mara, Christopher Plummer","Crime, Drama, Mystery, Thriller",158
999,a2165,Flushed Away,2006,David Bowers,"Hugh Jackman, Kate Winslet, Ian McKellen","Animation, Adventure, Comedy, Family",85
999,b1910,Flushed Away,2006,David Bowers,"Hugh Jackman, Kate Winslet, Ian McKellen, Jean Reno","Animation, Kids & Family, Comedy",84
1000,d2740,julie and julia,2009,Nora Ephron,"Meryl Streep,Amy Adams,Stanley Tucci,Chris Messina,Linda Emond,Joan Juliet Buck,Jane Lynch","Comedy, Drama",123
1000,b910,Julie & Julia,2009,Nora Ephron,"Meryl Streep, Amy Adams, Chris Messina, Stanley Tucci","Drama, Comedy",123
1000,a979,Julie & Julia,2009,Nora Ephron,"Amy Adams, Meryl Streep, Chris Messina","Biography, Drama, Romance",123
1001,b1068,Gladiator,2000,Ridley Scott,"Russell Crowe, Joaquin Phoenix, Connie Nielsen, Oliver Reed","Drama, Action & Adventure, Classics",171
1001,a1240,Gladiator,2000,Ridley Scott,"Russell Crowe, Joaquin Phoenix, Connie Nielsen","Action, Drama",155
1002,b292,Conviction,2010,Tony Goldwyn,"Hilary Swank, Sam Rockwell, Minnie Driver, Melissa Leo",Drama,107
1002,a306,Conviction,2010,Tony Goldwyn,"Hilary Swank, Sam Rockwell, Melissa Leo","Biography, Drama",107
1002,d2365,conviction,2010,Tony Goldwyn,"Hilary Swank,Sam Rockwell,Minnie Driver,Melissa Leo,Peter Gallagher,Ari Graynor,Juliette Lewis","Drama, Mystery, Thriller",107
1003,a1586,13 Going on 30,2004,Gary Winick,"Jennifer Garner, Mark Ruffalo, Judy Greer","Comedy, Fantasy, Romance",98
1003,b1377,13 Going on 30,2004,Gary Winick,"Jennifer Garner, Mark Ruffalo, Judy Greer, Christa B. Allen","Comedy, Romance",98
1004,a1984,The Squid and the Whale,2005,Noah Baumbach,"Owen Kline, Jeff Daniels, Laura Linney","Comedy, Drama",81
1004,b1750,The Squid and the Whale,2005,Noah Baumbach,"Jeff Daniels, Laura Linney, Owen Kline, Jesse Eisenberg","Art House & International, Drama",81
1005,b1998,Man About Town,2006,Mike Binder,"Ben Affleck, Rebecca Romijn, John Cleese, Samuel Ball","Drama, Action & Adventure, Comedy",99
1005,a2265,Man About Town,2006,Mike Binder,"Ben Affleck, Rebecca Romijn, John Cleese","Comedy, Drama",96
1006,b550,The Lincoln Lawyer,2011,Brad Furman,"Marisa Tomei, Matthew McConaughey, Ryan Phillippe, Josh Lucas","Mystery & Suspense, Drama",118
1006,a584,The Lincoln Lawyer,2011,Brad Furman,"Matthew McConaughey, Marisa Tomei, Ryan Phillippe","Crime, Drama, Thriller",118
1007,b1590,The Amityville Horror,2005,Andrew Douglas,"Ryan Reynolds, Melissa George, Jesse James, Jimmy Bennett",Horror,89
1007,a1814,The Amityville Horror,2005,Andrew Douglas,"Ryan Reynolds, Melissa George, Jimmy Bennett","Drama, Horror, Mystery, Thriller",90
1008,a2257,Lonely Hearts,2006,Todd Robinson,"John Travolta, Salma Hayek, Jared Leto","Crime, Drama, Romance, Thriller",108
1008,b1992,Lonely Hearts,2006,Todd Robinson,"John Travolta, James Gandolfini, Jared Leto, Salma Hayek","Mystery & Suspense, Drama",107
1009,b915,The Last House on the Left,2009,Dennis Iliadis,"Sara Paxton, Tony Goldwyn, Monica Potter, Martha MacIsaac","Drama, Horror, Mystery & Suspense",110
1009,d2811,the last house on the left,2009,Dennis Iliadis,"Sara Paxton,Monica Potter,Tony Goldwyn,Garret Dillahunt","Crime, Horror, Thriller",110
1009,a984,The Last House on the Left,2009,Dennis Iliadis,"Garret Dillahunt, Monica Potter, Tony Goldwyn","Horror, Thriller",110
1010,b275,Alice in Wonderland,2010,Tim Burton,"Johnny Depp, Mia Wasikowska, Anne Hathaway, Helena Bonham Carter","Action & Adventure, Kids & Family, Science Fiction & Fantasy",108
1010,d2489,alice in wonderland,2010,,"Johnny Depp,Mia Wasikowska,Helena Bonham-Carter,Anne Hathaway,Crispin Glover,Alan Rickman,Stephen Fry,Michael Sheen,Timothy Spall,Christopher Lee","Adventure, Family, Fantasy, Science Fiction",108
1010,a281,Alice in Wonderland,2010,Tim Burton,"Mia Wasikowska, Johnny Depp, Helena Bonham Carter","Adventure, Family, Fantasy",108
1011,b3009,Lost in Space,1998,Stephen Hopkins,"William Hurt, Matt LeBlanc, Gary Oldman, Mimi Rogers","Action & Adventure, Science Fiction & Fantasy",130
1011,c3421,Lost in Space,1998,Stephen Hopkins,"Gary Oldman, William Hurt, Matt LeBlanc","Action, Adventure, Family",130
1012,b538,Janie Jones,2011,David M. Rosenthal,"Abigail Breslin, Alessandro Nivola, Elisabeth Shue, Peter Stormare","Musical & Performing Arts, Drama",107
1012,a573,Janie Jones,2011,David M. Rosenthal,"Abigail Breslin, Alessandro Nivola, Elisabeth Shue","Drama, Music",114
1013,a1192,Bedazzled,2000,Harold Ramis,"Brendan Fraser, Elizabeth Hurley, Frances O'Connor","Comedy, Fantasy, Romance",93
1013,b1024,Bedazzled,2000,Harold Ramis,"Brendan Fraser, Elizabeth Hurley, Frances O'Connor, Miriam Shor","Science Fiction & Fantasy, Comedy",93
1014,a1407,The Brothers,2001,Gary Hardwick,"Morris Chestnut, Shemar Moore, D.L. Hughley","Comedy, Drama",106
1014,b1226,The Brothers,2001,Gary Hardwick,"Morris Chestnut, Shemar Moore, D.L. Hughley, Bill Bellamy","Comedy, Romance",101
1015,d2574,diary of a wimpy kid,2010,Thor Freudenthal,"Zachary Gordon,Robert Capron,Chloe Moretz,Rachael Harris,Steve Zahn,Devon Bostick,Karan Brar,Grayson Russell,Alex Ferris","Comedy, Family",94
1015,b309,Diary of a Wimpy Kid,2010,Thor Freudenthal,"Zachary Gordon, Robert Capron, Rachael Harris, Steve Zahn","Comedy, Kids & Family",93
1015,a319,Diary of a Wimpy Kid,2010,Thor Freudenthal,"Zachary Gordon, Robert Capron, Rachael Harris","Comedy, Family",94
1016,a2683,Begin Again,2014,John Carney,"Keira Knightley, Mark Ruffalo, Adam Levine","Drama, Music",104
1016,b2453,Begin Again,2014,John Carney,"Keira Knightley, Mark Ruffalo, Hailee Steinfeld, Adam Levine","Drama, Musical & Performing Arts, Comedy",101
1016,d1097,begin again,2014,John Carney,"Mark Ruffalo,Keira Knightley,James Corden,Hailee Steinfeld,Mos Def,Adam Levine,Cee Lo Green,Catherine Keener","Drama, Music, Romance",104
1017,b2360,Stomp the Yard,2007,Sylvain White,"Columbus Short, Meagan Good, Ne-Yo, Darrin Dewitt Henson",Drama,114
1017,a2587,Stomp the Yard,2007,Sylvain White,"Columbus Short, Meagan Good, Ne-Yo","Drama, Music, Romance",109
1018,b233,Savages,2012,Oliver Stone,"Taylor Kitsch, Aaron Taylor-Johnson, Blake Lively, Salma Hayek","Mystery & Suspense, Drama",129
1018,d1977,savages,2012,Oliver Stone,"Taylor Kitsch,Blake Lively,Aaron Johnson,John Travolta,Benicio Del Toro,Salma Hayek","Crime, Drama, Thriller",131
1018,a236,Savages,2012,Oliver Stone,"Aaron Taylor-Johnson, Taylor Kitsch, Blake Lively","Crime, Drama, Thriller",131
1019,d2546,just wright,2010,Sanaa Hamri,"Queen Latifah,Common,Paula Patton,James Pickens Jr.,Phylicia Rashad,Pam Grier","Comedy, Drama, Romance",100
1019,b352,Just Wright,2010,Sanaa Hamri,"Queen Latifah, Common, Paula Patton, Phylicia Rashad","Comedy, Romance",101
1019,a369,Just Wright,2010,Sanaa Hamri,"Queen Latifah, Common, Paula Patton","Comedy, Romance, Sport",100
1020,a498,Big Mommas: Like Father Like Son,2011,John Whitesell,"Martin Lawrence, Brandon T. Jackson, Jessica Lucas","Action, Comedy, Crime",107
1020,b1027,Big Mommas: Like Father Like Son,2011,John Whitesell,"Martin Lawrence, Brandon T. Jackson, Jessica Lucas, Michelle Ang",Comedy,107
1021,a2462,I Am Legend,2007,Francis Lawrence,"Will Smith, Alice Braga, Charlie Tahan","Drama, Sci-Fi, Thriller",101
1021,d3135,i am legend,2007,Francis Lawrence,"Will Smith,Alice Braga,Charlie Tahan,Salli Richardson,Willow Smith","Science Fiction, Thriller",101
1021,b2246,I Am Legend,2007,Francis Lawrence,"Will Smith, Alice Braga, Salli Richardson-Whi..., Charlie Tahan","Drama, Action & Adventure, Science Fiction & Fantasy",100
1022,a2181,God Grew Tired of Us,2007,Christopher Dillon Quinn,"Panther Bior, John Bul Dau, Nicole Kidman",Documentary,89
1022,b1924,God Grew Tired Of Us,2007,Christopher Dillon Quinn,"Nicole Kidman, John Bul Dau, Panther Bior, Daniel Abul Pach","Documentary, Special Interest",89
1023,b2416,At Any Price,2013,Ramin Bahrani,"Dennis Quaid, Zac Efron, Kim Dickens, Heather Graham",Drama,105
1023,a2647,At Any Price,2013,Ramin Bahrani,"Dennis Quaid, Zac Efron, Kim Dickens","Drama, Thriller",105
1023,d1667,at any price,2012,Ramin Bahrani,"Zac Efron,Dennis Quaid,Heather Graham,Clancy Brown,Red West",Drama,105
1024,a1066,The Unborn,2009,David S. Goyer,"Odette Annable, Gary Oldman, Cam Gigandet","Drama, Horror, Mystery, Thriller",88
1024,b989,The Unborn,2009,David S. Goyer,"Odette Annable, Gary Oldman, Cam Gigandet, Meagan Good","Mystery & Suspense, Horror",88
1025,d1525,battle of the year,2013,Benson Lee,"Josh Holloway,Laz Alonso,Josh Peck,Caity Lotz,Chris Brown,Terrence Jenkins,Weronika Rosati,Ivan 'Flipz' Velez,Jesse Erwin,Steve Terada","Drama, Musical",
1025,b2423,Battle of the Year,2013,Benson Lee,"Josh Holloway, Laz Alonso, Sawandi Wilson, Josh Peck","Drama, Musical & Performing Arts, Special Interest",109
1025,a2655,Battle of the Year,2013,Benson Lee,"Josh Holloway, Laz Alonso, Josh Peck",Music,110
1026,b1533,Shall We Dance,2004,Peter Chelsom,"Richard Gere, Jennifer Lopez, Susan Sarandon, Stanley Tucci","Drama, Romance, Comedy",95
1026,a1753,Shall We Dance,2004,Peter Chelsom,"Richard Gere, Jennifer Lopez, Susan Sarandon","Comedy, Drama, Romance",106
1027,b132,Finding Nemo,2003,Andrew Stanton,"Albert Brooks, Ellen DeGeneres, Alexander Gould, Willem Dafoe","Animation, Kids & Family, Comedy",100
1027,a137,Finding Nemo,2003,Andrew Stanton,"Albert Brooks, Ellen DeGeneres, Alexander Gould","Animation, Adventure, Comedy, Family",100
1028,b2760,Chill Factor,1999,Hugh Johnson,"Cuba Gooding Jr., Skeet Ulrich, David Paymer, Peter Firth","Mystery & Suspense, Action & Adventure",102
1028,c3307,Chill Factor,1999,Hugh Johnson,"Cuba Gooding Jr., Skeet Ulrich, Peter Firth","Action, Adventure, Comedy",102
1029,a1991,The Thing About My Folks,2005,Raymond De Felitta,"Paul Reiser, Peter Falk, Olympia Dukakis","Comedy, Drama",96
1029,b1756,The Thing About My Folks,2005,Raymond De Felitta,"Peter Falk, Paul Reiser, Olympia Dukakis, Elizabeth Perkins",Comedy,94
1030,b541,Just Go with It,2011,Dennis Dugan,"Adam Sandler, Jennifer Aniston, Nicole Kidman, Brooklyn Decker","Comedy, Romance",116
1030,a576,Just Go with It,2011,Dennis Dugan,"Adam Sandler, Jennifer Aniston, Brooklyn Decker","Comedy, Romance",117
1030,d2347,just go with it,2011,Dennis Dugan,"Adam Sandler,Jennifer Aniston,Nicole Kidman,Nick Swardson,Brooklyn Decker,Bailee Madison,Griffin Gluck,Dave Matthews,Kevin Nealon","Comedy, Romance",117
1031,a2642,American Hustle,2013,David O. Russell,"Christian Bale, Amy Adams, Bradley Cooper","Crime, Drama",138
1031,b2412,American Hustle,2013,David O. Russell,"Christian Bale, Bradley Cooper, Amy Adams, Jeremy Renner",Drama,129
1031,d1322,american hustle,2013,David O. Russell,"Christian Bale,Bradley Cooper,Amy Adams,Jeremy Renner,Jennifer Lawrence,Louis C.K.,Jack Huston,Michael Pena,Elisabeth Röhm","Crime, Drama",
1032,a1384,Along Came a Spider,2001,Lee Tamahori,"Morgan Freeman, Michael Wincott, Monica Potter",Thriller,104
1032,b1204,Along Came a Spider,2001,Lee Tamahori,"Morgan Freeman, Monica Potter, Michael Wincott, Mika Boorem","Mystery & Suspense, Drama",103
1033,b842,Carriers,2009,David Pastor,"Lou Taylor Pucci, Chris Pine, Piper Perabo, Emily VanCamp","Drama, Horror, Mystery & Suspense, Science Fiction & Fantasy",84
1033,a904,Carriers,2009,David Pastor,"Chris Pine, Piper Perabo, Lou Taylor Pucci","Drama, Horror, Sci-Fi, Thriller",84
1034,a2465,I Think I Love My Wife,2007,Chris Rock,"Chris Rock, Kerry Washington, Gina Torres","Comedy, Drama, Romance",90
1034,b2249,I Think I Love My Wife,2007,Chris Rock,"Chris Rock, Kerry Washington, Gina Torres, Steve Buscemi",Comedy,93
1035,b3013,The Mask of Zorro,1998,Martin Campbell,"Antonio Banderas, Anthony Hopkins, Catherine Zeta-Jones, Stuart Wilson","Action & Adventure, Romance",136
1035,c3423,The Mask of Zorro,1998,Martin Campbell,"Antonio Banderas, Anthony Hopkins, Catherine Zeta-Jones","Action, Adventure, Comedy",136
1036,a2540,Passage to Zarahemla,2007,Chris Heimerdinger,"Summer Naomi Smart, Moronai Kanekoa, Brian Kary","Adventure, Fantasy",90
1036,b2314,Passage to Zarahemla,2007,Chris Heimerdinger,"Summer Naomi Smart, Moronai Kanekoa, Brian Kary, Alex Petrovich",Action & Adventure,107
1037,a2641,Alone Yet Not Alone,2013,Ray Bengston,"Kelly Greyson, Natalie Racoosin, Jenn Gotzon",History,103
1037,b2411,Alone Yet Not Alone,2013,Ray Bengston,"Kelly Greyson, Natalie Racoosin, Clay Walker, Jenn Gotzon","Drama, Special Interest",103
1038,a2749,Go for Sisters,2013,John Sayles,"LisaGay Hamilton, Yolonda Ross, Edward James Olmos","Crime, Drama, Thriller",123
1038,b2512,Go For Sisters,2013,John Sayles,"Lisa Gay Hamilton, LisaGay Hamilton, Edward James Olmos, Yolonda Ross",Drama,122
1038,d1478,go for sisters,2013,John Sayles,"LisaGay Hamilton,Yolonda Ross,Edward James Olmos,Héctor Elizondo,Isaiah Washington",,123
1039,b896,I Love You Beth Cooper,2009,Chris Columbus,"Hayden Panettiere, Paul Rust, Jack Carpenter, Lauren London",Comedy,102
1039,d2738,"i love you, beth cooper",2009,Chris Columbus,"Hayden Panettiere,Paul Rust,Jack Carpenter,Lauren London,Lauren Storm,Shawn Roberts,Jared Keeso,Brendan Penny,Marie Avgeropoulos,Josh Emerson,Alan Ruck,Cynthia Stevenson,Pat Finn","Comedy, Romance",102
1039,a963,I Love You Beth Cooper,2009,Chris Columbus,"Hayden Panettiere, Paul Rust, Jack Carpenter","Comedy, Romance",102
1040,a1398,Bandits,2001,Barry Levinson,"Bruce Willis, Billy Bob Thornton, Cate Blanchett","Comedy, Crime, Drama, Romance",123
1040,b1216,Bandits,2001,Barry Levinson,"Bruce Willis, Billy Bob Thornton, Cate Blanchett, Troy Garity","Drama, Comedy",122
1041,c345,Young Ones,2014,Jake Paltrow,"Nicholas Hoult, Kodi Smit-McPhee, Michael Shannon","Action, Drama, Sci-Fi",100
1041,d957,young ones,2014,Jake Paltrow,"Nicholas Hoult,Elle Fanning,Michael Shannon,Kodi Smit-McPhee","Action, Drama, Science Fiction",100
1042,b944,Not Forgotten,2009,Dror Soref,"Simon Baker, Paz Vega, Michael DeLorenzo, Michael De Lorenzo",Mystery & Suspense,97
1042,a1015,Not Forgotten,2009,Dror Soref,"Simon Baker, Paz Vega, Michael DeLorenzo",Thriller,96
1043,b3121,Wrongfully Accused,1998,Pat Proft,"Leslie Nielsen, Richard Crenna, Kelly LeBrock, Kelly Le Brock",Comedy,86
1043,c3437,Wrongfully Accused,1998,Pat Proft,"Leslie Nielsen, Richard Crenna, Kelly LeBrock","Action, Comedy, Thriller",87
1044,a1364,The Watcher,2000,Joe Charbanic,"James Spader, Keanu Reeves, Marisa Tomei","Crime, Horror, Mystery, Thriller",97
1044,b1183,The Watcher,2000,Joe Charbanic,"James Spader, Keanu Reeves, Marisa Tomei, Ernie Hudson","Mystery & Suspense, Drama",97
1045,d2236,don't be afraid of the dark,2011,Troy Nixey,"Katie Holmes,Guy Pearce,Bailee Madison,Jack Thompson","Horror, Thriller",99
1045,a524,Don't Be Afraid of the Dark,2011,Troy Nixey,"Katie Holmes, Guy Pearce, Bailee Madison","Fantasy, Horror, Thriller",99
1046,a1172,Fracture,2007,Gregory Hoblit,"Anthony Hopkins, Ryan Gosling, David Strathairn","Crime, Drama, Mystery, Thriller",113
1046,b2211,Fracture,2007,Gregory Hoblit,"Anthony Hopkins, Ryan Gosling, David Strathairn, Rosamund Pike","Mystery & Suspense, Drama",113
1047,b2434,Big Sur,2013,Michael Polish,"Jean-Marc Barr, Kate Bosworth, Josh Lucas, Radha Mitchell","Drama, Special Interest",100
1047,d1436,big sur,2013,Michael Polish,"Kate Bosworth,Stana Katic,Josh Lucas,Henry Thomas,Radha Mitchell,Jean-Marc Barr,Anthony Edwards,Balthazar Getty,Nora Kirkpatrick,Patrick Fischler",,100
1047,a2663,Big Sur,2013,Michael Polish,"Jean-Marc Barr, Kate Bosworth, Josh Lucas",Drama,81
1048,d1590,we are what we are,2013,Jim Mickle,"Bill Sage,Ambyr Childers,Julia Garner,Michael Parks,Wyatt Russell,Kelly McGillis,Nick Damici,Jack Gore",,100
1048,a2961,We Are What We Are,2013,Jim Mickle,"Bill Sage, Ambyr Childers, Julia Garner","Drama, Horror, Thriller",105
1048,b2707,We Are What We Are,2013,Jim Mickle,"Bill Sage, Ambyr Childers, Julia Garner, Jack Turner","Drama, Horror, Mystery & Suspense",100
1049,b255,A Thousand Words,2012,Brian Robbins,"Eddie Murphy, Kerry Washington, Cliff Curtis, Clark Duke","Drama, Comedy",91
1049,a259,A Thousand Words,2012,Brian Robbins,"Eddie Murphy, Cliff Curtis, Kerry Washington","Comedy, Drama",91
1049,d2061,a thousand words,2012,Brian Robbins,"Eddie Murphy,Kerry Washington,Clark Duke,Cliff Curtis,Alison Janney,Ruby Dee,Lou Saliba","Comedy, Drama, Romance",91
1050,b765,Sleepwalking,2008,Bill Maher,"Charlize Theron, Nick Stahl, Annasophia Robb, Dennis Hopper",Drama,101
1050,a822,Sleepwalking,2008,Bill Maher,"Charlize Theron, Nick Stahl, AnnaSophia Robb",Drama,101
1051,a1735,The Perfect Score,2004,Brian Robbins,"Scarlett Johansson, Erika Christensen, Chris Evans","Comedy, Crime",93
1051,b1517,The Perfect Score,2004,Brian Robbins,"Erika Christensen, Scarlett Johansson, Chris Evans, Bryan Greenberg","Drama, Mystery & Suspense, Comedy",92
1052,a1540,Save the Last Dance,2001,Thomas Carter,"Julia Stiles, Sean Patrick Thomas, Kerry Washington","Drama, Music, Romance",112
1052,b1339,Save the Last Dance,2001,Thomas Carter,"Julia Stiles, Sean Patrick Thomas, Kerry Washington, Fredro Starr","Drama, Romance",112
1053,b1482,The Life and Death of Peter Sellers,2004,Stephen Hopkins,"Geoffrey Rush, Charlize Theron, Emily Watson, John Lithgow","Drama, Comedy",129
1053,a1698,The Life and Death of Peter Sellers,2004,Stephen Hopkins,"Geoffrey Rush, Charlize Theron, Emily Watson","Biography, Comedy, Drama, Romance",122
1054,a2757,Grown Ups 2,2013,Dennis Dugan,"Adam Sandler, Kevin James, Chris Rock",Comedy,101
1054,b2520,Grown Ups 2,2013,Dennis Dugan,"Kevin James, Oliver Cooper, Adam Sandler, Chris Rock",Comedy,101
1055,a1359,Up at the Villa,2000,Philip Haas,"Kristin Scott Thomas, Sean Penn, Anne Bancroft","Drama, Romance",115
1055,b1178,Up at the Villa,2000,Philip Haas,"Kristin Scott Thomas, Kristin Scott-Thomas..., Sean Penn, Anne Bancroft","Drama, Romance, Mystery & Suspense",114
1056,b804,The Women,2008,Diane English,"Meg Ryan, Annette Bening, Eva Mendes, Debra Messing","Drama, Comedy",114
1056,a860,The Women,2008,Diane English,"Meg Ryan, Eva Mendes, Annette Bening","Comedy, Drama",114
1056,d2952,the women,2008,Diane English,"Meg Ryan,Annette Bening,Eva Mendes,Debra Messing,Jada Pinkett Smith,Bette Midler,Candice Bergen,Carrie Fisher,Cloris Leachman,Debi Mazar,India Ennenga","Comedy, Drama, Romance",114
1057,d3072,lions for lambs,2007,Robert Redford,"Robert Redford,Meryl Streep,Tom Cruise,Michael Pena,Derek Luke,Andrew Garfield,Peter Berg,Kevin Dunn","Action, Adventure, Drama, History",92
1057,b2271,Lions for Lambs,2007,Robert Redford,"Robert Redford, Meryl Streep, Tom Cruise, Michael Pea",Drama,92
1057,a2491,Lions for Lambs,2007,Robert Redford,"Tom Cruise, Meryl Streep, Robert Redford","Drama, Thriller, War",92
1058,b1147,Scream 3,2000,Wes Craven,"Neve Campbell, David Arquette, Courteney Cox, Parker Posey",Horror,116
1058,a1325,Scream 3,2000,Wes Craven,"David Arquette, Neve Campbell, Courteney Cox","Horror, Mystery",116
1059,a1314,Remember the Titans,2000,Boaz Yakin,"Denzel Washington, Will Patton, Wood Harris","Biography, Drama, Sport",113
1059,b1137,Remember the Titans,2000,Boaz Yakin,"Denzel Washington, Will Patton, Wood Harris, Ryan Hurst",Drama,113
1060,d2677,adam,2009,Max Mayer,"Hugh Dancy,Rose Byrne,Frankie Faison,Mark Linn Baker,Amy Irving,Peter Gallagher","Drama, Indie, Romance",99
1060,a871,Adam,2009,Max Mayer,"Hugh Dancy, Rose Byrne, Peter Gallagher","Drama, Romance",99
1060,b813,Adam,2009,Max Mayer,"Hugh Dancy, Rose Byrne, Peter Gallagher, Amy Irving","Drama, Romance",99
1061,b1334,Riding in Cars With Boys,2001,Penny Marshall,"Drew Barrymore, Steve Zahn, Adam Garcia, Brittany Murphy","Drama, Comedy",131
1061,a1534,Riding in Cars with Boys,2001,Penny Marshall,"Drew Barrymore, Steve Zahn, Adam Garcia","Biography, Comedy, Drama",132
1062,b1307,Monsoon Wedding,2002,Mira Nair,"Naseeruddin Shah, Lillete Dubey, Shefali Shetty, Vijay Raaz","Drama, Romance, Comedy",114
1062,a1503,Monsoon Wedding,2002,Mira Nair,"Naseeruddin Shah, Lillete Dubey, Shefali Shetty","Comedy, Drama, Romance",114
1063,a1576,Valentine,2001,Jamie Blanks,"Denise Richards, David Boreanaz, Marley Shelton","Horror, Thriller",96
1063,b1376,Valentine,2001,Jamie Blanks,"Denise Richards, David Boreanaz, Marley Shelton, Jessica Capshaw","Mystery & Suspense, Horror",96
1064,b639,Beer for My Horses,2008,Michael Salomon,"Toby Keith, Rodney Carrington, Ted Nugent, Claire Forlani",Comedy,89
1064,a684,Beer for My Horses,2008,Michael Salomon,"Toby Keith, Rodney Carrington, Claire Forlani",Comedy,86
1065,a1659,Finding Neverland,2004,Marc Forster,"Johnny Depp, Kate Winslet, Julie Christie","Biography, Drama, Family",106
1065,b1441,Finding Neverland,2004,Marc Forster,"Johnny Depp, Kate Winslet, Julie Christie, Nick Roud",Drama,101
1066,b2090,Step Up,2006,Anne Fletcher,"Channing Tatum, Jenna Dewan Tatum, Damaine Radcliff, Mario",Drama,103
1066,a2373,Step Up,2006,Anne Fletcher,"Channing Tatum, Jenna Dewan Tatum, Damaine Radcliff","Crime, Drama, Music, Romance",104
1067,a368,The Joneses,2010,Derrick Borte,"Demi Moore, David Duchovny, Amber Heard","Comedy, Drama",96
1067,b351,The Joneses,2010,Derrick Borte,"David Duchovny, Demi Moore, Amber Heard, Gary Cole","Drama, Kids & Family, Comedy",93
1067,d2521,the joneses,2010,Derrick Borte,"David Duchovny,Demi Moore,Amber Heard,Ben Hollingsworth,Lauren Hutton,Gary Cole,Glenne Headly","Comedy, Drama, Indie",96
1068,a1093,Afghan Knights,2007,Allan Harmon,"Steve Bacic, Michael Madsen, Colin Lawrence","Adventure, Drama, Horror",90
1068,b2140,Afghan Knights,2007,Allan Harmon,"Michael Madsen, Francesco Quinn, Steve Bacic, Colin Lawrence","Drama, Action & Adventure, Horror, Mystery & Suspense",102
1069,a326,Edge of Darkness,2010,Martin Campbell,"Mel Gibson, Ray Winstone, Danny Huston","Crime, Drama, Mystery, Thriller",117
1069,d2552,edge of darkness,2010,Martin Campbell,"Mel Gibson,Ray Winstone,Danny Huston,Bojana Novakovic,Jay O. Sanders,Denis O'Hare","Crime, Drama, Mystery, Thriller",117
1069,b315,Edge of Darkness,2010,Martin Campbell,"Mel Gibson, Ray Winstone, Danny Huston, Bojana Novakovic","Mystery & Suspense, Drama",108
1070,c3295,The Boondock Saints,1999,Troy Duffy,"Willem Dafoe, Sean Patrick Flanery, Norman Reedus","Action, Crime, Thriller",108
1070,b2755,The Boondock Saints,1999,Troy Duffy,"Willem Dafoe, Sean Patrick Flanery, Norman Reedus, David Della Rocco","Drama, Action & Adventure, Mystery & Suspense, Comedy",110
1071,a199,Mirror Mirror,2012,Tarsem Singh,"Lily Collins, Julia Roberts, Armie Hammer","Adventure, Comedy, Drama, Family, Fantasy",106
1071,d2079,mirror mirror,2012,Tarsem Singh,"Julia Roberts,Lily Collins,Armie Hammer,Nathan Lane,Jordan Prentice,Mark Povinelli,Joe Gnoffo,Danny Woodburn,Sebastian Saraceno,Martin Klebba,Ronald Lee Clark,Robert Emms,Mare Winningham,Michael Lerner,Sean Bean","Adventure, Comedy, Drama, Family, Fantasy, Science Fiction",106
1071,b195,Mirror Mirror,2012,Tarsem Singh,"Julia Roberts, Lily Collins, Armie Hammer, Sean Bean",Science Fiction & Fantasy,95
1072,a1870,Fever Pitch,2005,Bobby Farrelly,"Drew Barrymore, Jimmy Fallon, Jason Spevack","Comedy, Drama, Romance, Sport",104
1072,b1641,Fever Pitch,2005,Bobby Farrelly,"Drew Barrymore, Jimmy Fallon, Jason Spevack, Jack Kehler","Comedy, Romance",98
1073,b2527,Hateship Loveship,2014,Liza Johnson,"Kristen Wiig, Guy Pearce, Nick Nolte, Hailee Steinfeld","Drama, Comedy",102
1073,d1293,hateship loveship,2014,Liza Johnson,"Kristen Wiig,Guy Pearce,Hailee Steinfeld,Jennifer Jason Leigh,Sami Gayle,Christine Lahti,Nick Nolte",Drama,104
1073,a2765,Hateship Loveship,2014,Liza Johnson,"Kristen Wiig, Guy Pearce, Hailee Steinfeld","Drama, Romance",104
1074,b1106,The Million Dollar Hotel,2000,Wim Wenders,"Jeremy Davies, Milla Jovovich, Mel Gibson, Jimmy Smits","Drama, Art House & International, Mystery & Suspense",122
1074,a1282,The Million Dollar Hotel,2000,Wim Wenders,"Jeremy Davies, Milla Jovovich, Mel Gibson","Drama, Mystery, Thriller",122
1075,b1067,Girlfight,2000,Karyn Kusama,"Michelle Rodriguez, Santiago Douglas, Jaime Tirelli, Ray Santiago","Sports & Fitness, Drama",110
1075,a1239,Girlfight,2000,Karyn Kusama,"Michelle Rodriguez, Santiago Douglas, Jaime Tirelli","Drama, Sport",110
1076,a249,Step Up Revolution,2012,Scott Speer,"Kathryn McCormick, Ryan Guzman, Cleopatra Coleman","Drama, Music, Romance",99
1076,b246,Step Up Revolution,2012,Scott Speer,"Kathryn McCormick, Ryan Guzman, Misha Gabriel, Cleopatra Coleman","Drama, Romance, Musical & Performing Arts",98
1076,d1929,step up revolution,2012,Scott Speer,"Kathryn McCormick,Ryan Guzman,Peter Gallagher,Cleopatra Coleman,Adam G. Sevani","Drama, Music, Romance",99
1077,b1484,Little Black Book,2004,Nick Hurran,"Brittany Murphy, Holly Hunter, Kathy Bates, Ron Livingston",Comedy,107
1077,a1700,Little Black Book,2004,Nick Hurran,"Brittany Murphy, Ron Livingston, Holly Hunter","Comedy, Romance, Drama",111
1078,b1190,Where the Money Is,2000,Marek Kanievska,"Paul Newman, Linda Fiorentino, Dermot Mulroney, Susan Barnes","Drama, Mystery & Suspense, Comedy",88
1078,a1371,Where the Money Is,2000,Marek Kanievska,"Paul Newman, Linda Fiorentino, Dermot Mulroney","Drama, Comedy, Crime",89
1079,a2471,The Invasion,2007,Oliver Hirschbiegel,"Nicole Kidman, Daniel Craig, Jeremy Northam","Sci-Fi, Thriller",99
1079,b2254,The Invasion,2007,Oliver Hirschbiegel,"Nicole Kidman, Daniel Craig, Jeremy Northam, Jeffrey Wright","Mystery & Suspense, Horror",99
1079,d3167,the invasion,2007,Oliver Hirschbiegel,"Nicole Kidman,Daniel Craig,Jeremy Northam,Jackson Bond,Jeffrey Wright,Veronica Cartwright","Science Fiction, Thriller",99
1080,b2409,Ain't Them Bodies Saints,2013,David Lowery,"Casey Affleck, Rooney Mara, Ben Foster, Keith Carradine",Drama,105
1080,d1615,ain't them bodies saints,2013,David Lowery,"Rooney Mara,Ben Foster,Casey Affleck,Keith Carradine,Rami Malek,Nate Parker,Charles Baker",Drama,90
1080,a2639,Ain't Them Bodies Saints,2013,David Lowery,"Rooney Mara, Casey Affleck, Ben Foster","Crime, Drama, Romance",96
1081,a2282,My Super Ex-Girlfriend,2006,Ivan Reitman,"Uma Thurman, Luke Wilson, Anna Faris","Comedy, Romance, Sci-Fi",95
1081,b2014,My Super Ex-Girlfriend,2006,Ivan Reitman,"Uma Thurman, Luke Wilson, Anna Faris, Eddie Izzard","Drama, Science Fiction & Fantasy, Comedy",95
1082,b2406,Admission,2013,Paul Weitz,"Tina Fey, Paul Rudd, Michael Sheen, Nat Wolff",Comedy,107
1082,a2636,Admission,2013,Paul Weitz,"Tina Fey, Paul Rudd, Nat Wolff","Comedy, Drama, Romance",107
1082,d1729,admission,2013,Paul Weitz,"Tina Fey,Paul Rudd,Nat Wolff,Lily Tomlin,Wallace Shawn",,117
1083,a158,Haywire,2012,Steven Soderbergh,"Gina Carano, Ewan McGregor, Michael Fassbender","Action, Thriller",93
1083,d2164,haywire,2012,Steven Soderbergh,"Gina Carano,Michael Fassbender,Ewan McGregor,Bill Paxton,Channing Tatum,Antonio Banderas,Michael Douglas","Action, Thriller",93
1083,b156,Haywire,2012,Steven Soderbergh,"Gina Carano, Ewan McGregor, Channing Tatum, Michael Fassbender","Drama, Action & Adventure, Mystery & Suspense",93
1083,c1222,Haywire,2011,Steven Soderbergh,"Gina Carano, Ewan McGregor, Michael Fassbender","Action, Thriller",93
1084,a1447,Get Over It,2001,Tommy O'Haver,"Kirsten Dunst, Ben Foster, Melissa Sagemiller","Comedy, Romance",87
1084,b1258,Get Over It,2001,Tommy O'Haver,"Kirsten Dunst, Ben Foster, Melissa Sagemiller, Sisqo","Comedy, Romance",87
1085,a2488,The Last Sin Eater,2007,Michael Landon Jr.,"Louise Fletcher, Henry Thomas, Liana Liberato",Drama,117
1085,b2268,The Last Sin Eater,2007,Michael Landon Jr.,"Louise Fletcher, Henry Thomas, Liana Liberato, Soren Fulton",Drama,118
1086,a1113,Because I Said So,2007,Michael Lehmann,"Diane Keaton, Mandy Moore, Gabriel Macht","Comedy, Romance",102
1086,b2159,Because I Said So,2007,Michael Lehmann,"Diane Keaton, Mandy Moore, Gabriel Macht, Tom Everett Scott","Drama, Romance, Comedy",101
1087,b1694,Lord of War,2005,Andrew Niccol,"Nicolas Cage, Jared Leto, Ethan Hawke, Bridget Moynahan","Drama, Action & Adventure, Mystery & Suspense",122
1087,a1925,Lord of War,2005,Andrew Niccol,"Nicolas Cage, Ethan Hawke, Jared Leto","Crime, Drama, Thriller",122
1088,b1751,Stay,2005,Marc Forster,"Ewan McGregor, Ryan Gosling, Naomi Watts, Kate Burton","Drama, Mystery & Suspense, Science Fiction & Fantasy",99
1088,a1985,Stay,2005,Marc Forster,"Ewan McGregor, Naomi Watts, Ryan Gosling","Drama, Mystery, Thriller",99
1089,a146,Fortress,1993,Stuart Gordon,"Christopher Lambert, Loryn Locklin, Kurtwood Smith","Action, Crime, Sci-Fi, Thriller",95
1089,c4236,Fortress,1992,Stuart Gordon,"Christopher Lambert, Loryn Locklin, Kurtwood Smith","Action, Crime, Sci-Fi",95
1089,b143,Fortress,1993,Stuart Gordon,"Christopher Lambert, Kurtwood Smith, Loryn Locklin, Lincoln Kilpatrick","Drama, Action & Adventure, Science Fiction & Fantasy",95
1090,b1563,Undertow,2004,David Gordon Green,"Jamie Bell, Josh Lucas, Devon Alan, Dermot Mulroney","Mystery & Suspense, Drama",120
1090,a1784,Undertow,2004,David Gordon Green,"Jamie Bell, Josh Lucas, Dermot Mulroney","Drama, Thriller",108
1091,d1838,won't back down,2012,Daniel Barnz,"Maggie Gyllenhaal,Viola Davis,Rosie Perez,Holly Hunter,Oscar Isaac,Bill Nunn",Drama,121
1091,b268,Won't Back Down,2012,Daniel Barnz,"Maggie Gyllenhaal, Viola Davis, Holly Hunter, Oscar Isaac",Drama,121
1091,a273,Won't Back Down,2012,Daniel Barnz,"Viola Davis, Maggie Gyllenhaal, Holly Hunter",Drama,121
1092,b1299,Legally Blonde,2001,Robert Luketic,"Reese Witherspoon, Luke Wilson, Selma Blair, Matthew Davis",Comedy,96
1092,a1490,Legally Blonde,2001,Robert Luketic,"Reese Witherspoon, Luke Wilson, Selma Blair","Comedy, Romance",96
1093,d1719,oz the great and powerful,2013,Sam Raimi,"James Franco,Michelle Williams,Mila Kunis,Rachel Weisz,Zach Braff,Abigail Spencer","Fantasy, Science Fiction",130
1093,a1828,Oz the Great and Powerful,2013,Sam Raimi,"James Franco, Michelle Williams, Rachel Weisz","Adventure, Family, Fantasy",130
1093,b2616,Oz the Great and Powerful,2013,Sam Raimi,"James Franco, Mila Kunis, Rachel Weisz, Michelle Williams",Science Fiction & Fantasy,127
1094,a472,Yogi Bear,2010,Eric Brevig,"Dan Aykroyd, Justin Timberlake, Anna Faris","Animation, Adventure, Comedy, Family",80
1094,b450,Yogi Bear,2010,Eric Brevig,"Dan Aykroyd, Justin Timberlake, Anna Faris, Tom Cavanagh","Action & Adventure, Animation, Kids & Family, Comedy",82
1095,a1310,Quills,2000,Philip Kaufman,"Geoffrey Rush, Kate Winslet, Joaquin Phoenix","Biography, Drama",124
1095,b1133,Quills,2000,Philip Kaufman,"Geoffrey Rush, Kate Winslet, Joaquin Phoenix, Michael Caine",Drama,124
1096,b1192,The Whole Nine Yards,2000,Jonathan Lynn,"Bruce Willis, Matthew Perry, Rosanna Arquette, Michael Clarke Dunca...",Comedy,98
1096,a1372,The Whole Nine Yards,2000,Jonathan Lynn,"Bruce Willis, Matthew Perry, Rosanna Arquette","Comedy, Crime",98
1097,b1721,The Perfect Man,2005,Mark Rosman,"Hilary Duff, Heather Locklear, Aria Wallace, Chris Noth","Comedy, Romance",100
1097,a1955,The Perfect Man,2005,Mark Rosman,"Hilary Duff, Heather Locklear, Aria Wallace","Comedy, Family, Romance",100
1098,b571,Peep World,2011,Barry W. Blaustein,"Michael C. Hall, Rainn Wilson, Sarah Silverman, Ben Schwartz",Comedy,79
1098,a607,Peep World,2011,Barry W. Blaustein,"Michael C. Hall, Sarah Silverman, Rainn Wilson","Comedy, Drama",79
1099,a1627,A Cinderella Story,2004,Mark Rosman,"Hilary Duff, Chad Michael Murray, Jennifer Coolidge","Comedy, Family, Romance",95
1099,b1411,A Cinderella Story,2004,Mark Rosman,"Hilary Duff, Jennifer Coolidge, Chad Michael Murray, Dan Byrd","Drama, Kids & Family, Romance, Comedy",95
1100,c154,Hero,2015,Nikhil Advani,"Sooraj Pancholi, Athiya Shetty, Tigmanshu Dhulia","Action, Drama, Romance",145
1100,b2531,Hero,2015,Nikhil Advani,"Sooraj Pancholi, Athiya Shetty, Tigmanshu Dhulia, Aditya Pancholi","Action & Adventure, Special Interest",145
1101,a601,No Strings Attached,2011,Ivan Reitman,"Natalie Portman, Ashton Kutcher, Kevin Kline","Comedy, Romance",108
1101,d2337,no strings attached,2011,Ivan Reitman,"Natalie Portman,Ashton Kutcher,Cary Elwes,Kevin Kline,Greta Gerwig,Lake Bell,Ophelia Lovibond,Olivia Thirlby,Chris Bridges,Jake Johnson","Comedy, Romance",108
1101,b566,No Strings Attached,2011,Ivan Reitman,"Natalie Portman, Ashton Kutcher, Kevin Kline, Cary Elwes","Television, Romance, Comedy",108
1102,b1556,Taking Lives,2004,D.J. Caruso,"Angelina Jolie, Ethan Hawke, Kiefer Sutherland, Gena Rowlands","Drama, Action & Adventure, Mystery & Suspense",106
1102,a1778,Taking Lives,2004,D.J. Caruso,"Angelina Jolie, Ethan Hawke, Kiefer Sutherland","Crime, Mystery, Thriller",103
1103,b311,Dirty Girl,2011,Abe Sylvia,"Juno Temple, Jeremy Dozier, Milla Jovovich, William H. Macy","Drama, Comedy",90
1103,a321,Dirty Girl,2011,Abe Sylvia,"Juno Temple, Jeremy Dozier, Milla Jovovich","Comedy, Drama",90
1104,b2342,Shadow Puppets,2007,Michael Winnick,"James Marsters, Tony Todd, Jolene Blalock, Marc Winnick","Mystery & Suspense, Horror",103
1104,a2568,Shadow Puppets,2007,Michael Winnick,"James Marsters, Tony Todd, Marc Winnick","Horror, Thriller",105
1105,b1504,Napoleon Dynamite,2004,Jared Hess,"Jon Heder, Jon Gries, Aaron Ruell, Efren Ramirez",Comedy,86
1105,a1722,Napoleon Dynamite,2004,Jared Hess,"Jon Heder, Efren Ramirez, Jon Gries",Comedy,96
1106,b932,Motherhood,2009,Katherine Dieckmann,"Uma Thurman, Anthony Edwards, Minnie Driver, Matthew Schallipp",Comedy,90
1106,d2584,motherhood,2009,Katherine Dieckmann,"Uma Thurman,Anthony Edwards,Minnie Driver,Daisy Tahan,Herself","Comedy, Drama",89
1106,a1002,Motherhood,2009,Katherine Dieckmann,"Uma Thurman, Anthony Edwards, Minnie Driver","Comedy, Drama",90
1107,a1112,Balls of Fury,2007,Robert Ben Garant,"Dan Fogler, Christopher Walken, George Lopez","Comedy, Crime, Sport",90
1107,d18,balls of fury,2007,,"Dan Fogler,Christopher Walken,George Lopez,Robert Patrick,James Hong,Maggie Q,Thomas Lennon,Patton Oswalt","Comedy, Sports Film",90
1107,b2158,Balls of Fury,2007,Robert Ben Garant,"Dan Fogler, Christopher Walken, George Lopez, Maggie Q","Action & Adventure, Comedy",90
1108,b2502,The Frozen Ground,2013,Scott Walker,"Nicolas Cage, John Cusack, Vanessa Hudgens, Dean Norris","Mystery & Suspense, Drama",105
1108,a2738,The Frozen Ground,2013,Scott Walker,"Nicolas Cage, Vanessa Hudgens, John Cusack","Biography, Crime, History, Thriller",105
1108,d1581,the frozen ground,2013,Scott Walker,"Nicolas Cage,Vanessa Anne Hudgens,John Cusack,Dean Norris,Radha Mitchell,50 Cent","Crime, Drama, Thriller",105
1109,a848,Vicky Cristina Barcelona,2008,Woody Allen,"Rebecca Hall, Scarlett Johansson, Javier Bardem","Drama, Romance",96
1109,b792,Vicky Cristina Barcelona,2008,Woody Allen,"Javier Bardem, Scarlett Johansson, Patricia Clarkson, Rebecca Hall","Drama, Romance, Comedy",96
1109,d2997,vicky cristina barcelona,2008,Woody Allen,"Javier Bardem,Rebecca Hall,Scarlett Johansson,Penelope Cruz,Chris Messina,Patricia Clarkson,Kevin Dunn","Comedy, Drama, Romance",96
1110,a2087,Casino Royale,2006,Martin Campbell,"Daniel Craig, Eva Green, Judi Dench","Action, Adventure, Thriller",144
1110,b1843,Casino Royale,2006,Martin Campbell,"Daniel Craig, Eva Green, Mads Mikkelsen, Judi Dench","Mystery & Suspense, Action & Adventure",144
1110,d4,casino royale,2007,Martin Campbell,"Daniel Craig,Eva Green,Judi Dench,Jeffrey Wright,Giancarlo Giannini,Mads Mikkelsen","Action, Adventure, Foreign, Thriller",144
1111,b2089,Stay Alive,2006,William Brent Bell,"Jon Foster, Frankie Muniz, Samaire Armstrong, Sophia Bush","Mystery & Suspense, Horror",86
1111,a2372,Stay Alive,2006,William Brent Bell,"Jon Foster, Samaire Armstrong, Frankie Muniz","Horror, Thriller",85
1112,a2009,Wedding Crashers,2005,David Dobkin,"Owen Wilson, Vince Vaughn, Rachel McAdams","Comedy, Romance",119
1112,b1420,Wedding Crashers,2005,David Dobkin,"Owen Wilson, Vince Vaughn, Rachel McAdams, Christopher Walken","Comedy, Romance",120
1113,a253,The Tall Man,2012,Pascal Laugier,"Jessica Biel, Jodelle Ferland, William B. Davis","Crime, Drama, Horror, Mystery, Thriller",106
1113,b250,The Tall Man,2012,Pascal Laugier,"Jessica Biel, Jodelle Ferland, William B. Davis, Stephen McHattie","Mystery & Suspense, Horror",100
1114,c3405,The Replacement Killers,1998,Antoine Fuqua,"Yun-Fat Chow, Mira Sorvino, Michael Rooker","Action, Crime, Drama",87
1114,b3066,The Replacement Killers,1998,Antoine Fuqua,"Yun-Fat Chow, Mira Sorvino, Michael Rooker, Jrgen Prochnow",Action & Adventure,87
1115,b1279,Jeepers Creepers,2001,Victor Salva,"Justin Long, Gina Philips, Jonathan Breck, Patricia Belcher","Mystery & Suspense, Horror",89
1115,a1470,Jeepers Creepers,2001,Victor Salva,"Gina Philips, Justin Long, Jonathan Breck",Horror,90
1116,b2269,License to Wed,2007,Ken Kwapis,"Robin Williams, Mandy Moore, John Krasinski, Eric Christian Olsen","Drama, Comedy",91
1116,a2489,License to Wed,2007,Ken Kwapis,"Mandy Moore, John Krasinski, Robin Williams","Comedy, Romance",91
1117,a1802,Without a Paddle,2004,Steven Brill,"Matthew Lillard, Seth Green, Dax Shepard","Adventure, Comedy, Mystery",95
1117,b1579,Without a Paddle,2004,Steven Brill,"Seth Green, Matthew Lillard, Dax Shepard, Burt Reynolds",Comedy,95
1118,b1944,The Holiday,2006,Nancy Meyers,"Cameron Diaz, Kate Winslet, Jude Law, Jack Black","Comedy, Romance",135
1118,a2204,The Holiday,2006,Nancy Meyers,"Kate Winslet, Cameron Diaz, Jude Law","Comedy, Romance",138
1119,a1048,Spread,2009,David Mackenzie,"Ashton Kutcher, Anne Heche, Margarita Levieva","Comedy, Drama, Romance",97
1119,b975,Spread,2009,David Mackenzie,"Ashton Kutcher, Anne Heche, Margarita Levieva, Sebastian Stan",Comedy,97
1120,a2291,Nightmare Man,2006,Rolfe Kanefsky,"Tiffany Shepis, Blythe Metz, Luciano Szafir","Comedy, Horror, Thriller",89
1120,b2021,Nightmare Man,2006,Rolfe Kanefsky,"Tiffany Shepis, Blythe Metz, Luciano Szafir, Hanna Putnam",Horror,89
1121,b619,We Bought a Zoo,2011,Cameron Crowe,"Matt Damon, Scarlett Johansson, Thomas Haden Church, Colin Ford","Drama, Comedy",126
1121,d2115,we bought a zoo,2011,Cameron Crowe,"Matt Damon,Scarlett Johansson,Thomas Haden Church,Patrick Fugit,Colin Ford,Elle Fanning,Angus MacFadyen","Comedy, Drama, Family",124
1121,a661,We Bought a Zoo,2011,Cameron Crowe,"Matt Damon, Scarlett Johansson, Thomas Haden Church","Comedy, Drama, Family",124
1122,b2187,Daddy Day Camp,2007,Fred Savage,"Cuba Gooding Jr., Richard Gant, Paul Rae, Lochlyn Munro",Comedy,85
1122,a1145,Daddy Day Camp,2007,Fred Savage,"Cuba Gooding Jr., Lochlyn Munro, Richard Gant","Comedy, Family",93
1123,a1089,300,2007,Zack Snyder,"Gerard Butler, Lena Headey, David Wenham","Action, Fantasy, War",117
1123,b2136,300,2007,Zack Snyder,"Gerard Butler, Lena Headey, David Wenham, Rodrigo Santoro","Drama, Action & Adventure",116
1124,b1635,Elizabethtown,2005,Cameron Crowe,"Orlando Bloom, Kirsten Dunst, Susan Sarandon, Alec Baldwin","Drama, Romance, Comedy",123
1124,a1863,Elizabethtown,2005,Cameron Crowe,"Orlando Bloom, Kirsten Dunst, Susan Sarandon","Comedy, Drama, Romance",123
1125,d2610,the twilight saga: new moon,2009,Chris Weitz,"Kristen Stewart,Robert Pattinson,Billy Burke,Anna Kendrick,Michael Welch,Justin Chon,Christian Serratos,Taylor Lautner,Ashley Greene,Cam Gigandet,Aro","Adventure, Drama, Family, Fantasy, Romance, Science Fiction",130
1125,a1008,The Twilight Saga: New Moon,2009,Chris Weitz,"Kristen Stewart, Robert Pattinson, Taylor Lautner","Adventure, Drama, Fantasy, Romance",130
1125,b938,The Twilight Saga: New Moon,2009,Chris Weitz,"Kristen Stewart, Robert Pattinson, Taylor Lautner, Ashley Greene","Horror, Romance, Mystery & Suspense, Science Fiction & Fantasy",130
1126,a1884,Green Street Hooligans,2005,Lexi Alexander,"Elijah Wood, Charlie Hunnam, Claire Forlani","Crime, Drama, Sport",109
1126,b1653,Green Street Hooligans,2005,Lexi Alexander,"Elijah Wood, Charlie Hunnam, Claire Forlani, Marc Warren",Drama,106
1127,d3068,august rush,2007,Kirsten Sheridan,"Freddie Highmore,Keri Russell,Jonathan Rhys-Meyers,Robin Williams,William Sadler","Drama, Family, Music, Romance",114
1127,b2156,August Rush,2007,Kirsten Sheridan,"Freddie Highmore, Keri Russell, Jonathan Rhys Meyers, Terrence Howard","Drama, Romance",114
1127,a1109,August Rush,2007,Kirsten Sheridan,"Freddie Highmore, Keri Russell, Jonathan Rhys Meyers","Drama, Music",114
1128,a762,The Love Guru,2008,Marco Schnabel,"Mike Myers, Jessica Alba, Romany Malco","Comedy, Romance, Sport",87
1128,d3030,the love guru,2008,Marco Schnabel,"Mike Myers,Jessica Alba,Justin Timberlake,Romany Malco,Meagan Good,Verne Troyer,Ben Kingsley,Stephen Colbert","Comedy, Romance, Sport",87
1128,b712,The Love Guru,2008,Marco Schnabel,"Mike Myers, Jessica Alba, Justin Timberlake, Romany Malco",Comedy,87
1129,a1150,Day Zero,2007,Bryan Gunnar Cole,"Elijah Wood, Chris Klein, Jon Bernthal",Drama,92
1129,b2192,Day Zero,2007,Bryan Gunnar Cole,"Elijah Wood, Jon Bernthal, Chris Klein, Ginnifer Goodwin",Drama,93
1130,a413,Passion Play,2011,Mitch Glazer,"Mickey Rourke, Megan Fox, Bill Murray","Drama, Fantasy, Romance",94
1130,b395,Passion Play,2011,Mitch Glazer,"Mickey Rourke, Megan Fox, Bill Murray, Kelly Lynch","Mystery & Suspense, Drama",94
1131,b1729,Red Eye,2005,Wes Craven,"Rachel McAdams, Cillian Murphy, Brian Cox, Jayma Mays","Mystery & Suspense, Action & Adventure",85
1131,a1963,Red Eye,2005,Wes Craven,"Rachel McAdams, Cillian Murphy, Brian Cox","Mystery, Thriller",85
1132,d2216,a.i. artificial intelligence,2001,Steven Spielberg,"Haley Joel Osment,Jude Law,William Hurt,Frances O'Connor,Sam Robards,Brendan Gleeson","Drama, Horror, Science Fiction",145
1132,a1380,A.I. Artificial Intelligence,2001,Steven Spielberg,"Haley Joel Osment, Jude Law, Frances O'Connor","Adventure, Drama, Sci-Fi",146
1132,b1200,A.I. Artificial Intelligence,2001,Steven Spielberg,"Haley Joel Osment, Frances O'Connor, Jude Law, Sam Robards","Drama, Science Fiction & Fantasy",145
1133,b2455,The Canyons,2013,Paul Schrader,"Lindsay Lohan, James Deen, Nolan Gerard Funk, Amanda Brooks","Mystery & Suspense, Drama",100
1133,a2684,The Canyons,2013,Paul Schrader,"Lindsay Lohan, James Deen, Nolan Gerard Funk","Drama, Thriller",99
1133,d1638,the canyons,2013,Paul Schrader,"Lindsay Lohan,James Deen,Gus Van Sant,Nolan Gerard Funk,Amanda Brooks,Tenille Houston",Thriller,
1134,c3298,Deep Blue Sea,1999,Renny Harlin,"Thomas Jane, Saffron Burrows, Samuel L. Jackson","Action, Sci-Fi, Thriller",105
1134,b2768,Deep Blue Sea,1999,Renny Harlin,"Samuel L. Jackson, Saffron Burrows, Thomas Jane, LL Cool J","Drama, Action & Adventure, Horror, Mystery & Suspense, Science Fiction & Fantasy",100
1135,a1319,Road Trip,2000,Todd Phillips,"Breckin Meyer, Seann William Scott, Amy Smart",Comedy,93
1135,b1142,Road Trip,2000,Todd Phillips,"Breckin Meyer, Seann William Scott, Amy Smart, Paulo Costanzo",Comedy,93
1136,b710,Last Chance Harvey,2009,Joel Hopkins,"Dustin Hoffman, Emma Thompson, Eileen Atkins, Kathy Baker","Drama, Romance",93
1136,a760,Last Chance Harvey,2009,Joel Hopkins,"Dustin Hoffman, Emma Thompson, Kathy Baker","Drama, Romance",93
1136,d2861,last chance harvey,2009,Joel Hopkins,"Dustin Hoffman,Emma Thompson,Liane Balaban,James Brolin,Eileen Atkins,Kathy Baker,Richard Schiff","Comedy, Drama, Romance",92
1137,a1818,Bad News Bears,2005,Richard Linklater,"Billy Bob Thornton, Greg Kinnear, Marcia Gay Harden","Comedy, Family, Sport",113
1137,b1594,Bad News Bears,2005,Richard Linklater,"Billy Bob Thornton, Greg Kinnear, Marcia Gay Harden, Sammi Kane Kraft",Comedy,113
1138,a2837,Lone Survivor,2014,Peter Berg,"Mark Wahlberg, Taylor Kitsch, Emile Hirsch","Action, Biography, Drama, Thriller, War",121
1138,c568,Lone Survivor,2013,Peter Berg,"Mark Wahlberg, Taylor Kitsch, Emile Hirsch","Action, Biography, Drama",121
1138,d1335,lone survivor,2013,Peter Berg,"Mark Wahlberg,Taylor Kitsch,Emile Hirsch,Ben Foster,Eric Bana,Sammy Sheik,Alexander Ludwig,Scott Elrod,Ali Suliman,Rich Ting,Dan Bilzerian","Action, Drama",
1138,b2592,Lone Survivor,2014,Peter Berg,"Ben Foster, Mark Wahlberg, Emile Hirsch, Taylor Kitsch","Drama, Action & Adventure",122
1139,c166,Flight World War II,2015,Emile Edwin Smith,"Faran Tahir, Robbie Kay, Aqueela Zoll","Action, Adventure, Sci-Fi",85
1139,b137,Flight World War II,2015,Emile Edwin Smith,"Faran Tahir, Robbie Kay, Aqueela Zoll, Matias Ponce","Action & Adventure, Special Interest",85
1140,b675,Flash of Genius,2008,Marc Abraham,"Greg Kinnear, Lauren Graham, Dermot Mulroney, Alan Alda",Drama,120
1140,a722,Flash of Genius,2008,Marc Abraham,"Greg Kinnear, Lauren Graham, Alan Alda","Biography, Drama",119
1140,d2921,flash of genius,2008,Marc Abraham,"Greg Kinnear,Lauren Graham,Dermot Mulroney,Alan Alda,Jake Abel,Bill Smitrovich",Drama,119
1141,b434,Toy Story 3,2010,Lee Unkrich,"Tom Hanks, Tim Allen, Joan Cusack, Ned Beatty","Animation, Kids & Family, Science Fiction & Fantasy, Comedy",103
1141,d2410,toy story 3,2010,Lee Unkrich,"Tim Allen,Michael Keaton,Don Rickles,Joan Cusack,Ned Beatty,Wallace Shawn,John Ratzenberger,Estelle Harris,Timothy Dalton,John Morris,Laurie Metcalf,Jodi Benson,Tom Hanks","Animation, Family",103
1141,a456,Toy Story 3,2010,Lee Unkrich,"Tom Hanks, Tim Allen, Joan Cusack","Animation, Adventure, Comedy, Family, Fantasy",103
1142,b2586,The Lifeguard,2013,Liz W. Garcia,"Kristen Bell, Mamie Gummer, Martin Starr, Alex Shaffer","Drama, Comedy",97
1142,a2830,The Lifeguard,2013,Liz W. Garcia,"Kristen Bell, Mamie Gummer, Martin Starr","Drama, Romance",98
1142,d1587,the lifeguard,2013,Liz W. Garcia,"Kristen Bell,Mamie Gummer,Martin Starr,Alex Shaffer,Amy Madigan,Joshua Harto","Comedy, Drama, Romance",94
1143,b383,Morning Glory,2010,Roger Michell,"Rachel McAdams, Harrison Ford, Diane Keaton, Patrick Wilson",Comedy,107
1143,d2288,morning glory,2010,Roger Michell,"Rachel McAdams,Harrison Ford,Diane Keaton,Jeff Goldblum,Patrick Wilson,John Pankow,Matt Malloy,Patti D'Arbanville",Comedy,102
1143,a401,Morning Glory,2010,Roger Michell,"Rachel McAdams, Harrison Ford, Diane Keaton","Comedy, Drama, Romance",107
1144,a91,The Collection,2012,Marcus Dunstan,"Josh Stewart, Emma Fitzpatrick, Christopher McDonald","Horror, Thriller",82
1144,b91,The Collection,2012,Marcus Dunstan,"Josh Stewart, Emma Fitzpatrick, Christopher McDonald, Lee Tergesen","Action & Adventure, Horror, Mystery & Suspense",81
1145,b647,Choke,2008,Clark Gregg,"Sam Rockwell, Anjelica Huston, Kelly Macdonald, Brad William Henke","Drama, Comedy",92
1145,d2912,choke,2008,Clark Gregg,"Sam Rockwell,Angelica Huston,Brian William Henke,Kelly MacDonald,Clark Gregg,Joel Grey","Comedy, Drama, Indie",89
1145,a694,Choke,2008,Clark Gregg,"Sam Rockwell, Anjelica Huston, Kelly Macdonald","Comedy, Drama",92
1146,b2062,Saw III,2006,Darren Lynn Bousman,"Tobin Bell, Shawnee Smith, Angus Macfadyen, Bahar Soomekh","Mystery & Suspense, Horror",108
1146,a2343,Saw III,2006,Darren Lynn Bousman,"Tobin Bell, Shawnee Smith, Angus Macfadyen","Horror, Mystery",108
1147,a671,27 Dresses,2008,Anne Fletcher,"Katherine Heigl, James Marsden, Malin Akerman","Comedy, Romance",111
1147,b627,27 Dresses,2008,Anne Fletcher,"Katherine Heigl, James Marsden, Malin Akerman, Edward Burns","Comedy, Romance",111
1148,b2264,Knocked Up,2007,Judd Apatow,"Katherine Heigl, Seth Rogen, Paul Rudd, Leslie Mann","Comedy, Romance",129
1148,a2483,Knocked Up,2007,Judd Apatow,"Seth Rogen, Katherine Heigl, Paul Rudd","Comedy, Drama, Romance",129
1149,b126,Evidence,2013,Olatunde Osunsanmi,"Stephen Moyer, Radha Mitchell, Dale Dickey, Caitlin Stasey","Mystery & Suspense, Horror",94
1149,a130,Evidence,2013,Olatunde Osunsanmi,"Stephen Moyer, Radha Mitchell, Caitlin Stasey","Horror, Mystery, Thriller",94
1149,d1624,evidence,2013,Olatunde Osunsanmi,"Radha Mitchell,Stephen Moyer,Torrey DeVitto,Nolan Gerard Funk,Dale Dickey","Horror, Thriller",94
1150,a1895,Hostel,2006,Eli Roth,"Jay Hernandez, Derek Richardson, Eythor Gudjonsson",Horror,94
1150,b1666,Hostel,2006,Eli Roth,"Jay Hernandez, Derek Richardson, Eythor Gudjonsson, Shane Daly",Horror,94
1151,a1484,Kissing Jessica Stein,2002,Charles Herman-Wurmfeld,"Jennifer Westfeldt, Heather Juergensen, Tovah Feldshuh","Comedy, Drama, Romance",97
1151,b1293,Kissing Jessica Stein,2002,Charles Herman-Wurmfeld,"Jennifer Westfeldt, Heather Juergensen, Tovah Feldshuh, Scott Cohen","Comedy, Romance",94
1152,b2907,Virus,1999,John Bruno,"Jamie Lee Curtis, William Baldwin, Donald Sutherland, Joanna Pacula","Action & Adventure, Horror, Science Fiction & Fantasy",100
1152,c3273,Virus,1999,John Bruno,"Jamie Lee Curtis, William Baldwin, Donald Sutherland","Action, Horror, Thriller",99
1153,a2548,Premonition,2007,Mennan Yapo,"Sandra Bullock, Julian McMahon, Amber Valletta","Drama, Fantasy, Mystery, Sci-Fi, Thriller",96
1153,b2320,Premonition,2007,Mennan Yapo,"Sandra Bullock, Julian McMahon, Nia Long, Amber Valletta","Drama, Mystery & Suspense, Science Fiction & Fantasy",96
1154,b1531,Secret Window,2004,David Koepp,"Johnny Depp, John Turturro, Maria Bello, Timothy Hutton","Mystery & Suspense, Drama",95
1154,a1751,Secret Window,2004,David Koepp,"Johnny Depp, Maria Bello, John Turturro","Mystery, Thriller",96
1155,a1377,You Can Count on Me,2000,Kenneth Lonergan,"Laura Linney, Matthew Broderick, Mark Ruffalo",Drama,111
1155,b1197,You Can Count On Me,2000,Kenneth Lonergan,"Laura Linney, Mark Ruffalo, Matthew Broderick, Rory Culkin",Drama,109
1156,b1134,Ready to Rumble,2000,Brian Robbins,"David Arquette, Oliver Platt, Scott Caan, Bill Goldberg","Action & Adventure, Comedy",106
1156,a1311,Ready to Rumble,2000,Brian Robbins,"David Arquette, Oliver Platt, Scott Caan","Comedy, Sport",107
1157,c5567,Game of Death,1978,Robert Clouse,"Bruce Lee, Gig Young, Colleen Camp","Action, Crime, Drama",85
1157,b328,Game of Death,1978,Robert Clouse,"Bruce Lee, Colleen Camp, Gig Young, Dean Jagger","Art House & International, Action & Adventure",102
1157,a339,Game of Death,1979,Robert Clouse,"Bruce Lee, Gig Young, Colleen Camp","Action, Crime, Drama, Thriller",85
1158,b115,Diary of a Wimpy Kid: Dog Days,2012,David Bowers,"Zachary Gordon, Robert Capron, Devon Bostick, Steve Zahn","Comedy, Kids & Family",94
1158,a116,Diary of a Wimpy Kid: Dog Days,2012,David Bowers,"Zachary Gordon, Robert Capron, Devon Bostick","Comedy, Family",94
1159,b1996,Lucky Number Slevin,2006,Paul McGuigan,"Josh Hartnett, Morgan Freeman, Ben Kingsley, Lucy Liu","Mystery & Suspense, Drama",110
1159,d218,lucky number slevin,2006,Paul McGuigan,"Josh Hartnett,Lucy Liu,Ben Kingsley,Bruce Willis,Morgan Freeman,Stanley Tucci,Dorian Missick,Michael Rubenfeld,Janet Lane","Action, Crime, Drama, Mystery, Thriller",110
1159,a2261,Lucky Number Slevin,2006,Paul McGuigan,"Josh Hartnett, Ben Kingsley, Morgan Freeman","Crime, Drama, Mystery, Thriller",110
1160,a1715,Modigliani,2004,Mick Davis,"Andy Garcia, Elsa Zylberstein, Omid Djalili","Biography, Drama",128
1160,b1499,Modigliani,2004,Mick Davis,"Andy Garcia, Elsa Zylberstein, Omid Djalili, Hippolyte Girardot","Art House & International, Drama",126
1161,d2453,the social network,2010,David Fincher,"Jesse Eisenberg,Andrew Garfield,Justin Timberlake,Armie Hammer,Max Minghella,Rooney Mara,Rashida Jones",Drama,120
1161,a441,The Social Network,2010,David Fincher,"Jesse Eisenberg, Andrew Garfield, Justin Timberlake","Biography, Drama",120
1161,b420,The Social Network,2010,David Fincher,"Jesse Eisenberg, Andrew Garfield, Justin Timberlake, Armie Hammer",Drama,120
1162,a550,The Hangover Part II,2011,Todd Phillips,"Bradley Cooper, Zach Galifianakis, Ed Helms",Comedy,102
1162,b517,The Hangover Part II,2011,Todd Phillips,"Bradley Cooper, Ed Helms, Zach Galifianakis, Justin Bartha",Comedy,102
1163,b429,Tangled,2010,Nathan Greno,"Mandy Moore, Zachary Levi, Donna Murphy, Ron Perlman","Animation, Kids & Family, Musical & Performing Arts, Comedy",100
1163,a451,Tangled,2010,Nathan Greno,"Mandy Moore, Zachary Levi, Donna Murphy","Animation, Comedy, Family, Fantasy, Musical, Romance",100
1164,b1207,The American Astronaut,2001,Cory McAbee,"Cory McAbee, Rocco Sisto, Gregory Russell Cook, Annie Golden","Western, Action & Adventure, Musical & Performing Arts, Science Fiction & Fantasy, Comedy",94
1164,a1387,The American Astronaut,2001,Cory McAbee,"Cory McAbee, Rocco Sisto, Gregory Russell Cook","Musical, Comedy, Sci-Fi",91
1165,b1644,The Fog,2005,Rupert Wainwright,"Tom Welling, Maggie Grace, Selma Blair, Kenneth Welsh","Mystery & Suspense, Horror",100
1165,a1873,The Fog,2005,Rupert Wainwright,"Tom Welling, Maggie Grace, Selma Blair",Horror,100
1166,d30,michael clayton,2007,Tony Gilroy,"George Clooney,Sean Cullen,Tom Wilkinson,Tilda Swinton,Sydney Pollack,Michael O'Keefe,Ken Howard,Denis O'Hare","Drama, Mystery, Thriller",119
1166,a2503,Michael Clayton,2007,Tony Gilroy,"George Clooney, Tilda Swinton, Tom Wilkinson","Crime, Drama, Mystery, Thriller",119
1166,b2283,Michael Clayton,2007,Tony Gilroy,"George Clooney, Tilda Swinton, Tom Wilkinson, Sydney Pollack","Mystery & Suspense, Drama",119
1167,b1194,Wonder Boys,2000,Curtis Hanson,"Michael Douglas, Tobey Maguire, Frances McDormand, Robert Downey Jr.","Drama, Comedy",112
1167,a1374,Wonder Boys,2000,Curtis Hanson,"Michael Douglas, Tobey Maguire, Frances McDormand","Comedy, Drama",107
1168,b2107,Two Weeks,2006,Steve Stockman,"Sally Field, Ben Chaplin, Tom Cavanagh, Julianne Nicholson","Drama, Art House & International, Comedy",98
1168,a2396,Two Weeks,2006,Steve Stockman,"Sally Field, Ben Chaplin, Julianne Nicholson","Comedy, Drama",102
1169,d607,inside out,2015,Pete Docter,"Amy Poehler,Mindy Kaling,Bill Hader,Phyllis Smith,Lewis Black,Kaitlyn Dias,Paris Van Dyke,Kyle MacLachlan","Animation, Comedy, Family",102
1169,b534,Inside Out,2015,Pete Docter,"Amy Poehler, Bill Hader, Lewis Black, Mindy Kaling","Animation, Kids & Family",94
1169,a569,Inside Out,2015,Pete Docter,"Amy Poehler, Bill Hader, Lewis Black","Animation, Adventure, Comedy, Drama, Family, Fantasy",94
1170,b2278,Marigold,2007,Willard Carroll,"Ali Larter, Salman Khan, Nandana Sen, Suchitra Pillai",Comedy,112
1170,a2499,Marigold,2007,Willard Carroll,"Salman Khan, Ali Larter, Nandana Sen",Comedy,110
1171,c3424,Mercury Rising,1998,Harold Becker,"Bruce Willis, Miko Hughes, Alec Baldwin","Action, Crime, Drama",111
1171,b3016,Mercury Rising,1998,Harold Becker,"Bruce Willis, Alec Baldwin, Miko Hughes, Chi McBride","Mystery & Suspense, Action & Adventure",112
1172,a1575,Two Can Play That Game,2001,Mark Brown,"Vivica A. Fox, Morris Chestnut, Anthony Anderson","Comedy, Romance",90
1172,b1374,Two Can Play That Game,2001,Mark Brown,"Vivica A. Fox, Morris Chestnut, Anthony Anderson, Wendy Raquel Robinso...","Drama, Romance, Comedy",90
1173,b617,Water for Elephants,2011,Francis Lawrence,"Reese Witherspoon, Robert Pattinson, Christoph Waltz, Paul Schneider",Drama,120
1173,a659,Water for Elephants,2011,Francis Lawrence,"Robert Pattinson, Reese Witherspoon, Christoph Waltz","Drama, Romance",120
1174,b2399,3 Geezers!,2013,Michelle Schumacher,"J.K. Simmons, Tim Allen, Basil Hoffman, Scott Caan",Comedy,81
1174,a2630,3 Geezers!,2013,Michelle Schumacher,"J.K. Simmons, Tim Allen, Scott Caan",Comedy,81
1175,a1980,Sky High,2005,Mike Mitchell,"Kurt Russell, Kelly Preston, Michael Angarano","Adventure, Comedy, Family, Sci-Fi",100
1175,b1746,Sky High,2005,Mike Mitchell,"Michael Angarano, Kurt Russell, Kelly Preston, Danielle Panabaker","Action & Adventure, Kids & Family, Science Fiction & Fantasy, Comedy",100
1176,b38,The Barrens,2012,Darren Lynn Bousman,"Stephen Moyer, Mia Kirshner, Allie MacDonald, Peter DaCunha",Horror,98
1176,a36,The Barrens,2012,Darren Lynn Bousman,"Stephen Moyer, Mia Kirshner, Allie MacDonald",Horror,94
1177,a2168,Forget About It,2006,BJ Davis,"Burt Reynolds, Robert Loggia, Charles Durning","Comedy, Drama",88
1177,b1913,Forget About It,2006,BJ Davis,"Burt Reynolds, Robert Loggia, Charles Durning, Raquel Welch","Drama, Comedy",85
1178,a2559,Resurrecting the Champ,2007,Rod Lurie,"Samuel L. Jackson, Josh Hartnett, Kathryn Morris","Drama, Sport",112
1178,d11,resurrecting the champ,2007,Rod Lurie,"Samuel L. Jackson,Josh Hartnett,Teri Hatcher,Alan Alda,Kathryn Morris,Dakota Goyo,David Paymer","Drama, Sports Film",112
1178,b2333,Resurrecting the Champ,2007,Rod Lurie,"Samuel L. Jackson, Josh Hartnett, Kathryn Morris, Alan Alda",Drama,113
1179,b1363,Sweet November,2001,Pat O'Connor,"Keanu Reeves, Charlize Theron, Jason Isaacs, Greg Germann","Drama, Romance",119
1179,a1564,Sweet November,2001,Pat O'Connor,"Keanu Reeves, Charlize Theron, Jason Isaacs","Drama, Romance",119
1180,a240,Sinister,2012,Scott Derrickson,"Ethan Hawke, Juliet Rylance, James Ransone","Horror, Mystery",110
1180,d1853,sinister,2012,Scott Derrickson,"Ethan Hawke,Juliet Rylance,Vincent D'Onoforio,James Ransone",Horror,110
1181,a930,Fantastic Mr. Fox,2009,Wes Anderson,"George Clooney, Meryl Streep, Bill Murray","Animation, Adventure, Comedy, Crime",87
1181,d2613,fantastic mr. fox,2009,Wes Anderson,"George Clooney,Meryl Streep,Jason Schwartzman,Bill Murray,Michael Gambon,Willem Dafoe,Owen Wilson","Adventure, Animation, Comedy, Family",87
1181,b867,Fantastic Mr. Fox,2009,Wes Anderson,"George Clooney, Meryl Streep, Jason Schwartzman, Bill Murray","Action & Adventure, Animation, Kids & Family, Comedy",87
1182,a2342,Saving Shiloh,2006,Sandy Tung,"Scott Wilson, Gerald McRaney, Jason Dolley","Drama, Family",90
1182,b2061,Saving Shiloh,2006,Sandy Tung,"Jason Dolley, Scott Wilson, Gerald McRaney, Ann Dowd","Drama, Kids & Family",90
1182,d160,saving shiloh,2006,Sandy Tung,"Jason Dolley,Scott Wilson,Gerald McRaney,Taylor Momsen,Kyle Chavarria,Ann Dowd,Liberty Smith,Bonnie Bartlett","Drama, Family",90
1183,d1768,stand up guys,2013,Fisher Stevens,"Al Pacino,Christopher Walken,Alan Arkin,Julianna Margulies,Mark Margolis,Katheryn Winnick,Lucy Punch",Comedy,95
1183,a2932,Stand Up Guys,2013,Fisher Stevens,"Al Pacino, Christopher Walken, Alan Arkin","Comedy, Crime, Thriller",95
1183,b2679,Stand Up Guys,2013,Fisher Stevens,"Al Pacino, Christopher Walken, Alan Arkin, Julianna Margulies","Drama, Comedy",94
1184,a322,Due Date,2010,Todd Phillips,"Robert Downey Jr., Zach Galifianakis, Michelle Monaghan",Comedy,95
1184,b312,Due Date,2010,Todd Phillips,"Robert Downey Jr., Zach Galifianakis, Michelle Monaghan, Jamie Foxx",Comedy,100
1184,d2381,due date,2010,Todd Phillips,"Robert Downey Jr.,Zach Galifianakis,Michelle Monaghan,Jamie Foxx,Juliette Lewis,Danny McBride,RZA,Matt Walsh","Comedy, Drama",95
1185,b2004,Miami Vice,2006,Michael Mann,"Colin Farrell, Jamie Foxx, Li Gong, Naomie Harris","Drama, Action & Adventure",132
1185,c2289,Miami Vice,2006,Michael Mann,"Colin Farrell, Jamie Foxx, Li Gong","Action, Crime, Thriller",134
1186,b98,Crazy Eyes,2012,Adam Sherman,"Lukas Haas, Madeline Zima, Jake Busey, Tania Raymonde",Comedy,95
1186,a98,Crazy Eyes,2012,Adam Sherman,"Lukas Haas, Madeline Zima, Jake Busey",Comedy,95
1187,a1880,The Gospel,2005,Rob Hardy,"Boris Kodjoe, Nona Gaye, Idris Elba","Drama, Music",105
1187,b1650,The Gospel,2005,Rob Hardy,"Boris Kodjoe, Idris Elba, Nona Gaye, Clifton Powell","Drama, Faith & Spirituality",103
1188,a2433,The Girl in the Park,2008,David Auburn,"Sigourney Weaver, Kate Bosworth, Alessandro Nivola",Drama,110
1188,b2221,The Girl in the Park,2008,David Auburn,"Sigourney Weaver, Alessandro Nivola, David Rasche, Kate Bosworth",Drama,109
1189,d2595,the men who stare at goats,2009,Grant Heslov,"George Clooney,Jeff Bridges,Ewan McGregor,Kevin Spacey,Robert Patrick,Stephen Lang,Stephen Root","Action, Adventure, Comedy, Drama, War",93
1189,b927,The Men Who Stare at Goats,2009,Grant Heslov,"George Clooney, Ewan McGregor, Jeff Bridges, Kevin Spacey","Drama, Comedy",90
1189,a996,The Men Who Stare at Goats,2009,Grant Heslov,"Ewan McGregor, George Clooney, Kevin Spacey","Comedy, War",94
1190,a2099,Click,2006,Frank Coraci,"Adam Sandler, Kate Beckinsale, Christopher Walken","Comedy, Drama, Fantasy, Romance",107
1190,b1850,Click,2006,Frank Coraci,"Adam Sandler, Kate Beckinsale, Christopher Walken, David Hasselhoff","Comedy, Kids & Family",107
1190,d209,click,2006,Frank Coraci,"Adam Sandler,Christopher Walken,Kate Beckinsale,David Hasselhoff,Sean Astin,Rachel Dratch,Henry Winkler,Julie Kavner","Comedy, Drama, Fantasy, Science Fiction",107
1191,d56,harry potter and the order of the phoenix,2007,David Yates,"Daniel Radcliffe,Rupert Grint,Emma Watson,Maggie Smith,Michael Gambon,Alan Rickman,Imelda Staunton,Helena Bonham-Carter,Robbie Coltrane,Ralph Fiennes,Gary Oldman,Brendan Gleeson,Richard Griffiths,Jason Isaacs","Adventure, Family, Fantasy, Science Fiction",138
1191,b2234,Harry Potter and the Order of the Phoenix,2007,David Yates,"Daniel Radcliffe, Rupert Grint, Emma Watson, Michael Gambon","Drama, Action & Adventure, Kids & Family, Science Fiction & Fantasy",138
1191,a2449,Harry Potter and the Order of the Phoenix,2007,David Yates,"Daniel Radcliffe, Emma Watson, Rupert Grint","Adventure, Family, Fantasy, Mystery",138
1192,b740,Pride and Glory,2008,Gavin O'Connor,"Edward Norton, Colin Farrell, Jon Voight, Noah Emmerich","Drama, Kids & Family",130
1192,d2890,pride and glory,2008,Gavin O'Connor,"Edward Norton,Colin Farrell,Jon Voight,Noah Emmerich,Jennifer Ehle,Carmen Ejogo,John Ortiz","Crime, Drama, Thriller",130
1192,a797,Pride and Glory,2008,Gavin O'Connor,"Edward Norton, Colin Farrell, Noah Emmerich","Crime, Drama, Thriller",130
1193,a1249,High Fidelity,2000,Stephen Frears,"John Cusack, Iben Hjejle, Todd Louiso","Comedy, Drama, Music, Romance",113
1193,b1077,High Fidelity,2000,Stephen Frears,"John Cusack, Iben Hjejle, Todd Louiso, Jack Black","Drama, Comedy",113
1194,b451,You Again,2010,Andy Fickman,"Kristen Bell, Jamie Lee Curtis, Sigourney Weaver, Odette Annable",Comedy,105
1194,a473,You Again,2010,Andy Fickman,"Kristen Bell, Odette Annable, Sigourney Weaver","Comedy, Romance",105
1194,d2447,you again,2010,Andy Fickman,"Kristen Bell,Jamie Lee Curtis,Sigourney Weaver,Odette Yustman,Betty White,James Wolk,Victor Garber","Comedy, Romance",105
1195,a2116,Dark Corners,2006,Ray Gower,"Thora Birch, Toby Stephens, Christien Anholt","Horror, Thriller",92
1195,b1867,Dark Corners,2006,Ray Gower,"Thora Birch, Toby Stephens, Christien Anholt, Joanna Hole","Mystery & Suspense, Horror",95
1196,d176,find me guilty,2006,Sidney Lumet,"Vin Diesel,Paul Borghese,Michalina Almindo,Peter Dinklage,Alex Rocco,Annabella Sciorra,Linus Roache,Domenick Lombardozzi,Ron Silver","Action, Comedy, Crime, Drama",125
1196,a2159,Find Me Guilty,2006,Sidney Lumet,"Vin Diesel, Peter Dinklage, Ron Silver","Biography, Comedy, Crime, Drama",125
1196,b1904,Find Me Guilty,2006,Sidney Lumet,"Vin Diesel, Peter Dinklage, Linus Roache, Ron Silver","Drama, Comedy",124
1197,a974,It Might Get Loud,2009,Davis Guggenheim,"Jimmy Page, The Edge, Jack White","Documentary, Music",98
1197,b907,It Might Get Loud,2009,Davis Guggenheim,"Jack White, Robert Plant, Jimmy Page, The Edge","Musical & Performing Arts, Documentary",98
1198,b1934,Half Nelson,2006,Ryan Fleck,"Ryan Gosling, Shareeka Epps, Anthony Mackie, Monique Gabriela Cum...",Drama,87
1198,a2194,Half Nelson,2006,Ryan Fleck,"Ryan Gosling, Anthony Mackie, Shareeka Epps",Drama,106
1198,d75,half nelson,2006,Ryan Fleck,"Ryan Gosling,Shareeka Epps,Anthony Mackie,Karen Chilton","Drama, Indie",107
1199,a2088,Catch a Fire,2006,Phillip Noyce,"Derek Luke, Tim Robbins, Bonnie Henna","Biography, Drama, History",101
1199,b1844,Catch a Fire,2006,Phillip Noyce,"Tim Robbins, Derek Luke, Bonnie Henna, Mncedisi Shabangu","Drama, Musical & Performing Arts, Mystery & Suspense",102
1200,a2442,Gracie,2007,Davis Guggenheim,"Carly Schroeder, Andrew Shue, Elisabeth Shue","Biography, Drama, Sport",95
1200,b2228,Gracie,2007,Davis Guggenheim,"Carly Schroeder, Elisabeth Shue, Dermot Mulroney, Andrew Shue",Drama,96
1201,b2935,Black Dog,1998,Kevin Hooks,"Patrick Swayze, Meat Loaf, Randy Travis, Gabriel Casseus",Action & Adventure,89
1201,c3414,Black Dog,1998,Kevin Hooks,"Patrick Swayze, Randy Travis, Meat Loaf","Action, Crime, Drama",89
1202,a525,The Double,2014,Richard Ayoade,"Jesse Eisenberg, Mia Wasikowska, Wallace Shawn","Comedy, Drama, Thriller",93
1202,d1134,the double,2014,Richard Ayoade,"Jesse Eisenberg,Mia Wasikowska,Wallace Shawn,Noah Taylor,Rade Šerbedžija,Yasmin Paige,James Fox,Nathalie Cox,Phyllis Somerville,Sally Hawkins",Drama,93
1202,b495,The Double,2014,Richard Ayoade,"Jesse Eisenberg, Mia Wasikowska, Wallace Shawn, Noah Taylor",Comedy,93
1203,a1826,Bigger Than the Sky,2005,Al Corley,"Marcus Thomas, Amy Smart, John Corbett","Comedy, Drama, Romance",106
1203,b1601,Bigger Than the Sky,2005,Al Corley,"Marcus Thomas, John Corbett, Amy Smart, Sean Astin","Drama, Comedy",106
1204,b1705,Memoirs of a Geisha,2005,Rob Marshall,"Ziyi Zhang, Ken Watanabe, Michelle Yeoh, Li Gong","Drama, Romance",105
1204,d275,memoirs of a geisha,2005,Rob Marshall,"Ziyi Zhang,Ken Watanabe,Michelle Yeoh,Gong Li,Koji Yakusho,Youki Kudoh","Drama, History, Romance",145
1204,a1936,Memoirs of a Geisha,2005,Rob Marshall,"Ziyi Zhang, Ken Watanabe, Michelle Yeoh","Drama, Romance",145
1205,b341,How Do You Know,2010,James L. Brooks,"Reese Witherspoon, Paul Rudd, Owen Wilson, Jack Nicholson","Drama, Romance, Comedy",121
1205,a355,How Do You Know,2010,James L. Brooks,"Reese Witherspoon, Paul Rudd, Owen Wilson","Comedy, Drama, Romance",121
1205,d2292,how do you know?,2010,James L. Brooks,"Reese Witherspoon,Paul Rudd,Owen Wilson,Jack Nicholson,Kathryn Hahn,Mark Linn Baker","Comedy, Drama, Romance, Sport",121
1206,a1886,Harry Potter and the Goblet of Fire,2005,Mike Newell,"Daniel Radcliffe, Emma Watson, Rupert Grint","Adventure, Family, Fantasy, Mystery",157
1206,d255,harry potter and the goblet of fire,2005,Mike Newell,"Daniel Radcliffe,Emma Watson,Rupert Grint,Michael Gambon,Brendan Gleeson,Robbie Coltrane","Adventure, Family, Fantasy, Science Fiction",157
1206,b1657,Harry Potter and the Goblet of Fire,2005,Mike Newell,"Daniel Radcliffe, Rupert Grint, Emma Watson, Robbie Coltrane","Action & Adventure, Kids & Family, Science Fiction & Fantasy",157
1207,b1927,A Good Year,2006,Ridley Scott,"Russell Crowe, Albert Finney, Marion Cotillard, Abbie Cornish","Drama, Romance, Comedy",118
1207,a2184,A Good Year,2006,Ridley Scott,"Russell Crowe, Abbie Cornish, Albert Finney","Comedy, Drama, Romance",117
1208,d3005,the wackness,2008,Jonathan Levine,"Josh Peck,Ben Kingsley,Olivia Thirlby,Famke Janssen,Talia Balsam,David Wohl,Mary-Kate Olsen","Comedy, Indie, Romance",99
1208,a850,The Wackness,2008,Jonathan Levine,"Josh Peck, Ben Kingsley, Olivia Thirlby","Comedy, Drama, Romance",99
1208,b794,The Wackness,2008,Jonathan Levine,"Ben Kingsley, Josh Peck, Famke Janssen, Olivia Thirlby","Drama, Comedy",99
1209,b470,The Beaver,2011,Jodie Foster,"Mel Gibson, Jodie Foster, Anton Yelchin, Riley Thomas Stewart","Drama, Comedy",91
1209,a494,The Beaver,2011,Jodie Foster,"Mel Gibson, Jodie Foster, Anton Yelchin",Drama,91
1210,b1029,Bless the Child,2000,Chuck Russell,"Kim Basinger, Jimmy Smits, Holliston Coleman, Rufus Sewell","Drama, Horror, Mystery & Suspense",107
1210,a1197,Bless the Child,2000,Chuck Russell,"Kim Basinger, Jimmy Smits, Rufus Sewell","Crime, Drama, Horror, Thriller",107
1211,b456,35 And Ticking,2011,Russ Parr,"Meagan Good, Kevin Hart, Tamala Jones, Nicole Ari Parker","Comedy, Romance",105
1211,a478,35 and Ticking,2011,Russ Parr,"Tamala Jones, Nicole Ari Parker, Kevin Hart","Comedy, Romance",104
1212,b1446,Forty Shades of Blue,2005,Ira Sachs,"Rip Torn, Dina Korzun, Darren E. Burrows, Paprika Steen","Art House & International, Drama",107
1212,d336,forty shades of blue,2005,Ira Sachs,"Rip Torn,Dina Korzun,Darren Burrows,Paprika Steen,Red West,Jenny O''Hara","Drama, Indie, Romance",108
1212,a1663,Forty Shades of Blue,2005,Ira Sachs,"Dina Korzun, Rip Torn, Darren E. Burrows","Drama, Music, Romance",108
1213,b3026,The Negotiator,1998,F. Gary Gray,"Samuel L. Jackson, Kevin Spacey, David Morse, Ron Rifkin","Mystery & Suspense, Action & Adventure",141
1213,c3426,The Negotiator,1998,F. Gary Gray,"Samuel L. Jackson, Kevin Spacey, David Morse","Action, Crime, Drama",140
1214,a1393,The Animal,2001,Luke Greenfield,"Rob Schneider, Colleen Haskell, John C. McGinley",Comedy,84
1214,b1212,The Animal,2001,Luke Greenfield,"Rob Schneider, Colleen Haskell, John C. McGinley, Edward Asner","Science Fiction & Fantasy, Comedy",90
1215,a1548,Session 9,2001,Brad Anderson,"David Caruso, Stephen Gevedon, Paul Guilfoyle","Horror, Mystery, Thriller",97
1215,b1346,Session 9,2001,Brad Anderson,"David Caruso, Stephen Gevedon, Paul Guilfoyle, Josh Lucas","Drama, Horror, Mystery & Suspense",100
1216,b1882,The Dog Problem,2007,Scott Caan,"Giovanni Ribisi, Lynn Collins, Scott Caan, Mena Suvari",Comedy,89
1216,a2135,The Dog Problem,2007,Scott Caan,"Giovanni Ribisi, Lynn Collins, Scott Caan",Comedy,88
1217,a574,Judy Moody and the Not Bummer Summer,2011,John Schultz,"Jordana Beatty, Heather Graham, Parris Mosteller","Comedy, Family",91
1217,b539,Judy Moody and the NOT Bummer Summer,2011,John Schultz,"Jordana Beatty, Heather Graham, Parris Mosteller, Jaleel White","Comedy, Kids & Family",91
1218,a2710,Despicable Me 2,2013,Pierre Coffin,"Steve Carell, Kristen Wiig, Benjamin Bratt","Animation, Comedy, Family",98
1218,b2477,Despicable Me 2,2013,Pierre Coffin,"Steve Carell, Kristen Wiig, Benjamin Bratt, Miranda Cosgrove","Animation, Kids & Family, Comedy",98
1219,d2534,a nightmare on elm street,2010,Samuel Bayer,"Jackie Earle Haley,Kyle Gallner,Rooney Mara,Katie Cassidy,Thomas Dekker,Kellan Lutz,Clancy Brown",Horror,95
1219,b390,A Nightmare on Elm Street,2010,Samuel Bayer,"Rooney Mara, Kyle Gallner, Thomas Dekker, Jackie Earle Haley","Drama, Horror, Mystery & Suspense, Science Fiction & Fantasy",96
1219,a408,A Nightmare on Elm Street,2010,Samuel Bayer,"Jackie Earle Haley, Rooney Mara, Kyle Gallner","Horror, Mystery, Thriller",95
1220,b1471,Jersey Girl,2004,Kevin Smith,"Ben Affleck, Liv Tyler, Raquel Castro, George Carlin",Comedy,102
1220,a1686,Jersey Girl,2004,Kevin Smith,"Ben Affleck, Liv Tyler, Raquel Castro","Comedy, Drama, Romance",102
1221,b838,The Brothers Bloom,2009,Rian Johnson,"Adrien Brody, Mark Ruffalo, Nora Zehetner, Rachel Weisz","Drama, Action & Adventure, Romance, Comedy",113
1221,a899,The Brothers Bloom,2009,Rian Johnson,"Rachel Weisz, Adrien Brody, Mark Ruffalo","Adventure, Comedy, Drama, Romance",114
1222,b206,Parental Guidance,2012,Andy Fickman,"Billy Crystal, Bette Midler, Marisa Tomei, Tom Everett Scott",Comedy,104
1222,a210,Parental Guidance,2012,Andy Fickman,"Billy Crystal, Bette Midler, Marisa Tomei","Comedy, Family",105
1223,b865,Extract,2009,Mike Judge,"Jason Bateman, Mila Kunis, Kristen Wiig, Ben Affleck",Comedy,91
1223,d2691,extract,2009,Mike Judge,"Jason Bateman,Mila Kunis,Kristen Wiig,Ben Affleck,J.K. Simmons,David Koechner,Clifton Collins Jr.,Gene Simmons","Comedy, Indie",92
1223,a928,Extract,2009,Mike Judge,"Jason Bateman, Kristen Wiig, Ben Affleck","Comedy, Crime, Romance",92
1224,d1640,the kings of summer,2013,Jordan Vogt-Roberts,"Nick Robinson,Gabriel Basso,Moises Arias,Alison Brie,Nick Offerman,Megan Mullally,Mary Lynn Rajskub,Angela Trimbur,Erin Moriarty,Lili Reinhart,Marc Evan Jackson","Comedy, Drama",93
1224,a2814,The Kings of Summer,2013,Jordan Vogt-Roberts,"Nick Robinson, Gabriel Basso, Moises Arias","Adventure, Comedy, Drama",95
1224,b2570,The Kings of Summer,2013,Jordan Vogt-Roberts,"Nick Robinson, Gabriel Basso, Moises Arias, Nick Offerman",Comedy,95
1225,b117,Django Unchained,2012,Quentin Tarantino,"Jamie Foxx, Christoph Waltz, Leonardo DiCaprio, Gerald McRaney","Western, Drama",165
1225,a118,Django Unchained,2012,Quentin Tarantino,"Jamie Foxx, Christoph Waltz, Leonardo DiCaprio",Western,165
1226,b2148,American Gangster,2007,Ridley Scott,"Denzel Washington, Russell Crowe, Josh Brolin, Chiwetel Ejiofor",Drama,157
1226,d3181,american gangster,2007,Ridley Scott,"Denzel Washington,Russell Crowe,Chiwetel Ejiofor,Josh Brolin,Cuba Gooding Jr.,RZA,Ruby Dee,Carla Gugino,Armand Assante,Ted Levine","Action, Crime, Drama, Thriller",157
1226,a1101,American Gangster,2007,Ridley Scott,"Denzel Washington, Russell Crowe, Chiwetel Ejiofor","Biography, Crime, Drama",157
1227,a1257,The In Crowd,2000,Mary Lambert,"Lori Heuring, Susan Ward, Matthew Settle","Drama, Thriller, Mystery",105
1227,b1083,The In Crowd,2000,Mary Lambert,"Susan Ward, Lori Heuring, Matthew Settle, Nathan Bexton","Mystery & Suspense, Drama",108
1228,b2203,Evening,2007,Lajos Koltai,"Claire Danes, Toni Collette, Vanessa Redgrave, Patrick Wilson",Drama,117
1228,d148,evening,2007,Lajos Koltai,"Vanessa Redgrave,Claire Danes,Natasha Richardson,Toni Collette,Mamie Gummer,Meryl Streep,Glenn Close,Hugh Dancy","Drama, Romance",130
1228,a1163,Evening,2007,Lajos Koltai,"Vanessa Redgrave, Toni Collette, Claire Danes","Drama, Romance",117
1229,b493,The Dilemma,2011,Ron Howard,"Vince Vaughn, Kevin James, Jennifer Connelly, Winona Ryder",Comedy,110
1229,a522,The Dilemma,2011,Ron Howard,"Vince Vaughn, Kevin James, Winona Ryder","Comedy, Drama",111
1230,b1804,The Architect,2006,Matt Tauber,"Anthony LaPaglia, Viola Davis, Isabella Rossellini, Hayden Panettiere",Drama,81
1230,a2044,The Architect,2006,Matt Tauber,"Anthony LaPaglia, Viola Davis, Isabella Rossellini",Drama,82
1231,a2716,Elysium,2013,Neill Blomkamp,"Matt Damon, Jodie Foster, Sharlto Copley","Action, Drama, Sci-Fi, Thriller",109
1231,b2482,Elysium,2013,Neill Blomkamp,"Matt Damon, Jodie Foster, Sharlto Copley, Alice Braga","Drama, Science Fiction & Fantasy",97
1231,d1602,elysium,2013,Neill Blomkamp,"Matt Damon,Alice Braga,Wagner Moura,Diego Luna,Sharlto Copley,Faran Tahir,Jodie Foster,William Fichtner","Action, Drama, Science Fiction, Thriller",
1232,a1517,On the Line,2001,Eric Bross,"Lance Bass, Joey Fatone, Emmanuelle Chriqui","Comedy, Family, Romance",85
1232,b1319,On the Line,2001,Eric Bross,"Lance Bass, Joey Fatone, Emmanuelle Chriqui, GQ","Kids & Family, Romance, Comedy",85
1233,a99,Crooked Arrows,2012,Steve Rash,"Brandon Routh, Chelsea Ricketts, Crystal Allen","Drama, Sport",105
1233,b99,Crooked Arrows,2012,Steve Rash,"Brandon Routh, Crystal Allen, Chelsea Ricketts, Tyler Hill","Sports & Fitness, Drama",105
1234,b294,City Island,2010,Raymond De Felitta,"Andy Garcia, Julianna Margulies, Steven Strait, Ezra Miller",Comedy,100
1234,a302,City Island,2010,Raymond De Felitta,"Andy Garcia, Julianna Margulies, Steven Strait","Comedy, Drama",104
1234,d2514,city island,2010,Raymond De Felitta,"Andy Garcia,Julianna Margulies,Alan Arkin,Emily Mortimer,Steven Strait,Ezra Miller,Dominik Garcio-Lorido","Comedy, Drama, Indie, Romance",104
1235,a2739,Fruitvale Station,2013,Ryan Coogler,"Michael B. Jordan, Melonie Diaz, Octavia Spencer","Biography, Drama, Romance",85
1235,b2503,Fruitvale Station,2013,Ryan Coogler,"Michael B. Jordan, Melonie Diaz, Octavia Spencer, Kevin Durand",Drama,84
1236,b558,Midnight in Paris,2011,Woody Allen,"Owen Wilson, Marion Cotillard, Rachel McAdams, Kathy Bates","Comedy, Romance",94
1236,a593,Midnight in Paris,2011,Woody Allen,"Owen Wilson, Rachel McAdams, Kathy Bates","Comedy, Fantasy, Romance",94
1237,b1201,The Affair of the Necklace,2001,Charles Shyer,"Hilary Swank, Jonathan Pryce, Simon Baker, Adrien Brody","Drama, Romance",120
1237,a1381,The Affair of the Necklace,2001,Charles Shyer,"Hilary Swank, Simon Baker, Jonathan Pryce","Drama, History, Romance",118
1238,b567,Our Idiot Brother,2011,Jesse Peretz,"Paul Rudd, Elizabeth Banks, Zooey Deschanel, Emily Mortimer",Comedy,100
1238,a602,Our Idiot Brother,2011,Jesse Peretz,"Paul Rudd, Elizabeth Banks, Zooey Deschanel","Comedy, Drama",90
1238,d2233,our idiot brother,2011,Jesse Peretz,"Paul Rudd,Elizabeth Banks,Zooey Deschanel,Emily Mortimer,Kathryn Hahn,Steve Coogan,Rashida Jones,Hugh Dancy,Shirley Knight,Adam Scott",Comedy,90
1239,a854,War Inc.,2008,Joshua Seftel,"John Cusack, Marisa Tomei, Hilary Duff","Action, Comedy, Thriller",107
1239,d3022,"war, inc.",2008,Joshua Seftel,"John Cusack,Marisa Tomei,Hilary Duff,Lyubomir Neikov,Joan Cusack,Ben Kingsley,Dan Aykroyd","Action, Adventure, Comedy, Thriller",106
1239,b798,War Inc.,2008,Joshua Seftel,"John Cusack, Hilary Duff, Marisa Tomei, Joan Cusack","Drama, Action & Adventure, Comedy",106
1240,b101,The Dark Knight Rises,2012,Christopher Nolan,"Christian Bale, Anne Hathaway, Tom Hardy, Marion Cotillard","Drama, Action & Adventure, Mystery & Suspense",165
1240,a101,The Dark Knight Rises,2012,Christopher Nolan,"Christian Bale, Tom Hardy, Anne Hathaway","Action, Thriller",165
1240,d1981,the dark knight rises,2012,Christopher Nolan,"Christian Bale,Anne Hathaway,Tom Hardy,Marion Cotillard,Joseph Gordon-Levitt,Michael Caine,Gary Oldman,Morgan Freeman","Action, Crime, Drama, Thriller",165
1241,b1430,Dirty Dancing: Havana Nights,2004,Guy Ferland,"Romola Garai, Diego Luna, Sela Ward, John Slattery","Drama, Romance",86
1241,a1646,Dirty Dancing: Havana Nights,2004,Guy Ferland,"Diego Luna, Romola Garai, Sela Ward","Romance, Drama",86
1242,b952,Paper Heart,2009,Nicholas Jasenovec,"Charlyne Yi, Michael Cera, Jake M. Johnson, Jason Ritter",Comedy,89
1242,a1023,Paper Heart,2009,Nicholas Jasenovec,"Charlyne Yi, Michael Cera, Jake Johnson","Comedy, Drama, Romance",88
1242,d2680,paper heart,2009,Nicholas Jasenovec,"Charlyne Yi,Michael Cera,Jake M. Johnson","Comedy, Drama, Indie, Romance",88
1243,a2758,Grudge Match,2013,Peter Segal,"Robert De Niro, Sylvester Stallone, Kim Basinger","Comedy, Sport",113
1243,d1339,grudge match,2013,Peter Segal,"Robert De Niro,Sylvester Stallone,Alan Arkin,Jon Bernthal,Kevin Hart,Kim Basinger,Judd Lormand,Nicole Andrews,Han Soto",Comedy,113
1243,b2521,Grudge Match,2013,Peter Segal,"Sylvester Stallone, Robert De Niro, Kim Basinger, Alan Arkin","Drama, Sports & Fitness, Comedy",113
1244,a1278,Meet the Parents,2000,Jay Roach,"Ben Stiller, Robert De Niro, Teri Polo",Comedy,108
1244,b1102,Meet the Parents,2000,Jay Roach,"Robert De Niro, Ben Stiller, Teri Polo, Blythe Danner",Comedy,108
1245,d2450,you will meet a tall dark stranger,2010,Woody Allen,"Antonio Banderas,Josh Brolin,Anthony Hopkins,Gemma Jones,Freida Pinto,Naomi Watts","Comedy, Drama, Romance",98
1245,b452,You Will Meet a Tall Dark Stranger,2010,Woody Allen,"Naomi Watts, Anthony Hopkins, Josh Brolin, Gemma Jones","Drama, Romance, Musical & Performing Arts, Comedy",98
1245,a474,You Will Meet a Tall Dark Stranger,2010,Woody Allen,"Anthony Hopkins, Naomi Watts, Josh Brolin","Comedy, Drama, Romance",98
1246,a1801,Win a Date with Tad Hamilton!,2004,Robert Luketic,"Kate Bosworth, Josh Duhamel, Topher Grace","Comedy, Romance",95
1246,b1578,Win a Date With Tad Hamilton!,2004,Robert Luketic,"Kate Bosworth, Topher Grace, Josh Duhamel, John Duhamel","Drama, Romance, Comedy",96
1247,b2105,Trust the Man,2006,Bart Freundlich,"David Duchovny, Julianne Moore, Billy Crudup, Maggie Gyllenhaal","Drama, Romance, Comedy",128
1247,a2394,Trust the Man,2006,Bart Freundlich,"David Duchovny, Julianne Moore, Billy Crudup","Comedy, Drama, Romance",103
1248,d317,freedomland,2006,Joe Roth,"Samuel L. Jackson,Julianne Moore,Edie Falco,Ron Eldard,William Forsythe,Aunjanue Ellis,Anthony Mackie","Drama, Thriller",113
1248,b1915,Freedomland,2006,Joe Roth,"Samuel L. Jackson, Julianne Moore, Edie Falco, Ron Eldard","Mystery & Suspense, Drama",113
1248,a2170,Freedomland,2006,Joe Roth,"Julianne Moore, Samuel L. Jackson, Edie Falco","Crime, Drama, Mystery, Thriller",113
1249,a2172,Friends with Money,2006,Nicole Holofcener,"Jennifer Aniston, Frances McDormand, Catherine Keener","Comedy, Drama, Romance",88
1249,d217,friends with money,2006,Nicole Holofcener,"Jennifer Aniston,Joan Cusack,Catherine Keener,Frances McDormand,Simon McBurney,Jason Isaacs,Greg Germann,Scott Caan,Bob Stephenson","Comedy, Drama, Romance",88
1249,b1917,Friends With Money,2006,Nicole Holofcener,"Jennifer Aniston, Frances McDormand, Joan Cusack, Catherine Keener","Drama, Art House & International, Comedy",88
1250,b1920,Game 6,2005,Michael Hoffman,"Michael Keaton, Robert Downey Jr., Griffin Dunne, Catherine O'Hara","Drama, Art House & International, Comedy",83
1250,d175,game 6,2006,Michael Hoffman,"Michael Keaton,Robert Downey Jr.,Griffin Dunne,Ari Graynor,Catherine O'Hara,Bebe Neuwirth,Shalom Harlow,Roger Rees","Comedy, Drama, Sports Film",87
1250,a2175,Game 6,2005,Michael Hoffman,"Michael Keaton, Robert Downey Jr., Griffin Dunne","Comedy, Drama, Sport",87
1251,b2092,Stranger Than Fiction,2006,Marc Forster,"Will Ferrell, Emma Thompson, Maggie Gyllenhaal, Dustin Hoffman","Drama, Romance, Comedy",113
1251,d87,stranger than fiction,2006,Marc Forster,"Will Ferrell,Emma Thompson,Maggie Gyllenhaal,Dustin Hoffman,Queen Latifah,Linda Hunt","Comedy, Drama, Fantasy, Romance, Science Fiction",113
1251,a2376,Stranger Than Fiction,2006,Marc Forster,"Will Ferrell, Emma Thompson, Dustin Hoffman","Comedy, Drama, Fantasy, Romance",113
1252,b1316,Not Another Teen Movie,2001,Joel Gallen,"Chyler Leigh, Jaime Pressly, Chris Evans, Mia Kirshner",Comedy,89
1252,a1513,Not Another Teen Movie,2001,Joel Gallen,"Chyler Leigh, Jaime Pressly, Chris Evans",Comedy,89
1253,a2359,Silent Hill,2006,Christophe Gans,"Radha Mitchell, Laurie Holden, Sean Bean","Horror, Mystery",125
1253,d232,silent hill,2006,Christophe Gans,"Radha Mitchell,Laurie Holden,Sean Bean,Deborah Kara Unger,Tanya Allen,Jodelle Ferland,Kim Coates,Alice Krige","Adventure, Horror, Thriller",126
1253,b2077,Silent Hill,2006,Christophe Gans,"Radha Mitchell, Sean Bean, Laurie Holden, Deborah Kara Unger","Action & Adventure, Horror",125
1254,c3703,Young and Dangerous 3,1996,Wai-Keung Lau,"Ekin Cheng, Jordan Chan, Gigi Lai","Action, Drama",98
1254,c3705,Young and Dangerous,1996,Wai-Keung Lau,"Ekin Cheng, Jordan Chan, Gigi Lai",Action,97
1254,c3768,Young and Dangerous 2,1996,Wai-Keung Lau,"Ekin Cheng, Jordan Chan, Chingmy Yau","Action, Crime",101
1255,b1186,What Planet Are You From?,2000,Mike Nichols,"Garry Shandling, Annette Bening, John Goodman, Greg Kinnear","Horror, Science Fiction & Fantasy, Comedy",105
1255,a1367,What Planet Are You From?,2000,Mike Nichols,"Garry Shandling, Annette Bening, John Goodman","Comedy, Sci-Fi",105
1256,a2117,Dark Ride,2006,Craig Singer,"Jamie-Lynn Sigler, Patrick Renna, David Clayton Rogers","Horror, Thriller",94
1256,b1868,Dark Ride,2006,Craig Singer,"Jamie-Lynn Sigler, Patrick Renna, David Rogers, David Clayton Rogers","Mystery & Suspense, Horror",94
1257,b394,Paranormal Activity 2,2010,Tod Williams,"Katie Featherston, Micah Sloat, Brian Boland, Molly Ephraim","Mystery & Suspense, Horror",91
1257,d2375,paranormal activity 2,2010,Tod Williams,"Micah Sloat,Katie Featherston,Sprague Grayden,Brian Boland,Molly Ephraim,Vivis","Horror, Thriller",91
1257,a412,Paranormal Activity 2,2010,Tod Williams,"Katie Featherston, Micah Sloat, Molly Ephraim",Horror,91
1258,b313,Easy A,2010,Will Gluck,"Emma Stone, Penn Badgley, Amanda Bynes, Dan Byrd","Comedy, Romance",92
1258,d2442,easy a,2010,Will Gluck,"Emma Stone,Dan Byrd,Amanda Bynes,Patricia Clarkson,Stanley Tucci,Thomas Haden Church,Lisa Kudrow,Malcolm McDowell","Comedy, Family, Romance",92
1258,a323,Easy A,2010,Will Gluck,"Emma Stone, Amanda Bynes, Penn Badgley","Comedy, Romance",92
1259,a2477,Killing Zelda Sparks,2007,Jeff Glickman,"Vincent Kartheiser, Sarah Carter, Geoffrey Arend","Comedy, Drama",95
1259,b2259,Killing Zelda Sparks,2007,Jeff Glickman,"Vincent Kartheiser, Sarah Carter, Geoffrey Arend, Krystin Pellerin","Mystery & Suspense, Drama",92
1260,b2224,Gone Baby Gone,2007,Ben Affleck,"Casey Affleck, Michelle Monaghan, Morgan Freeman, Ed Harris","Mystery & Suspense, Drama",114
1260,d46,gone baby gone,2007,Ben Affleck,"Casey Affleck,Michelle Monaghan,Morgan Freeman,Ed Harris,John Ashton,Amy Ryan,Amy Madigan,Titus Welliver","Crime, Drama, Mystery, Thriller",114
1260,a2438,Gone Baby Gone,2007,Ben Affleck,"Morgan Freeman, Ed Harris, Casey Affleck","Crime, Drama, Mystery, Thriller",114
1261,c3279,Wild Wild West,1999,Barry Sonnenfeld,"Will Smith, Kevin Kline, Kenneth Branagh","Action, Western, Comedy",106
1261,b2913,Wild Wild West,1999,Barry Sonnenfeld,"Will Smith, Kevin Kline, Salma Hayek, Kenneth Branagh","Western, Action & Adventure, Comedy",107
1262,c1000,Hidden in the Woods,2012,Patricio Valladares,"Siboney Lo, Carolina Retamal, Josefa Mora","Action, Drama, Horror",97
1262,b70,The Cabin in the Woods,2012,Drew Goddard,"Kristen Connolly, Chris Hemsworth, Anna Hutchison, Fran Kranz","Mystery & Suspense, Horror",95
1262,d2024,the cabin in the woods,2012,,"Chris Hemsworth,Richard Jenkins,Bradley Whitford,Kristen Connolly,Anna Hutchison,Fran Kranz,Jesse Williams","Horror, Thriller",95
1262,a69,The Cabin in the Woods,2012,Drew Goddard,"Kristen Connolly, Chris Hemsworth, Anna Hutchison","Horror, Mystery, Thriller",95
1263,b492,The Descendants,2011,Alexander Payne,"George Clooney, Shailene Woodley, Amara Miller, Beau Bridges","Drama, Comedy",115
1263,a519,The Descendants,2011,Alexander Payne,"George Clooney, Shailene Woodley, Amara Miller","Comedy, Drama",115
1263,d2110,the descendants,2011,Alexander Payne,"George Clooney,Shailene Woodley,Amara Miller,Nick Krause,Beau Bridges,Robert Forster,Matthew Lillard,Judy Greer","Comedy, Drama",115
1264,a454,The Town,2010,Ben Affleck,"Ben Affleck, Rebecca Hall, Jon Hamm","Crime, Drama, Thriller",125
1264,d2445,the town,2010,Ben Affleck,"Ben Affleck,Rebecca Hall,Jon Hamm,Jeremy Renner,Blake Lively,Titus Welliver,Pete Postlethwaite,Chris Cooper","Action, Crime, Drama, Romance, Suspense, Thriller",125
1264,b432,The Town,2010,Ben Affleck,"Ben Affleck, Rebecca Hall, Jon Hamm, Jeremy Renner","Drama, Action & Adventure, Romance, Mystery & Suspense",151
1265,a1530,The Princess Diaries,2001,Garry Marshall,"Julie Andrews, Anne Hathaway, Hector Elizondo","Comedy, Family, Romance",115
1265,b1331,The Princess Diaries,2001,Garry Marshall,"Julie Andrews, Anne Hathaway, Hector Elizondo, Mandy Moore","Drama, Kids & Family, Comedy",114
1266,b1345,Serendipity,2001,Peter Chelsom,"John Cusack, Kate Beckinsale, Jeremy Piven, Molly Shannon","Comedy, Romance",90
1266,a1547,Serendipity,2001,Peter Chelsom,"John Cusack, Kate Beckinsale, Jeremy Piven","Comedy, Romance",90
1267,a1491,Life as a House,2001,Irwin Winkler,"Hayden Christensen, Kevin Kline, Kristin Scott Thomas",Drama,125
1267,b1300,Life as a House,2001,Irwin Winkler,"Kevin Kline, Kristin Scott Thomas, Hayden Christensen, Jena Malone",Drama,125
1268,b464,Arthur,2011,Jason Winer,"Russell Brand, Helen Mirren, Greta Gerwig, Jennifer Garner",Comedy,109
1268,a488,Arthur,2011,Jason Winer,"Russell Brand, Helen Mirren, Jennifer Garner","Comedy, Romance",110
1269,d1442,the starving games,2013,"Aaron Seltzer,Jason Friedberg","Maiara Walsh,Brant Daugherty,Lauren Bowles,Cody Christian,Alexandria Deberry,Diedrich Bader,Ashton Leigh,Joseph Aviel,Eric Buarque,Alice Ford",Comedy,91
1269,a2934,The Starving Games,2013,Jason Friedberg,"Maiara Walsh, Brant Daugherty, Cody Christian",Comedy,83
1269,b2681,The Starving Games,2013,Jason Friedberg,"Maiara Walsh, Brant Daugherty, Cody Christian, Ross Wyngaarden",Comedy,91
1270,b381,Middle Men,2010,George Gallo,"Luke Wilson, Giovanni Ribisi, Gabriel Macht, James Caan","Drama, Comedy",112
1270,a399,Middle Men,2010,George Gallo,"Luke Wilson, Giovanni Ribisi, Gabriel Macht","Comedy, Crime, Drama",105
1271,a461,What If,2014,Michael Dowse,"Daniel Radcliffe, Zoe Kazan, Megan Park","Comedy, Romance",98
1271,d1061,what if,2014,Michael Dowse,"Daniel Radcliffe,Zoe Kazan,Rafe Spall,Megan Park,Adam Driver,Mackenzie Davis","Comedy, Romance",102
1271,b444,What If,2014,Michael Dowse,"Daniel Radcliffe, Zoe Kazan, Megan Park, Adam Driver",Comedy,102
1272,b359,Knucklehead,2010,Michael W. Watkins,"Mark Feuerstein, Melora Hardin, Dennis Farina, Paul Wight","Drama, Comedy",100
1272,a377,Knucklehead,2010,Michael W. Watkins,"Mark Feuerstein, Melora Hardin, Paul Wight","Comedy, Drama",100
1273,a2349,The Second Chance,2006,Steve Taylor,"Michael W. Smith, Jeff Obafemi Carr, J. Don Ferguson",Drama,102
1273,b2068,The Second Chance,2006,Steve Taylor,"Michael W. Smith, Jeff Obafemi Carr, Jonathan Thomas, J. Don Ferguson","Drama, Faith & Spirituality",102
1274,b2533,Home Run,2013,David Boyd,"Scott Elrod, Dorian Brown, Charles Henry Wyson, Jim Devoti",Drama,113
1274,a2773,Home Run,2013,David Boyd,"Scott Elrod, Dorian Brown, Charles Henry Wyson","Drama, Sport",113
1275,b1972,Karla,2006,Joel Bender,"Laura Prepon, Misha Collins, Tess Harper, Patrick Bauchau","Mystery & Suspense, Drama",102
1275,a2236,Karla,2006,Joel Bender,"Laura Prepon, Misha Collins, Patrick Bauchau","Crime, Drama, Thriller",99
1276,b2960,Deep Rising,1998,Stephen Sommers,"Treat Williams, Famke Janssen, Anthony Heald, Kevin J. O'Connor","Action & Adventure, Mystery & Suspense, Science Fiction & Fantasy",106
1276,c3397,Deep Rising,1998,Stephen Sommers,"Treat Williams, Famke Janssen, Anthony Heald","Action, Adventure, Horror",106
1277,a2244,The Last Kiss,2006,Tony Goldwyn,"Zach Braff, Jacinda Barrett, Rachel Bilson","Comedy, Drama, Romance",104
1277,b1979,The Last Kiss,2006,Tony Goldwyn,"Zach Braff, Jacinda Barrett, Casey Affleck, Rachel Bilson","Drama, Romance, Comedy",104
1278,b1443,First Daughter,2004,Forest Whitaker,"Katie Holmes, Marc Blucas, Michael Keaton, Margaret Colin","Drama, Romance, Comedy",105
1278,a1661,First Daughter,2004,Forest Whitaker,"Katie Holmes, Marc Blucas, Michael Keaton","Comedy, Drama, Romance",106
1279,b1170,The Tigger Movie,2000,Jun Falkenstein,"Jim Cummings, Nikita Hopkins, Ken Sansom, John Fiedler","Animation, Kids & Family",77
1279,a1350,The Tigger Movie,2000,Jun Falkenstein,"Jim Cummings, Nikita Hopkins, Ken Sansom","Animation, Comedy, Drama, Family",77
1280,a1191,Beautiful Joe,2000,Stephen Metcalfe,"Sharon Stone, Billy Connolly, Gil Bellows","Comedy, Drama",98
1280,b1023,Beautiful Joe,2000,Stephen Metcalfe,"Billy Connolly, Sharon Stone, Gil Bellows, Jurnee Smollett","Drama, Comedy",100
1281,b543,Kill the Irishman,2011,Jonathan Hensleigh,"Ray Stevenson, Vincent D'Onofrio, Val Kilmer, Christopher Walken","Drama, Action & Adventure, Mystery & Suspense",106
1281,c1210,Kill the Irishman,2011,Jonathan Hensleigh,"Ray Stevenson, Christopher Walken, Vincent D'Onofrio","Action, Biography, Crime",106
1281,a578,Kill the Irishman,2012,Jonathan Hensleigh,"Ray Stevenson, Christopher Walken, Vincent D'Onofrio","Action, Biography, Crime, Drama, Thriller",106
1282,b2577,The Last Exorcism Part II,2013,Ed Gass-Donnelly,"Ashley Bell, Julia Garner, Spencer Treat Clark, Louis Herthum","Mystery & Suspense, Horror",88
1282,a2821,The Last Exorcism Part II,2013,Ed Gass-Donnelly,"Ashley Bell, Julia Garner, Spencer Treat Clark","Drama, Horror, Thriller",88
1283,a231,Ruby Sparks,2012,Jonathan Dayton,"Paul Dano, Zoe Kazan, Annette Bening","Comedy, Drama, Fantasy, Romance",104
1283,b228,Ruby Sparks,2012,Jonathan Dayton,"Paul Dano, Zoe Kazan, Annette Bening, Antonio Banderas","Drama, Comedy",104
1283,d1907,ruby sparks,2012,"Jonathan Dayton,Valerie Faris","Paul Dano,Zoe Kazan,Antonio Banderas,Annette Bening,Steve Coogan,Elliott Gould,Chris Messina","Comedy, Fantasy, Romance",104
1284,d3062,love in the time of cholera,2007,Mike Newell,"Javier Bardem,Giovanna Mezzogiorno,Benjamin Bratt,John Leguizamo,Liev Schreiber,Catalina Sandino Moreno,Laura Harring,Hector Elizondo","Drama, Romance, Science Fiction",139
1284,b2274,Love in the Time of Cholera,2007,Mike Newell,"Javier Bardem, Giovanna Mezzogiorno, Benjamin Bratt, Catalina Sandino Mor...","Drama, Romance",138
1284,a2494,Love in the Time of Cholera,2007,Mike Newell,"Javier Bardem, Giovanna Mezzogiorno, Benjamin Bratt","Drama, Romance",139
1285,a1850,The Derby Stallion,2005,Craig Clyde,"Bill Cobbs, Zac Efron, William R. Moses",Drama,98
1285,b1625,The Derby Stallion,2005,Craig Clyde,"Zac Efron, Bill Cobbs, Tonja Walker, William R. Moses","Drama, Kids & Family",98
1286,b1096,Lost Souls,2000,Janusz Kaminski,"Winona Ryder, Ben Chaplin, Sarah Wynter, John Hurt","Drama, Horror, Mystery & Suspense",102
1286,a1272,Lost Souls,2000,Janusz Kaminski,"Winona Ryder, Ben Chaplin, Sarah Wynter","Drama, Horror, Thriller",97
1287,b116,The Dictator,2012,Larry Charles,"Sacha Baron Cohen, Anna Faris, Ben Kingsley, John C. Reilly",Comedy,83
1287,d1926,the dictator,2012,Larry Charles,"Sacha Baron Cohen,Anna Faris,Megan Fox,Jason Mantzoukas,Ben Kingsley,John C. Reilly",Comedy,83
1287,a117,The Dictator,2012,Larry Charles,"Sacha Baron Cohen, Anna Faris, John C. Reilly",Comedy,83
1288,b830,Battle For Terra,2009,Aristomenis Tsirbas,"Evan Rachel Wood, Justin Long, Luke Wilson, Brian Cox","Action & Adventure, Animation, Science Fiction & Fantasy",79
1288,a890,Battle for Terra,2009,Aristomenis Tsirbas,"Evan Rachel Wood, Luke Wilson, Justin Long","Animation, Action, Adventure, Sci-Fi, Thriller",85
1288,c2187,Battle for Terra,2007,Aristomenis Tsirbas,"Evan Rachel Wood, Luke Wilson, Justin Long","Animation, Action, Adventure",85
1288,d2766,battle for terra,2009,Aristomenis Tsirbas,"Evan Rachel Wood,Luke Wilson,Justin Long,Brian Cox,James Garner,Dennis Quaid,Chris Evans,David Cross","Action, Adventure, Animation, Family",85
1289,b1247,Enemy at the Gates,2001,Jean-Jacques Annaud,"Jude Law, Joseph Fiennes, Ed Harris, Rachel Weisz","Drama, Action & Adventure",131
1289,a1434,Enemy at the Gates,2001,Jean-Jacques Annaud,"Jude Law, Ed Harris, Joseph Fiennes","Drama, History, Romance, Thriller, War",131
1290,a988,Love Happens,2009,Brandon Camp,"Jennifer Aniston, Aaron Eckhart, Dan Fogler","Drama, Romance",109
1290,b919,Love Happens,2009,Brandon Camp,"Jennifer Aniston, Aaron Eckhart, Dan Fogler, Judy Greer","Drama, Romance",109
1291,b2510,Girl Most Likely,2013,Shari Springer Berman,"Kristen Wiig, Annette Bening, Matt Dillon, Darren Criss",Comedy,103
1291,d1623,girl most likely,2013,"Shari Springer Berman,Robert Pulcini","Kristen Wiig,Annette Bening,June Diane Raphael,Matt Dillon,Natasha Lyonne,Darren Criss,Nathan Corddry",Comedy,103
1291,a2747,Girl Most Likely,2013,Shari Springer Berman,"Kristen Wiig, Annette Bening, Matt Dillon",Comedy,103
1292,b2783,Entrapment,1999,Jon Amiel,"Sean Connery, Catherine Zeta-Jones, Ving Rhames, Will Patton","Drama, Action & Adventure, Mystery & Suspense",113
1292,c3289,Entrapment,1999,Jon Amiel,"Sean Connery, Catherine Zeta-Jones, Ving Rhames","Action, Crime, Romance",113
1293,b502,Father of Invention,2011,Trent Cooper,"Kevin Spacey, Camilla Belle, Heather Graham, Johnny Knoxville","Drama, Comedy",93
1293,a534,Father of Invention,2011,Trent Cooper,"Kevin Spacey, Camilla Belle, Heather Graham","Comedy, Drama",93
1294,b1790,Akeelah and the Bee,2006,Doug Atchison,"Keke Palmer, Laurence Fishburne, Angela Bassett, Curtis Armstrong","Drama, Kids & Family",112
1294,d238,akeelah and the bee,2006,Doug Atchison,"Keke Palmer,Angela Bassett,Laurence Fishburne,Curtis Armstrong,J.R. Villarreal,Sahara Garey,Sean Michael Afable,Erica Hubbard","Drama, Family, Indie",112
1294,a2029,Akeelah and the Bee,2006,Doug Atchison,"Angela Bassett, Laurence Fishburne, Keke Palmer",Drama,112
1295,a2619,Wind Chill,2007,Gregory Jacobs,"Emily Blunt, Ashton Holmes, Martin Donovan","Drama, Horror, Thriller",91
1295,b2388,Wind Chill,2007,Gregory Jacobs,"Emily Blunt, Ashton Holmes, Martin Donovan, Ned Bellamy","Mystery & Suspense, Horror",91
1296,b600,Source Code,2011,Duncan Jones,"Jake Gyllenhaal, Michelle Monaghan, Vera Farmiga, Jeffrey Wright","Action & Adventure, Mystery & Suspense, Science Fiction & Fantasy",93
1296,a639,Source Code,2011,Duncan Jones,"Jake Gyllenhaal, Michelle Monaghan, Vera Farmiga","Mystery, Sci-Fi, Thriller",93
1297,a1835,Charlie and the Chocolate Factory,2005,Tim Burton,"Johnny Depp, Freddie Highmore, David Kelly","Adventure, Comedy, Family, Fantasy",115
1297,b1610,Charlie and the Chocolate Factory,2005,Tim Burton,"Johnny Depp, Freddie Highmore, David Kelly, Noah Taylor","Kids & Family, Science Fiction & Fantasy, Comedy",130
1298,b2617,Pacific Rim,2013,Guillermo del Toro,"Charlie Hunnam, Idris Elba, Rinko Kikuchi, Diego Klattenhoff","Action & Adventure, Horror, Science Fiction & Fantasy",132
1298,a2868,Pacific Rim,2013,Guillermo del Toro,"Idris Elba, Charlie Hunnam, Rinko Kikuchi","Action, Adventure, Sci-Fi",131
1299,d1734,the croods,2013,"Chris Saunders, Kirk De Micco","Nicolas Cage,Ryan Reynolds,Emma Stone,Catherine Keener,Cloris Leachman","Adventure, Animation, Comedy, Family",98
1299,a2705,The Croods,2013,Kirk De Micco,"Nicolas Cage, Ryan Reynolds, Emma Stone","Animation, Adventure, Comedy, Family, Fantasy",98
1299,b2472,The Croods,2013,Chris Sanders,"Nicolas Cage, Emma Stone, Ryan Reynolds, Catherine Keener","Action & Adventure, Animation, Kids & Family, Comedy",98
1300,a2851,Metallica Through the Never,2013,Nimród Antal,"Dane DeHaan, James Hetfield, Lars Ulrich",Music,93
1300,b2602,Metallica Through the Never,2013,Nimrd Antal,"Dane DeHaan, James Hetfield, Kirk Hammett, Lars Ulrich","Documentary, Musical & Performing Arts, Mystery & Suspense",93
1300,d1544,metallica through the never,2013,Nimród Antal,"Dane DeHaan,Mackenzie Gray,James Hetfield,Lars Ulrich,Kirk Hammett",Musical,
1301,a1116,Do You Believe?,2015,Jon Gunn,"Mira Sorvino, Sean Astin, Alexa PenaVega",Drama,120
1301,d679,do you believe?,2015,,"Mira Sorvino,Sean Astin,Alexa PenaVega,Cybill Shepherd",Drama,115
1302,b36,Barbie In A Mermaid Tale 2,2012,,"Kelly Sheridan, Ashleigh Ball, Kathleen Barr, Nicole Oliver","Animation, Kids & Family",75
1302,a34,Barbie in a Mermaid Tale 2,2012,William Lau,"Kelly Sheridan, Ashleigh Ball, Kathleen Barr","Animation, Family",73
1303,b2145,All the Days Before Tomorrow,2007,Franois Dompierre,"Richard Roundtree, Joey Kern, Alexandra Holden, Luis Chavez","Drama, Art House & International, Comedy",100
1303,a1098,All the Days Before Tomorrow,2007,François Dompierre,"Joey Kern, Alexandra Holden, Richard Roundtree","Comedy, Drama, Romance",100
1304,a2427,Freedom Writers,2007,Richard LaGravenese,"Hilary Swank, Imelda Staunton, Patrick Dempsey","Biography, Crime, Drama",123
1304,b2214,Freedom Writers,2007,Richard La Gravenese,"Hilary Swank, Patrick Dempsey, Scott Glenn, Imelda Staunton",Drama,123
1305,a784,Nights in Rodanthe,2008,George C. Wolfe,"Diane Lane, Richard Gere, Christopher Meloni","Drama, Romance",97
1305,d2959,nights in rodanthe,2008,George C. Wolfe,"Richard Gere,Diane Lane,Christopher Meloni,Viola Davis,Scott Glenn,Pablo Schreiber","Drama, Romance",97
1305,b730,Nights in Rodanthe,2008,George C Wolfe,"Diane Lane, Richard Gere, Christopher Meloni, Viola Davis","Drama, Romance",95
1306,a1571,Tomcats,2001,Gregory Poirier,"Shannon Elizabeth, Jerry O'Connell, Jake Busey",Comedy,95
1306,b1370,Tomcats,2001,Gregory Poirer,"Shannon Elizabeth, Jerry O'Connell, Jake Busey, Horatio Sanz",Comedy,95
1307,b1287,Just Visiting,2001,Jean-Marie Poir,"Jean Reno, Christina Applegate, Christian Clavier, Malcolm McDowell",Comedy,87
1307,a1478,Just Visiting,2001,Jean-Marie Poiré,"Jean Reno, Christina Applegate, Christian Clavier","Comedy, Fantasy, Sci-Fi",88
1308,a2296,Old Joy,2007,Kelly Reichardt,"Daniel London, Will Oldham, Tanya Smith",Drama,76
1308,d85,old joy,2006,Kelly Reichart,"Will Oldham,Daniel London,Tanya Smith","Drama, Indie",73
1308,b2026,Old Joy,2006,Kelly Reichardt,"Daniel London, Daniel A. Lomino, Will Oldham, Tanya Smith",Drama,73
1309,a2625,2 Guns,2013,Baltasar Kormákur,"Denzel Washington, Mark Wahlberg, Paula Patton","Action, Comedy, Crime, Drama, Thriller",109
1309,d1593,2 guns,2013,Baltasar Kormákur,"Mark Wahlberg,Denzel Washington,James Marsden,Bill Paxton,Paula Patton,Edward James Olmos","Action, Comedy, Crime, Drama, Thriller",
1309,b2394,2 Guns,2013,Baltasar Kormkur,"Denzel Washington, Mark Wahlberg, Paula Patton, Bill Paxton","Drama, Action & Adventure, Mystery & Suspense",109
1310,b2474,Dallas Buyers Club,2013,Jean-Marc Valle,"Matthew McConaughey, Jared Leto, Jennifer Garner, Dallas Roberts",Drama,117
1310,d1468,dallas buyers club,2013,Jean-Marc Vallée,"Matthew McConaughey,Jennifer Garner,Jared Leto,Dallas Roberts,Jane McNeill,Steve Zahn,Dennis O'Hare,Kevin Rankin,Griffin Dunne,Juliet Reeves",Drama,117
1310,a2707,Dallas Buyers Club,2013,Jean-Marc Vallée,"Matthew McConaughey, Jennifer Garner, Jared Leto","Biography, Drama",117
1311,a95,Contraband,2012,Baltasar Kormákur,"Mark Wahlberg, Giovanni Ribisi, Kate Beckinsale","Action, Crime, Drama, Thriller",109
1311,b95,Contraband,2012,Baltasar Kormkur,"Kate Beckinsale, Mark Wahlberg, Ben Foster, Giovanni Ribisi","Mystery & Suspense, Action & Adventure",109
1311,d2133,contraband,2012,Baltasar Kormakur,"Mark Wahlberg,Kate Beckinsale,Giovanni Ribisi,Ben Foster,J.K. Simmons,Diego Luna,Lukas Haas","Action, Crime, Drama, Thriller",109
1312,b2037,Phat Girlz,2006,Nnegest Likk,"Mo'Nique, Jimmy Jean-Louis, Godfrey, Kendra C. Johnson","Comedy, Romance",99
1312,a2308,Phat Girlz,2006,Nnegest Likké,"Mo'Nique, Kendra C. Johnson, Jimmy Jean-Louis",Comedy,99
1313,a1346,Things You Can Tell Just by Looking at Her,2000,Rodrigo García,"Glenn Close, Cameron Diaz, Calista Flockhart","Drama, Romance",109
1313,b1167,Things You Can Tell Just by Looking at Her,2000,Rodrigo Garca,"Glenn Close, Cameron Diaz, Calista Flockhart, Amy Brenneman","Drama, Comedy",106
1314,a981,Labor Pains,2009,Lara Shapiro,"Lindsay Lohan, Luke Kirby, Chris Parnell","Comedy, Romance",89
1314,b912,Labor Pains,2009,Lara Sharpiro,"Lindsay Lohan, Chris Parnell, Cheryl Hines, Luke Kirby",Comedy,89
1315,a200,Monsters Inc.,2001,Pete Docter,"Billy Crystal, John Goodman, Mary Gibbs","Animation, Adventure, Comedy, Family, Fantasy",92
1315,b196,Monsters Inc.,2001,Peter Docter,"John Goodman, Billy Crystal, Mary Gibbs, Steve Buscemi","Animation, Kids & Family, Science Fiction & Fantasy, Comedy",92
1316,a1284,Mission to Mars,2000,Brian De Palma,"Tim Robbins, Gary Sinise, Don Cheadle","Adventure, Drama, Sci-Fi, Thriller",114
1316,b1108,Mission to Mars,2000,Brian DePalma,"Gary Sinise, Tim Robbins, Don Cheadle, Connie Nielsen","Drama, Mystery & Suspense, Science Fiction & Fantasy",112
1317,c3431,Snake Eyes,1998,Brian De Palma,"Nicolas Cage, Gary Sinise, John Heard","Action, Crime, Drama",98
1317,b3092,Snake Eyes,1998,Brian DePalma,"Nicolas Cage, Gary Sinise, John Heard, Carla Gugino","Drama, Action & Adventure, Mystery & Suspense",107
1318,d1928,red lights,2012,Rodrigo Cortes,"Sigourney Weaver,Robert De Niro,Cillian Murphy,Elizabeth Olsen,Joely Richardson,Toby Jones","Mystery, Thriller",119
1318,b222,Red Lights,2012,Rodrigo Corts,"Cillian Murphy, Robert De Niro, Sigourney Weaver, Elizabeth Olsen","Mystery & Suspense, Drama",119
1318,a226,Red Lights,2012,Rodrigo Cortés,"Sigourney Weaver, Robert De Niro, Cillian Murphy","Drama, Mystery, Thriller",114
1319,c4831,Rich and Famous,1987,Taylor Wong,"Yun-Fat Chow, Andy Lau, Alex Man","Action, Crime, Drama",104
1319,c4876,Rich and Famous 2,1987,Taylor Wong,"Yun-Fat Chow, Andy Lau, Alex Man","Action, Crime, Drama",97
1320,a1572,Tortilla Soup,2001,Maria Ripoll,"Hector Elizondo, Jacqueline Obradors, Tamara Mello","Comedy, Romance, Drama",102
1320,b1371,Tortilla Soup,2001,Mara Ripoll,"Hector Elizondo, Jacqueline Obradors, Tamara Mello, Constance Marie","Comedy, Romance",102
1321,b1129,Price of Glory,2000,Carlos vila,"Jimmy Smits, Jon Seda, Ernesto Hernandez, Maria Del Mar",Drama,118
1321,a1306,Price of Glory,2000,Carlos Ávila,"Jimmy Smits, Maria del Mar, Jon Seda","Drama, Sport",118
1322,b1454,Harry Potter and the Prisoner of Azkaban,2004,Alfonso Cuarn,"Daniel Radcliffe, Emma Watson, Rupert Grint, David Thewlis","Science Fiction & Fantasy, Kids & Family",142
1322,a1671,Harry Potter and the Prisoner of Azkaban,2004,Alfonso Cuarón,"Daniel Radcliffe, Emma Watson, Rupert Grint","Adventure, Family, Fantasy, Mystery",142
1323,a2604,Vacancy,2007,Nimród Antal,"Kate Beckinsale, Luke Wilson, Frank Whaley","Horror, Thriller",85
1323,b2376,Vacancy,2007,Nimrd Antal,"Luke Wilson, Kate Beckinsale, Frank Whaley, Ethan Embry","Mystery & Suspense, Horror",85
1324,b991,Up,2009,Peter Docter,"Edward Asner, Christopher Plummer, Jordan Nagai, John Ratzenberger","Action & Adventure, Animation, Kids & Family, Comedy",89
1324,a1068,Up,2009,Pete Docter,"Edward Asner, Jordan Nagai, John Ratzenberger","Animation, Adventure, Comedy, Family",96
1325,a402,Mother and Child,2010,Rodrigo García,"Naomi Watts, Annette Bening, Kerry Washington","Drama, Romance",125
1325,b384,Mother and Child,2010,Rodrigo Garca,"Naomi Watts, Annette Bening, Kerry Washington, Samuel L. Jackson",Drama,126
1325,d2547,mother and child,2010,Rodrigo Garcia,"Annette Bening,Naomi Watts,Kerry Washington,Jimmy Smits,Samuel L. Jackson,S. Epatha Merkerson,Cherry Jones,Elpidia Carrillo,David Morse,Amy Brenneman","Drama, Romance",125
1326,a2180,Glory Road,2006,James Gartner,"Josh Lucas, Derek Luke, Austin Nichols","Biography, Drama, Sport",118
1326,b1923,Glory Road,2006,James Garner,"Josh Lucas, Derek Luke, Emily Deschanel, Austin Nichols","Sports & Fitness, Drama",117
1326,d291,glory road,2006,James Gartner,"Josh Lucas,Derek Luke,Jon Voight,Damaine Radcliff,Austin Nichols,Mehcad Brooks,Alphonso McAuley,Al Shearer,Sam Jones II",Drama,118
1327,b1826,The Black Dahlia,2006,Brian DePalma,"Josh Hartnett, Scarlett Johansson, Aaron Eckhart, Hilary Swank","Mystery & Suspense, Drama",121
1327,a2071,The Black Dahlia,2006,Brian De Palma,"Josh Hartnett, Aaron Eckhart, Scarlett Johansson","Crime, Drama, Mystery, Thriller",121
1328,b824,Armored,2009,Nimrd Antal,"Matt Dillon, Jean Reno, Laurence Fishburne, Columbus Short","Mystery & Suspense, Drama",88
1328,a883,Armored,2009,Nimród Antal,"Columbus Short, Matt Dillon, Laurence Fishburne","Action, Crime, Thriller",88
1329,b2361,Strange Culture,2007,Lynn Hershman Leeson,"Steve Kurtz, Thomas Jay Ryan, Tilda Swinton, Peter Coyote","Documentary, Drama, Special Interest",75
1329,a2588,Strange Culture,2007,Lynn Hershman-Leeson,"Thomas Jay Ryan, Tilda Swinton, Peter Coyote",Documentary,75
1330,b240,Sleepwalk With Me,2012,Mike Birbiglia,"Mike Birbiglia, Lauren Ambrose, James Rebhorn, Carol Kane","Drama, Comedy",90
1330,a243,Sleepwalk with Me,2013,Mike Birbiglia,"Mike Birbiglia, Lauren Ambrose, James Rebhorn",Comedy,81
1330,d1820,sleepwalk with me,2012,"Mike Birbiglia,Seth Barrish","Mike Birbiglia,Lauren Ambrose,Cristin Milioti,Loudon Wainwright III,James Rebhorn,Carol Kane",Comedy,90
1331,b40,Batman: The Dark Knight Returns Part 1,,Jay Oliva,"Peter Weller, Ariel Winter, David Selby, Wade Williams","Action & Adventure, Animation",134
1331,a39,Batman: The Dark Knight Returns Part 1,2012,Jay Oliva,"Peter Weller, Ariel Winter, David Selby","Animation, Action, Crime",76
1332,b319,Fair Game,2010,Doug Liman,"Naomi Watts, Sean Penn, Bruce McGill, Michael Kelly","Drama, Action & Adventure, Mystery & Suspense",108
1332,a330,Fair Game,2010,Doug Liman,"Naomi Watts, Sean Penn, Sonya Davison","Biography, Drama, Thriller",108
1332,d2383,fair game,2010,Doug Liman,"Naomi Watts,Sean Penn,Sam Shepard,Noah Emmerich,Michael Kelly,Bruce McGill","Drama, Thriller",108
1333,b2629,Phantom,2013,Todd Robinson,"Ed Harris, David Duchovny, William Fichtner, Lance Henriksen","Mystery & Suspense, Action & Adventure",98
1333,d1750,phantom,2013,Todd Robinson,"Ed Harris,David Duchovny,William Fichtner,Lance Henriksen,Johnathon Schaech,Julian Adams",,
1334,b2461,Coffin Baby,,Dean Jones,"Bruce Dern, Brian Krause, Clifton Powell, Chauntal Lewis",Horror,
1334,a2694,Coffin Baby,2015,Dean Jones,"Bruce Dern, Brian Krause, Clifton Powell",Horror,95
1335,a393,Love & Other Drugs,2010,Edward Zwick,"Jake Gyllenhaal, Anne Hathaway, Judy Greer","Comedy, Drama, Romance",112
1335,b375,Love and Other Drugs,2010,Edward Zwick,"Jake Gyllenhaal, Anne Hathaway, Oliver Platt, Hank Azaria","Drama, Romance, Comedy",112
1335,d2325,love and other drugs,2010,Edward Zwick,"Jake Gyllenhaal,Anne Hathaway,Oliver Platt,Hank Azaria,Josh Gad,Gabriel Macht","Comedy, Drama, Romance",112
1336,a523,Dolphin Tale,2011,Charles Martin Smith,"Morgan Freeman, Ashley Judd, Harry Connick Jr.","Drama, Family",113
1336,b494,Dolphin Tale,2011,Charles Martin Smith,"Ashley Judd, Nathan Gamble, Kris Kristofferson, Cozi Zuehlsdorff","Drama, Kids & Family",113
1336,d2242,dolphin tale,2011,Charles Martin Smith,"Nathan Gamble,Ashley Judd,Kris Kristofferson,Cozi Zuehlsdorff,Morgan Freeman,Austin Stowell","Drama, Family",113
1337,a583,Like Crazy,2012,Drake Doremus,"Felicity Jones, Anton Yelchin, Jennifer Lawrence","Drama, Romance",90
1337,b548,Like Crazy,2011,Drake Doremus,"Anton Yelchin, Felicity Jones, Jennifer Lawrence, Charlie Bewley","Drama, Romance",90
1337,d2097,like crazy,2011,Drake Doremus,"Anton Yelchin,Felicity Jones,Jennifer Lawrence,Charlie Bewley,Alex Kingston,Oliver Muirhead","Drama, Indie, Romance",90
1338,a2826,The Legend of Jimi Lazer,2013,Mann Munoz,"Robbie Beniuk, Patrick Mitchell, Amy Landon","Adventure, Fantasy",92
1338,b2582,The Legend Of Jimi Lazer,,Mann Munoz,"Robbie Beniuk, Patrick Mitchell, Amy Landon, Elijah Black",Action & Adventure,92
1339,a2319,Puff Puff Pass,2006,Mekhi Phifer,"Ronnie Warner, Danny Masterson, Mekhi Phifer",Comedy,95
1339,b2043,Puff Puff Pass,,Mekhi Phifer,"Danny Masterson, Ronnie Warner, Mekhi Phifer, John C. McGinley",Comedy,95
1340,a85,Christmas with the Dead,2012,T.L. Lankford,"Damian Maffei, Brad Maule, Chet Williamson",Horror,88
1340,b85,Christmas With The Dead,,T.L. Lankford,"Damian Maffei, Brad Maule, Chet Williamson, Clyde Williams",Horror,88
1341,d467,ted 2,2015,Seth MacFarlane,"Mark Wahlberg,Seth MacFarlane,Amanda Seyfried,Jessica Barth,Patrick Warburton,Morgan Freeman",Comedy,115
1341,b251,Ted 2,2015,Seth MacFarlane,"Mark Wahlberg, Seth MacFarlane, Amanda Seyfried, Jessica Barth",Comedy,115
1342,b2628,Penthouse North,,Joseph Ruben,"Michelle Monaghan, Michael Keaton, Barry Sloane, Andrew W. Walker","Mystery & Suspense, Drama",86
1342,a2879,Penthouse North,2014,Joseph Ruben,"Michelle Monaghan, Michael Keaton, Barry Sloane","Drama, Mystery, Thriller",90
1343,b1985,Little Children,2006,Todd Field,"Kate Winslet, Patrick Wilson, Jennifer Connelly, Jackie Earle Haley","Drama, Comedy",136
1343,d81,little children,2006,Todd Field,"Kate Winslet,Jennifer Connelly,Patrick Wilson,Jackie Earle Haley,Noah Emmerich,Gregg Edelman","Comedy, Drama, Indie, Romance",136
1343,a2251,Little Children,2007,Todd Field,"Kate Winslet, Jennifer Connelly, Patrick Wilson","Drama, Romance",136
1344,d2591,precious: based on the novel push by sapphire,2009,Lee Daniels,"Gabourey Sidibe,Mo'Nique,Paula Patton,Lenny Kravitz,Mariah Carey,Sherri Shepherd",Drama,110
1344,b959,Precious: Based on the Novel Push by Sapphire,2009,Lee Daniels,"Gabourey Sidibe, Mo'Nique, Paula Patton, Mariah Carey",Drama,110
1345,d1837,liberal arts,2012,Josh Radnor,"Josh Radnor,Elizabeth Olsen,Richard Jenkins,Zac Efron,Allison Janney,John Magaro","Comedy, Drama",97
1345,a180,Liberal Arts,2012,Josh Radnor,"Josh Radnor, Elizabeth Olsen, Zac Efron","Comedy, Drama",97
1345,b179,Liberal Arts,2012,Josh Radnor,"Josh Radnor, Elizabeth Olsen, Richard Jenkins, Allison Janney","Drama, Comedy",97
1346,d1782,beautiful creatures,2013,Richard Lagravenese,"Alice Englert,Alden Ehrenreich,Emma Thompson,Viola Davis,Emily Rossum,Jeremy Irons",Drama,124
1346,a2657,Beautiful Creatures,2013,Richard LaGravenese,"Alice Englert, Viola Davis, Emma Thompson","Drama, Fantasy, Romance",124
1346,b2425,Beautiful Creatures,2013,Richard LaGravenese,"Alden Ehrenreich, Alice Englert, Jeremy Irons, Viola Davis","Drama, Romance, Science Fiction & Fantasy",124
1347,b136,Flicka: Country Pride,,Michael Damian,"Clint Black, Lisa Hartman, Kacey Rohl, Lisa Hartman Black",Kids & Family,92
1347,a141,Flicka: Country Pride,2012,Michael Damian,"Clint Black, Lisa Hartman, Kacey Rohl",Family,90
1348,a2498,Margot at the Wedding,2007,Noah Baumbach,"Nicole Kidman, Jennifer Jason Leigh, Flora Cross","Comedy, Drama",91
1348,d3069,margot at the wedding,2007,Noah Baumbach,"Nicole Kidman,Jennifer Jason Leigh,Jack Black,John Turturro,Ciaran Hinds,Zane Pais","Comedy, Drama, Indie",93
1348,b2277,Margot at the Wedding,2007,Noah Baumbach,"Nicole Kidman, Jennifer Jason Leigh, Jack Black, John Turturro","Drama, Art House & International, Comedy",92
1349,b704,Inkheart,2009,Iain Softley,"Brendan Fraser, Paul Bettany, Jim Broadbent, Helen Mirren","Action & Adventure, Kids & Family, Science Fiction & Fantasy",106
1349,a753,Inkheart,2009,Iain Softley,"Brendan Fraser, Andy Serkis, Eliza Bennett","Adventure, Family, Fantasy",106
1349,d2836,inkheart,2009,Iain Softley,"Brendan Fraser,Eliza Hope Bennett,Helen Mirren,Paul Bettany,Jim Broadbent,Andy Serkis","Adventure, Drama, Family, Fantasy, Science Fiction",106
1350,d250,zathura,2005,Jon Favreau,"Josh Hutcherson,Jonah Bobo,Tim Robbins,Dax Shepard,Kristen Stewart,Frank Oz","Action, Adventure, Comedy, Family, Fantasy, Science Fiction",113
1350,b1778,Zathura,2005,Jon Favreau,"Jonah Bobo, Josh Hutcherson, Dax Shepard, Kristen Stewart","Action & Adventure, Kids & Family, Science Fiction & Fantasy",113
1351,d1685,before midnight,2013,Richard Linklater,"Ethan Hawke,Julie Delpy",,108
1351,b2426,Before Midnight,2013,Richard Linklater,"Ethan Hawke, Julie Delpy, Seamus Davey-Fitzpat..., Jennifer Prior","Drama, Romance, Comedy",108
1351,a2658,Before Midnight,2013,Richard Linklater,"Ethan Hawke, Julie Delpy, Seamus Davey-Fitzpatrick","Drama, Romance",109
1352,b169,Jeff Who Lives at Home,2012,Mark Duplass,"Jason Segel, Ed Helms, Susan Sarandon, Judy Greer",Comedy,83
1352,a172,Jeff Who Lives at Home,2012,Jay Duplass,"Jason Segel, Ed Helms, Judy Greer","Comedy, Drama",83
1352,d2067,jeff who lives at home,2012,"Jay Duplass, Mark Duplass","Jason Segel,Ed Helms,Susan Sarandon,Judy Greer,Rae Dawn Chong,Steve Zissis","Comedy, Drama, Foreign",83
1353,a2529,Normal Adolescent Behavior,2007,Beth Schacter,"Amber Tamblyn, Ashton Holmes, Kelli Garner","Drama, Romance",93
1353,b2305,Normal Adolescent Behavior,,Beth Schacter,"Amber Tamblyn, Kelli Garner, Hilarie Burton, Ashton Holmes","Art House & International, Drama",95
1354,a2901,Robotech: Love Live Alive,2013,Gregory Snegoff,"Frank Catalano, Cam Clarke, Richard Epcar","Animation, Action, Adventure, Sci-Fi",89
1354,b2650,Robotech: Love Live Alive,,Gregory Snegoff,"Frank Catalano, Cam Clarke, Richard Epcar, Barbara Goodson","Action & Adventure, Animation, Science Fiction & Fantasy",89
1355,d1833,hello i must be going,2012,Todd Louiso,"Melanie Lynskey,Christopher Abbott,Blythe Danner,John Rubinstein,Julie White,Dan Futterman","Comedy, Drama, Romance",95
1355,b157,Hello I Must Be Going,2012,Todd Louiso,"Melanie Lynskey, Blythe Danner, Christopher Abbott, John Rubinstein","Drama, Comedy",95
1356,d2240,restless,2011,Gus Van Sant,"Henry Hopper,Mia Wasikowska,Ryo Kase,Schuyler Fisk,Jane Adams,Lusia Strus","Drama, Indie, Romance",91
1356,b581,Restless,2011,Gus Van Sant,"Henry Hopper, Mia Wasikowska, Ryo Kase, Schuyler Fisk",Drama,91
1357,b2627,Pawn Sacrifice,2015,Edward Zwick,"Tobey Maguire, Peter Sarsgaard, Liev Schreiber, Michael Stuhlbarg",Drama,114
1357,d423,pawn sacrifice,2015,Edward Zwick,"Tobey Maguire,Lily Rabe,Peter Sarsgaard,Liev Schreiber,Sophie Nélisse,Michael Stuhlbarg",Drama,114
1358,d2780,the great buck howard,2009,Sean McGinly,"John Malkovich,Colin Hanks,Emily Blunt,Griffin Dunne,Steve Zahn,Ricky Jay","Action, Adventure, Comedy, Drama, Indie",87
1358,b882,The Great Buck Howard,2009,Sean McGinly,"John Malkovich, Colin Hanks, Emily Blunt, Steve Zahn","Drama, Comedy",87
1358,a946,The Great Buck Howard,2009,Sean McGinly,"Colin Hanks, John Malkovich, Tom Hanks","Comedy, Drama",90
1359,a713,Elegy,2008,Isabel Coixet,"Ben Kingsley, Penélope Cruz, Patricia Clarkson","Drama, Romance",112
1359,d2940,elegy,2008,Isabel Coixet,"Ben Kingsley,Penelope Cruz,Patricia Clarkson,Peter Sarsgaard,Dennis Hopper,Deborah Harry","Drama, Romance",112
1359,b667,Elegy,2008,Isabel Coixet,"Penelope Cruz, Ben Kingsley, Peter Sarsgaard, Dennis Hopper",Drama,112
1360,d1662,dirty wars,2013,Richard Rowley,,,87
1360,b2479,Dirty Wars,2013,Rick Rowley,"Jeremy Scahill, Abdul Ghafoor Mohame..., Raouf Hikal, Mohammed Tahir","Documentary, Special Interest",87
1360,a2712,Dirty Wars,2013,Rick Rowley,"Jeremy Scahill, Nasser Al Aulaqi, Saleha Al Aulaqi","Documentary, Crime, Drama, Mystery, War",87
1361,b109,Deadline,,Sean McConville,"Brittany Murphy, Thora Birch, Marc Blucas, Tammy Blanchard","Drama, Horror, Mystery & Suspense",89
1361,a110,Deadline,2010,Sean McConville,"Brittany Murphy, Thora Birch, Tammy Blanchard","Drama, Horror, Thriller",85
1362,d1483,nebraska,2013,Alexander Payne,"Will Forte,Bruce Dern,Bob Odenkirk,June Squibb,Stacy Keach,Missy Doty",Drama,110
1362,b2608,Nebraska,2013,Alexander Payne,"Bruce Dern, Will Forte, June Squibb, Bob Odenkirk",Drama,115
1362,a2858,Nebraska,2014,Alexander Payne,"Bruce Dern, Will Forte, June Squibb","Adventure, Comedy, Drama",115
1363,d1805,luv,2013,Sheldon Candis,"Common,Michael Rainey Jr.,Dennis Haysbert,Danny Glover,Charles S. Dutton,Lonette McKee",Drama,95
1363,b2594,LUV,2013,Sheldon Candis,"Common, Michael Rainey Jr., Dennis Haysbert, Danny Glover",Drama,94
1364,d2183,the rum diary,2011,Bruce Robinson,"Johnny Depp,Aaron Eckhart,Michael Rispoli,Amber Heard,Richard Jenkins,Giovanni Ribisi","Comedy, Drama",120
1364,b587,The Rum Diary,2011,Bruce Robinson,"Johnny Depp, Aaron Eckhart, Michael Rispoli, Amber Heard","Drama, Action & Adventure, Comedy",120
1364,a623,The Rum Diary,2011,Bruce Robinson,"Johnny Depp, Giovanni Ribisi, Aaron Eckhart","Comedy, Drama",120
1365,b2020,The Night of the White Pants,,Amy Talkington,"Tom Wilkinson, Nick Stahl, Selma Blair, Geri Jewell","Drama, Comedy",87
1365,a2290,The Night of the White Pants,2006,Amy Talkington,"Tom Wilkinson, Nick Stahl, Selma Blair","Comedy, Drama",87
1366,a697,Cloverfield,2008,Matt Reeves,"Mike Vogel, Jessica Lucas, Lizzy Caplan","Adventure, Horror, Sci-Fi",85
1366,b649,Cloverfield,2008,Matt Reeves,"Lizzy Caplan, Jessica Lucas, T.J. Miller, Michael Stahl-David","Action & Adventure, Mystery & Suspense, Science Fiction & Fantasy",84
1366,d3114,cloverfield,2008,Matt Reeves,"Michael Stahl-David,T.J. Miller,Jessica Lucas,Lizzy Caplan,Mike Vogel,Odette Yustman","Action, Horror, Science Fiction, Thriller",85
1367,d283,rumor has it,2005,Rob Reiner,"Jennifer Aniston,Kevin Costner,Shirley MacLaine,Mark Ruffalo,Mena Suvari,Richard Jenkins","Comedy, Drama, Romance",97
1367,b1736,Rumor Has It,2005,Rob Reiner,"Jennifer Aniston, Kevin Costner, Shirley MacLaine, Mark Ruffalo",Comedy,97
1368,a1887,Her Minor Thing,2005,Charles Matthau,"Estella Warren, Christian Kane, Michael Weatherly","Comedy, Romance",91
1368,b1658,Her Minor Thing,,Charles Matthau,"Estella Warren, Christian Kane, Michael Weatherly, Rachel Dratch","Drama, Comedy",91
1369,d3149,the great debaters,2007,Denzel Washington,"Denzel Washington,Forest Whitaker,Nate Parker,Jurnee Smollett,Denzel Whitaker,Jermaine Williams","Drama, Family",126
1369,a2443,The Great Debaters,2007,Denzel Washington,"Denzel Washington, Forest Whitaker, Kimberly Elise","Biography, Drama",126
1369,b2229,The Great Debaters,2007,Denzel Washington,"Denzel Washington, Nate Parker, Jurnee Smollett, Denzel Whitaker",Drama,127
1370,d2275,straw dogs,2011,Rod Lurie,"James Marsden,Kate Bosworth,Alexander Skarsgard,James Woods,Dominic Purcell,Anson Mount",Thriller,110
1370,b601,Straw Dogs,2011,Rod Lurie,"James Marsden, Kate Bosworth, James Woods, Dominic Purcell",Mystery & Suspense,109
1370,a638,Straw Dogs,2011,Rod Lurie,"James Marsden, Kate Bosworth, Alexander Skarsgård","Horror, Thriller",110
1371,a2706,Cutie and the Boxer,2013,Zachary Heinzerling,"Ushio Shinohara, Noriko Shinohara, Alex Shinohara","Documentary, Biography",82
1371,b2473,Cutie And The Boxer,2013,Zachary Heinzerling,"Ushio Shinohara, Noriko Shinohara, Robert H. Harvey, Zachary Heinzerling","Documentary, Special Interest",82
1371,d1614,cutie and the boxer,2013,Zachary Heinzerling,"Noriko Shinohara,Ushio Shinohara",,81
1372,a936,Friday the 13th,2009,Marcus Nispel,"Jared Padalecki, Amanda Righetti, Derek Mears",Horror,97
1372,b874,Friday the 13th,2009,Marcus Nispel,"Jared Padalecki, Danielle Panabaker, Amanda Righetti, Travis Van Winkle","Mystery & Suspense, Horror",98
1372,d2854,friday the 13th,2009,Marcus Nispel,"Jared Padalecki,Danielle Panabaker,Amanda Righetti,Travis Van Winkle,Aaron Yoo,Derek Mears",Horror,97
1373,b317,The Extra Man,2010,Robert Pulcini,"Kevin Kline, Paul Dano, John C. Reilly, Katie Holmes",Comedy,108
1373,a328,The Extra Man,2011,Shari Springer Berman,"Kevin Kline, Paul Dano, Katie Holmes",Comedy,108
1373,d2472,the extra man,2010,"Shari Springer Berman,Robert Pulcini","Paul Dano,Kevin Kline,Katie Holmes,John C. Reilly,Celia Weston,Marian Seldes","Comedy, Drama, Indie",108
1374,a23,Arcadia,2014,Olivia Silver,"Ryan Simpkins, Ty Simpkins, Kendall Toole",Drama,91
1374,b25,Arcadia,,Olivia Silver,"John Hawkes, Ryan Simpkins, Kendall Toole, Ty Simpkins",Drama,91
1375,a1211,Chinese Coffee,2000,Al Pacino,"Al Pacino, Jerry Orbach, Susan Floyd",Drama,99
1375,b1041,Chinese Coffee,,Al Pacino,"Al Pacino, Jerry Orbach, Susan Floyd, Ellen McElduff",Drama,99
1376,d1723,the incredible burt wonderstone,2013,Don Scardino,"Steve Carell,Jim Carrey,Alan Arkin,Steve Buscemi,James Gandolfini,Olivia Wilde",,
1376,a2791,The Incredible Burt Wonderstone,2013,Don Scardino,"Steve Carell, Luke Vanek, Steve Buscemi","Comedy, Romance",100
1376,b2550,The Incredible Burt Wonderstone,2013,Don Scardino,"Steve Carell, Steve Buscemi, Olivia Wilde, Jim Carrey",Comedy,100
1377,d630,pitch perfect 2,2015,Elizabeth Banks,"Anna Kendrick,Rebel Wilson,Brittany Snow,Hailee Steinfeld,Hana Mae Lee,Shelley Regner","Comedy, Music",115
1377,b210,Pitch Perfect 2,2015,Elizabeth Banks,"Anna Kendrick, Rebel Wilson, Brittany Snow, Hailee Steinfeld","Musical & Performing Arts, Comedy",114
1378,d1609,paranoia,2013,Robert Luketic,"Amber Heard,Harrison Ford,Liam Hemsworth,Gary Oldman,Josh Holloway,Embeth Davidtz","Drama, Thriller",
1378,b2623,Paranoia,2013,Robert Luketic,"Liam Hemsworth, Gary Oldman, Harrison Ford, Amber Heard","Mystery & Suspense, Drama",106
1379,a12,Air Collision,2012,Liz Adams,"Reginald VelJohnson, Jordan Ladd, Gerald Webb","Action, Adventure, Thriller",92
1379,b13,Air Collision,,Liz Adams,"Jordan Ladd, Gerald Webb, Reginald VelJohnson, Michael Teh",Action & Adventure,90
1380,b84,A Christmas Story 2,,Brian Levant,"Braeden Lemasters, Daniel Stern, Valin Shinyei, Stacey Travis",Comedy,85
1380,a84,A Christmas Story 2,2012,Brian Levant,"Daniel Stern, Braeden Lemasters, Stacey Travis","Comedy, Family",85
1380,d3427,a christmas story,1983,,,"Comedy, Drama, Family, Holiday",94
1381,b22,Apostle Peter and the Last Supper,,Gabriel Sabloff,"Robert Loggia, Bruce Marchiano, Laurence Fuller, Ryan Alosio","Drama, Faith & Spirituality",88
1381,a20,Apostle Peter and the Last Supper,2012,Gabriel Sabloff,"Robert Loggia, Bruce Marchiano, Laurence Fuller","Drama, History",
1382,a2468,In the Valley of Elah,2007,Paul Haggis,"Tommy Lee Jones, Charlize Theron, Jonathan Tucker","Crime, Drama, Mystery, Thriller",121
1382,d48,in the valley of elah,2007,Paul Haggis,"Tommy Lee Jones,Charlize Theron,Jason Patric,Susan Sarandon,Jonathan Tucker,James Franco","Crime, Drama, Mystery, Thriller",124
1382,b2251,In the Valley of Elah,2007,Paul Haggis,"Tommy Lee Jones, Charlize Theron, Jason Patric, Susan Sarandon",Drama,121
1383,b60,Blood For Irina,,Chris Alexander,"Shauna Henry, Carrie Gemmell, David Goodfellow, Andre Becker",Horror,70
1383,a59,Blood for Irina,2012,Chris Alexander,"Shauna Henry, Carrie Gemmell, David Goodfellow",Horror,70
1384,d2853,confessions of a shopaholic,2009,P.J. Hogan,"Isla Fisher,Hugh Dancy,Joan Cusack,John Goodman,John Lithgow,Kristin Scott Thomas","Comedy, Drama, Romance",104
1384,b848,Confessions of a Shopaholic,2009,P.J. Hogan,"Isla Fisher, Hugh Dancy, Joan Cusack, John Goodman","Drama, Comedy",112
1384,a912,Confessions of a Shopaholic,2009,P.J. Hogan,"Isla Fisher, Hugh Dancy, Krysten Ritter","Comedy, Romance",104
1385,b2554,Insidious: Chapter 2,2013,James Wan,"Patrick Wilson, Rose Byrne, Ty Simpkins, Lin Shaye","Mystery & Suspense, Horror",106
1385,d1575,insidious chapter 2,2013,James Wan,"Rose Byrne,Patrick Wilson,Lin Shaye,Ty Simpkins,Barbara Hershey","Horror, Thriller",
1386,b2293,My Faraway Bride,,Rajeev Virani,"Kashmira Shah, Jason Lewis, Gulshan Grover, Gulsher Grover","Drama, Romance, Comedy",94
1386,a2516,My Faraway Bride,2007,Rajeev Virani,"Jason Lewis, Kashmira Shah, Gulshan Grover","Comedy, Drama, Romance",95
1387,d2488,cop out,2010,Kevin Smith,"Bruce Willis,Tracy Morgan,Seann William Scott,Kevin Pollak,Adam Brody,Michelle Trachtenberg","Action, Comedy, Crime",107
1387,a307,Cop Out,2010,Kevin Smith,"Bruce Willis, Tracy Morgan, Juan Carlos Hernández","Action, Comedy, Crime",107
1387,b297,Cop Out,2010,Kevin Smith,"Bruce Willis, Tracy Morgan, Adam Brody, Kevin Pollak",Comedy,110
1388,b2541,How To Be A Man,,Chadd Harbold,"Gavin McInnes, Liam Aiken, Megan Neuringer, Marisa Redanty",Comedy,90
1388,a2781,How to Be a Man,2014,Chadd Harbold,"Gavin McInnes, Liam Aiken, Megan Neuringer",Comedy,85
1389,d384,the man from u.n.c.l.e.,2015,Guy Ritchie,"Alicia Vikander,Henry Cavill,Hugh Grant,Armie Hammer,Jared Harris,Elizabeth Debicki","Action, Adventure, Comedy",116
1389,b1700,The Man From U.N.C.L.E.,2015,Guy Ritchie,"Henry Cavill, Armie Hammer, Alicia Vikander, Hugh Grant","Action & Adventure, Mystery & Suspense, Comedy",116
1390,a1362,The Visit,2015,M. Night Shyamalan,"Olivia DeJonge, Ed Oxenbould, Deanna Dunagan","Horror, Thriller",94
1390,b1181,The Visit,2015,M. Night Shyamalan,"Kathryn Hahn, Deanna Dunagan, Peter McRobbie, Ed Oxenbould","Mystery & Suspense, Horror",94
1390,d415,the visit,2015,M. Night Shyamalan,"Kathryn Hahn,Ed Oxenbould,Benjamin Kanes,Peter McRobbie,Olivia DeJonge,Deanna Dunagan","Comedy, Horror",94
1391,a2549,Press Start,2007,Ed Glaser,"Joshua Stafford, Lauren Chambers, Al Morrison",Comedy,100
1391,b2321,Press Start,,Ed Glaser,"Joshua Stafford, Lauren Chambers, Al Morrison, Peter A. Davis","Action & Adventure, Science Fiction & Fantasy, Comedy",100
1392,a2646,AE: Apocalypse Earth,2013,Thunder Levin,"Adrian Paul, Richard Grieco, Bali Rodriguez","Action, Sci-Fi",87
1392,b2415,AE: Apocalypse Earth,,Thunder Levin,"Adrian Paul, Bali Rodriguez, Michelle Jones, Richard Grieco",Science Fiction & Fantasy,90
1393,a315,Dear John,2010,Lasse Hallström,"Channing Tatum, Amanda Seyfried, Richard Jenkins","Drama, Romance, War",108
1393,d2553,dear john,2010,Lasse Hallstrom,"Channing Tatum,Amanda Seyfried,Richard Jenkins,Henry Thomas,D.J. Cotrona,Cullen Moss","Drama, Romance",115
1393,b305,Dear John,2010,Lasse Hallstrom,"Channing Tatum, Amanda Seyfried, Richard Jenkins, Henry Thomas","Drama, Romance",109
1394,b127,Excision,,Richard Bates Jr.,"AnnaLynne McCord, Traci Lords, Ariel Winter, Roger Bart",Horror,81
1394,a132,Excision,2012,Richard Bates Jr.,"AnnaLynne McCord, Roger Bart, Ariel Winter","Drama, Horror",81
1395,b2687,Sunlight Jr.,2013,Laurie Collyer,"Naomi Watts, Matt Dillon, Norman Reedus, Tess Harper",Drama,95
1395,d1445,sunlight jr.,2013,Laurie Collyer,"Naomi Watts,Matt Dillon,Norman Reedus,Tess Harper,Antoni Corone,William Haze",,94
1396,b2248,I Know Who Killed Me,2007,Chris Siverston,"Lindsay Lohan, Julia Ormond, Neal McDonough, Brian Geraghty","Mystery & Suspense, Drama",106
1396,a2464,I Know Who Killed Me,2007,Chris Sivertson,"Lindsay Lohan, Julia Ormond, Neal McDonough","Crime, Mystery, Thriller",105
1397,a2001,An Unfinished Life,2005,Lasse Hallström,"Jennifer Lopez, Robert Redford, Morgan Freeman",Drama,108
1397,b1766,An Unfinished Life,2005,Lasse Hallstrom,"Robert Redford, Jennifer Lopez, Morgan Freeman, Josh Lucas",Drama,107
1398,b2134,1408,2007,Mikael Hfstrm,"John Cusack, Samuel L. Jackson, Mary McCormack, Tony Shalhoub","Mystery & Suspense, Horror",94
1398,a1086,1408,2007,Mikael Håfström,"John Cusack, Samuel L. Jackson, Mary McCormack",Horror,104
1399,a2256,LOL,2012,Lisa Azuelos,"Miley Cyrus, Douglas Booth, Ashley Greene","Comedy, Drama, Romance",97
1399,b1991,LOL,2012,Liza Azuelos,"Miley Cyrus, Demi Moore, Ashley Greene, Douglas Booth",Comedy,96
1400,c1258,Violet & Daisy,2011,Geoffrey Fletcher,"Saoirse Ronan, Alexis Bledel, James Gandolfini","Action, Comedy, Crime",88
1400,d1648,violet & daisy,2013,Geoffrey Fletcher,"Saoirse Ronan,Alexis Bledel,Danny Trejo,James Gandolfini,Tatiana Maslany,Cody Horn",Thriller,
1400,b2702,Violet & Daisy,2013,Geoffrey S. Fletcher,"Alexis Bledel, Saoirse Ronan, James Gandolfini, Marianne Jean-Baptis...","Drama, Action & Adventure, Mystery & Suspense",88
1400,a2956,Violet & Daisy,2013,Geoffrey Fletcher,"Saoirse Ronan, Alexis Bledel, James Gandolfini","Action, Comedy, Crime, Drama, Thriller",88
1401,d2189,martha marcy may marlene,2011,Sean Durkin,"Elizabeth Olsen,Sarah Paulson,Hugh Dancy,John Hawkes,Brady Corbet","Drama, Thriller",102
1401,a591,Martha Marcy May Marlene,2011,Sean Durkin,"Elizabeth Olsen, Sarah Paulson, John Hawkes","Drama, Thriller",102
1401,b556,Martha Marcy May Marlene,2011,T. Sean Durkin,"Elizabeth Olsen, Sarah Paulson, John Hawkes, Hugh Dancy","Mystery & Suspense, Drama",102
1402,d3097,strength and honor,2007,Mark Mahon,"Michael Madsen,Vinnie Jones,Richard Chamberlain,Patrick Bergin",,
1402,c2164,Strength and Honour,2007,Mark Mahon,"Michael Madsen, Vinnie Jones, Patrick Bergin","Action, Drama",95
1403,c3390,The Avengers,1998,Jeremiah S. Chechik,"Ralph Fiennes, Uma Thurman, Sean Connery","Action, Adventure, Sci-Fi",89
1403,b31,The Avengers,1998,Jeremiah Chechik,"Ralph Fiennes, Uma Thurman, Sean Connery, Eileen Atkins",Action & Adventure,90
1404,a1016,Notorious,2009,George Tillman Jr.,"Jamal Woolard, Anthony Mackie, Derek Luke","Biography, Drama, Music",122
1404,d2839,notorious,2009,George Tillman Jr,"Jamal Woolard,Angela Bassett,Derek Luke,Antonique Smith,Anthony Mackie,Naturi Naughton","Drama, Musical",122
1404,b945,Notorious,2009,George Tillman Jr.,"Jamal Woolard, Angela Bassett, Derek Luke, Antonique Smith","Musical & Performing Arts, Drama",123
1405,b1732,The Ringer,2005,Barry Blaustein,"Johnny Knoxville, Brian Cox, Katherine Heigl, Geoffrey Arend",Comedy,90
1405,a1966,The Ringer,2005,Barry W. Blaustein,"Johnny Knoxville, Katherine Heigl, Brian Cox","Comedy, Sport",94
1405,d284,the ringer,2005,Barry W. Blaustein,"Johnny Knoxville,Brian Cox,Katherine Heigl,Zen Gesner,Luis Avalos,Leonard Flowers,Mohammad Ahmed,Bill Chott,Edward Barbanell,Camille Chen","Comedy, Sports Film",94
1406,b462,Apollo 18,2011,Gonzalo Lopez Gallego,"Warren Christie, Lloyd Owen, Ryan Robbins, Michael Kopsa","Science Fiction & Fantasy, Horror",88
1406,a486,Apollo 18,2011,Gonzalo López-Gallego,"Warren Christie, Lloyd Owen, Ryan Robbins","Horror, Mystery, Sci-Fi, Thriller",86
1407,d2354,kaboom,2011,,"Thomas Dekker,Haley Bennett,Roxane Mesquida,Chris Zylka,Nicole LaLiberte,Juno Temple","Animation, Family",91
1407,b353,Kaboom,2011,Gregg Araki,"Thomas Dekker, Haley Bennett, Chris Zylka, Roxane Mesquida","Horror, Science Fiction & Fantasy, Comedy",86
1407,a370,Kaboom,2010,Gregg Araki,"Thomas Dekker, Haley Bennett, Chris Zylka","Comedy, Mystery, Sci-Fi",86
1408,a274,The Words,2012,Brian Klugman,"Bradley Cooper, Dennis Quaid, Olivia Wilde","Drama, Mystery, Romance",102
1408,d1823,the words,2012,"Brian Klugman, Lee Sternthal","Bradley Cooper,Dennis Quaid,Zoe Saldana,Olivia Wilde,Jeremy Irons","Drama, Thriller",96
1409,a1688,Keane,2005,Lodge Kerrigan,"Damian Lewis, Abigail Breslin, Amy Ryan","Drama, Mystery, Thriller",100
1409,b1473,Keane,2005,Lodge H. Kerrigan,"Damian Lewis, Amy Ryan, Abigail Breslin, John Tormey","Mystery & Suspense, Drama",94
1410,b287,Burying the Ex,2015,Joe Dante,"Anton Yelchin, Ashley Greene, John Hora, Alexandra Daddario","Horror, Romance, Comedy",99
1410,d457,burying the ex,2015,Joe Dante,"Anton Yelchin,Ashley Greene,Alexandra Daddario,Oliver Cooper","Comedy, Horror",89
1411,c310,The November Man,2014,Roger Donaldson,"Pierce Brosnan, Luke Bracey, Olga Kurylenko","Action, Crime, Thriller",108
1411,d996,the november man,2014,Roger Donaldson,"Pierce Brosnan,Luke Bracey,Olga Kurylenko,Will Patton,Bill Smitrovich","Action, Thriller",108
1412,d2479,centurion,2010,Neil Marshall,"Michael Fassbender,Dominic West,Olga Kurylenko,Imogen Poots,Noel Clarke","Action, Drama, Foreign, Thriller",97
1412,c1444,Centurion,2010,Neil Marshall,"Michael Fassbender, Dominic West, Olga Kurylenko","Action, Adventure, Drama",97
1413,d2929,rachel getting married,2008,Jonathan Demme,"Anne Hathaway,Rosemarie DeWitt,Debra Winger,Bill Irwin,Anna Deavere Smith","Drama, Indie",113
1413,a804,Rachel Getting Married,2008,Jonathan Demme,"Anne Hathaway, Rosemarie DeWitt, Debra Winger","Drama, Romance",113
1413,b747,Rachel Getting Married,2008,Jonathan Demme,"Anne Hathaway, Rosemarie DeWitt, Bill Irwin, Tunde Adebimpe","Drama, Romance",113
1414,a627,Mean Streets,1973,Martin Scorsese,"Robert De Niro, Harvey Keitel, David Proval","Crime, Drama",112
1414,d3354,mean streets,1973,Martin Scorsese,"Robert De Niro,Harvey Keitel,David Proval,Amy Robinson,Richard Romanus","Action, Crime, Drama",110
1415,a2902,Runner Runner,2013,Brad Furman,"Ben Affleck, Justin Timberlake, Gemma Arterton","Crime, Thriller",91
1415,d1509,runner runner,2013,Brad Furman,"Ben Affleck,Gemma Arterton,Justin Timberlake,Anthony Mackie,David Costabile","Crime, Drama, Thriller",91
1416,d3139,grace is gone,2007,James C. Strouse,"John Cusack,Shelan O'Keefe,Gracie Bednarczyk,Alessandro Nivola","Drama, Indie",85
1416,b2227,Grace Is Gone,2007,James C. Strouse,"John Cusack, Gracie Bednarczyk, Alessandro Nivola, Grace Phillips",Drama,92
1417,d1868,chasing mavericks,2012,"Michael Apted,Curtis Hanson","Gerard Butler,Jonny Weston,Elisabeth Shue,Abigail Spencer,Taylor Handley","Drama, Sport",117
1417,b81,Chasing Mavericks,2012,Curtis Hanson,"Gerard Butler, Jonny Weston, John Weston, Elisabeth Shue",Drama,116
1417,a81,Chasing Mavericks,2012,Michael Apted,"Jonny Weston, Gerard Butler, Elisabeth Shue","Biography, Drama, Sport",116
1418,d2629,it's complicated,2009,Nancy Meyers,"Meryl Streep,Alec Baldwin,Steve Martin,John Krasinski,Lake Bell","Comedy, Romance",121
1418,a975,It's Complicated,2009,Nancy Meyers,"Meryl Streep, Steve Martin, Alec Baldwin","Comedy, Romance",120
1419,c1168,Season of the Witch,2011,Dominic Sena,"Nicolas Cage, Ron Perlman, Claire Foy","Action, Adventure, Fantasy",95
1419,d2332,season of the witch,2011,Dominic Sena,"Nicolas Cage,Ron Perlman,Claire Foy,Robert Sheehan,Christopher Lee","Action, Adventure, Drama, Fantasy, Science Fiction, Thriller",95
1419,b590,Season of the Witch,2011,Dominic Sena,"Nicolas Cage, Ron Perlman, Stephen Campbell Moo..., Stephen Graham","Drama, Action & Adventure, Mystery & Suspense, Science Fiction & Fantasy",92
1420,d2276,bellflower,2011,Evan Glodell,"Evan Glodell,Jessie Wiseman,Tyler Dawson,Rebekah Brandes,Vincent Grashaw","Action, Drama, Indie, Romance",106
1420,c1188,Bellflower,2011,Evan Glodell,"Evan Glodell, Tyler Dawson, Jessie Wiseman","Action, Drama, Romance",106
1421,a301,The Chronicles of Narnia: The Voyage of the Dawn Treader,2010,Michael Apted,"Ben Barnes, Skandar Keynes, Georgie Henley","Adventure, Family, Fantasy",113
1421,d2289,the chronicles of narnia: the voyage of the dawn treader,2010,Michael Apted,"Skandar Keynes,Georgie Henley,Will Poulter,Ben Barnes,Tilda Swinton","Adventure, Family, Fantasy, Foreign, Science Fiction",113
1422,b1977,The Lake House,2006,Alejandro Agresti,"Keanu Reeves, Sandra Bullock, Shohreh Aghdashloo, Dylan Walsh","Drama, Romance",98
1422,a2241,The Lake House,2006,Alejandro Agresti,"Keanu Reeves, Sandra Bullock, Christopher Plummer","Drama, Fantasy, Romance",99
1422,d206,the lake house,2006,Alejandro Agresti,"Keanu Reeves,Sandra Bullock,Shoreh Aghdashloo,Christopher Plummer,Ebon Moss-Bachrach","Drama, Fantasy, Romance, Science Fiction",99
1423,b664,Doubt,2008,John Patrick Shanley,"Meryl Streep, Philip Seymour Hoffm..., Amy Adams, Lloyd Clay Brown",Drama,104
1423,a710,Doubt,2008,John Patrick Shanley,"Meryl Streep, Philip Seymour Hoffman, Amy Adams","Drama, Mystery",104
1423,d2911,doubt,2008,John Patrick Shanley,"Meryl Streep,Philip Seymour Hoffman,Amy Adams,Viola Davis,Joseph Foster II","Drama, Mystery",104
1424,a520,The Devil's Double,2011,Lee Tamahori,"Dominic Cooper, Ludivine Sagnier, Raad Rawi","Biography, Drama, Thriller",109
1424,d2198,the devil's double,2011,Lee Tamahori,"Dominic Cooper,Ludivine Sagnier,Mimoun Oaissa,Raad Rawi,Philip Quast","Action, Crime, Drama, Foreign, Thriller, War",109
1425,a2563,Savage Grace,2008,Tom Kalin,"Julianne Moore, Eddie Redmayne, Stephen Dillane",Drama,97
1425,d3027,savage grace,2008,Tom Kalin,"Julianne Moore,Stephen Dillane,Eddie Redmayne,Hugh Dancy,Belen Rueda",Drama,97
1425,b2337,Savage Grace,2007,Tom Kalin,"Julianne Moore, Stephen Dillane, Eddie Redmayne, Elena Anaya",Drama,94
1426,c381,The Purge: Anarchy,2014,James DeMonaco,"Frank Grillo, Carmen Ejogo, Zach Gilford","Action, Horror, Sci-Fi",103
1426,d1044,the purge: anarchy,2014,James Demonaco,"Frank Grillo,Carmen Ejogo,Zach Gilford,Kiele Sanchez,Zoe Soul","Horror, Thriller",103
1427,d2637,crazy heart,2009,Scott Cooper,"Jeff Bridges,Maggie Gyllenhaal,Robert Duvall,Colin Farrell","Drama, Indie, Music, Romance",112
1427,b853,Crazy Heart,2009,Scott Cooper,"Jeff Bridges, Maggie Gyllenhaal, Beth Grant, Robert Duvall","Drama, Romance, Musical & Performing Arts",112
1427,a916,Crazy Heart,2010,Scott Cooper,"Jeff Bridges, Maggie Gyllenhaal, Colin Farrell","Drama, Music, Romance",112
1428,c3358,The Omega Code,1999,Robert Marcarelli,"Casper Van Dien, Michael York, Catherine Oxenberg","Action, Adventure, Fantasy",100
1428,b2859,The Omega Code,1999,Rob Marcarelli,"Casper Van Dien, Michael York, Catherine Oxenberg, Michael Ironside","Drama, Action & Adventure, Mystery & Suspense",99
1429,d625,slow west,2015,John Maclean,"Michael Fassbender,Ben Mendelsohn,Kodi Smit-McPhee,Caren Pistorius,Rory McCann","Action, Thriller, Western",84
1429,c64,Slow West,2015,John Maclean,"Kodi Smit-McPhee, Michael Fassbender, Ben Mendelsohn","Action, Thriller, Western",84
1430,a2219,Inland Empire,2007,David Lynch,"Laura Dern, Jeremy Irons, Justin Theroux","Drama, Mystery, Thriller",180
1430,d97,inland empire,2007,David Lynch,"Laura Dern,Jeremy Irons,Harry Dean Stanton,Justin Theroux,Peter J. Lucas","Drama, Indie, Mystery, Thriller",172
1430,b1958,Inland Empire,2006,David Lynch,"Laura Dern, Jeremy Irons, Justin Theroux, Harry Dean Stanton","Drama, Mystery & Suspense, Special Interest",179
1431,d2858,bride wars,2009,Gary Winick,"Kate Hudson,Anne Hathaway,Candice Bergen,Kristen Johnston,Steve Howey","Comedy, Romance",89
1431,b836,Bride Wars,2009,Gary Winick,"Kate Hudson, Anne Hathaway, Bryan Greenberg, Chris Pratt",Comedy,89
1431,a897,Bride Wars,2009,Gary Winick,"Kate Hudson, Anne Hathaway, Candice Bergen","Comedy, Romance",89
1432,c825,Madras Cafe,2013,Shoojit Sircar,"Nargis Fakhri, John Abraham, Rashi Khanna","Action, Drama, History",130
1432,d1579,madras cafe,2013,Shoojit Sircar,"John Abraham,Nargis Fakhri,Rashi Khanna,Siddharth Basu,Prakash Belawadi",,
1433,d2446,jack goes boating,2010,Philip Seymour Hoffman,"Philip Seymour Hoffman,John Ortiz,Amy Ryan,Daphne Rubin-Vega,Tom McCarthy","Comedy, Drama, Indie, Romance",89
1433,a365,Jack Goes Boating,2010,Philip Seymour Hoffman,"Philip Seymour Hoffman, Amy Ryan, John Ortiz","Comedy, Drama, Romance",89
1433,b349,Jack Goes Boating,2010,Philip Seymour Hoffman,"Philip Seymour Hoffm..., Amy Ryan, John Ortiz, Daphne Rubin-Vega","Comedy, Romance",91
1434,d1449,boss,2013,Anthony D'Souza,"Akshay Kumar,Mithun Chakraborty,Shiv Pandit,Ronit Roy,Aditi Rao Hydari","Action, Drama",143
1434,c773,Boss,2013,Anthony D'Souza,"Akshay Kumar, Shiv Pandit, Mithun Chakraborty","Action, Comedy, Drama",143
1435,d2800,fast & furious,2009,Justin Lin,"Vin Diesel,Paul Walker,Jordana Brewster,Michelle Rodriguez,John Ortiz","Action, Adventure, Crime, Drama, Thriller",107
1435,c1717,Fast & Furious,2009,Justin Lin,"Vin Diesel, Paul Walker, Michelle Rodriguez","Action, Crime, Drama",107
1436,a407,Night Catches Us,2010,Tanya Hamilton,"Anthony Mackie, Kerry Washington, Jamara Griffin","Drama, Romance",90
1436,b389,Night Catches Us,2010,Tanya Hamilton,"Anthony Mackie, Kerry Washington, Jamie Hector, Wendell Pierce","Drama, Romance",90
1436,d2291,night catches us,2010,Tanya Hamilton,"Anthony Mackie,Kerry Washington,Tariq Trotter,Wendell Pierce","Drama, Indie, Romance",90
1437,d130,the bourne ultimatum,2007,Paul Greengrass,"Matt Damon,Julia Stiles,David Strathairn,Joan Allen","Action, Drama, Mystery, Thriller",115
1437,a1122,The Bourne Ultimatum,2007,Paul Greengrass,"Matt Damon, Ã‰dgar RamÃ­rez, Joan Allen","Action, Thriller",115
1437,b2168,The Bourne Ultimatum,2007,Paul Greengrass,"Matt Damon, Julia Stiles, David Strathairn, Scott Glenn","Drama, Action & Adventure, Mystery & Suspense",115
1438,a153,God Bless America,2012,Bobcat Goldthwait,"Joel Murray, Tara Lynne Barr, Mackenzie Brooke Smith","Comedy, Crime",105
1438,d1950,god bless america,2012,Bobcat Goldthwait,"Joel Murray,Tara Lynne Barr,Mackenzie Brooke Smith,Melinda Page Hamilton,Rich McDonald","Comedy, Drama",104
1438,b151,God Bless America,2012,Bobcat Goldthwait,"Tara Lynne Barr, Joel Murray, Larry Miller, Geoffrey Pierson","Drama, Comedy",104
1439,d2612,the road,2009,John Hillcoat,"Viggo Mortensen,Kodi Smit-McPhee,Charlize Theron,Robert Duvall,Guy Pearce","Adventure, Drama, Science Fiction, Thriller",111
1439,a1038,The Road,2009,John Hillcoat,"Viggo Mortensen, Charlize Theron, Kodi Smit-McPhee","Adventure, Drama",111
1440,d1084,are you here,2014,Matthew Weiner,"Owen Wilson,Zach Galifianakis,Jason Davis,Amy Poehler,Matt Cornwell",Comedy,112
1440,a2974,Are You Here,2014,Matthew Weiner,"Owen Wilson, Zach Galifianakis, Amy Poehler","Comedy, Drama",114
1441,d907,open windows,2014,Nacho Vigalondo,"Elijah Wood,Sasha Grey,Neil Maskell,Nacho Vigalondo,Scott Weinberg","Action, Crime, Suspense",100
1441,c313,Open Windows,2014,Nacho Vigalondo,"Sasha Grey, Elijah Wood, Neil Maskell","Action, Crime, Thriller",100
1442,a385,Let Me In,2010,Matt Reeves,"Kodi Smit-McPhee, Chloë Grace Moretz, Richard Jenkins","Drama, Horror, Mystery",116
1442,b366,Let Me In,2010,Matt Reeves,"Kodi Smit-McPhee, Richard Jenkins, Cara Buono, Elias Koteas","Drama, Horror, Romance, Science Fiction & Fantasy",116
1442,d2452,let me in,2010,Matt Reeves,"Kodi Smit-McPhee,Chloe Moretz,Elias Koteas,Richard Jenkins","Drama, Foreign, Horror, Mystery",116
1443,d2096,the double,2011,Michael Brandt,"Richard Gere,Topher Grace,Martin Sheen,Stephen Moyer,Odette Yustman","Action, Crime, Drama, Mystery, Thriller",98
1443,c1263,The Double,2011,Michael Brandt,"Richard Gere, Topher Grace, Martin Sheen","Action, Crime, Drama",98
1444,d1009,falcon rising,2014,Ernie Barbarash,"Michael Jai White,Neal McDonough,Laila Ali,Lateef Crowder,Hazuki Kato","Action, Drama",103
1444,c286,Falcon Rising,2014,Ernie Barbarash,"Neal McDonough, Michael Jai White, Lateef Crowder","Action, Adventure",103
1445,c216,Wolves,2014,David Hayter,"Lucas Till, Stephen McHattie, John Pyper-Ferguson","Action, Horror",91
1445,d917,wolves,2014,David Hayter,"Jason Momoa,Lucas Till,John Pyper-Ferguson,Stephen McHattie,Merritt Patterson","Action, Horror",90
1446,a458,True Grit,2010,Ethan Coen,"Jeff Bridges, Matt Damon, Hailee Steinfeld","Adventure, Drama, Western",110
1446,d2297,true grit,2010,"Ethan Coen, Joel","Jeff Bridges,Matt Damon,Josh Brolin,Barry Pepper,Hailee Steinfeld","Action, Adventure, Drama, Western",110
1446,b436,True Grit,2010,Joel Coen,"Hailee Steinfeld, Jeff Bridges, Matt Damon, Josh Brolin","Western, Drama, Action & Adventure",110
1447,d3132,the spiderwick chronicles,2008,Mark Waters,"Freddie Highmore,Sarah Bolger,Mary-Louise Parker,David Strathairn,Joan Plowright","Action, Adventure, Family, Fantasy, Science Fiction",96
1447,b770,The Spiderwick Chronicles,2008,Mark Waters,"Freddie Highmore, Sarah Bolger, Andrew McCarthy, Joan Plowright","Drama, Action & Adventure, Science Fiction & Fantasy",97
1447,a827,The Spiderwick Chronicles,2008,Mark Waters,"Freddie Highmore, Sarah Bolger, David Strathairn","Adventure, Family, Fantasy",96
1448,a2248,Letters from Iwo Jima,2007,Clint Eastwood,"Ken Watanabe, Kazunari Ninomiya, Tsuyoshi Ihara","Drama, History, War",141
1448,d96,letters from iwo jima,2007,Clint Eastwood,"Ken Watanabe,Kazunari Ninomiya,Tsuyoshi Ihara,Ryo Kase,Shidou Nakamura","Action, Adventure, Drama, Foreign, War",141
1448,b1982,Letters from Iwo Jima,2006,Clint Eastwood,"Ken Watanabe, Kazunari Ninomiya, Tsuyoshi Ihara, Nae Yuuki",Drama,142
1449,a656,A Very Harold & Kumar 3D Christmas,2011,Todd Strauss-Schulson,"Kal Penn, John Cho, Neil Patrick Harris",Comedy,90
1449,d2112,a very harold & kumar 3d christmas,2011,Todd Strauss-Schulson,"Kal Penn,John Cho,Neil Patrick Harris,Danny Trejo,Patton Oswalt","Adventure, Comedy",108
1450,a228,Rise of the Guardians,2012,Peter Ramsey,"Hugh Jackman, Alec Baldwin, Isla Fisher","Animation, Adventure, Family, Fantasy",97
1450,d1897,rise of the guardians,2012,Peter Ramsey,"Chris Pine,Alec Baldwin,Jude Law,Isla Fisher,Hugh Jackman","Adventure, Animation",97
1451,d205,the heart of the game,2006,Ward Serrill,"Ludacris,Bill Resler,Darnellia Russell,Devon Crosby Helms,Joyce Walker","Documentary, Sports Film",97
1451,a2202,The Heart of the Game,2006,Ward Serrill,"Darnellia Russell, Bill Resler, Ludacris","Documentary, Sport",97
1452,a343,The Good Guy,2010,Julio DePietro,"Alexis Bledel, Scott Porter, Bryan Greenberg","Comedy, Romance",90
1452,d2486,the good guy,2010,Julio DePietro,"Bryan Greenberg,Scott Porter,Alexis Bledel,Aaron Yoo,Andrew McCarthy","Comedy, Indie, Romance",90
1452,b332,The Good Guy,2009,Julio DePietro,"Alexis Bledel, Scott Porter, Bryan Greenberg, Anna Chlumsky","Drama, Romance, Comedy",91
1453,d1458,skinwalker ranch,2013,Devin McGinn,"Steve Berg,Erin Cahill,Kyle Davis,Devin McGinn","Horror, Science Fiction, Thriller",
1453,b2669,Skinwalker Ranch,2013,Devin McGinn,"Jon Gries, Kyle Davis, Steve Berg, Devin McGinn","Science Fiction & Fantasy, Horror",86
1453,a2922,Skinwalker Ranch,2013,Devin McGinn,"Britani Bateman, Taylor Bateman, Steve Berg","Biography, Horror, Mystery, Sci-Fi, Thriller",86
1454,a927,Everybody's Fine,2009,Kirk Jones,"Robert De Niro, Kate Beckinsale, Sam Rockwell","Adventure, Drama",99
1454,d2622,everybody's fine,2009,Kirk Jones,"Robert De Niro,Kate Beckinsale,Sam Rockwell,Drew Barrymore,James Frain",Drama,99
1455,b1296,Lara Croft Tomb Raider - The Cradle of Life,2003,Jan de Bont,"Angelina Jolie, Gerard Butler, Ciarn Hinds, Chris Barrie","Action & Adventure, Science Fiction & Fantasy",117
1455,c2783,Lara Croft Tomb Raider: The Cradle of Life,2003,Jan de Bont,"Angelina Jolie, Gerard Butler, Chris Barrie","Action, Adventure, Fantasy",117
1456,b2242,Hostel Part II,2007,Eli Roth,"Roger Bart, Lauren German, Heather Matarazzo, Bijou Phillips",Horror,95
1456,a2458,Hostel: Part II,2007,Eli Roth,"Lauren German, Heather Matarazzo, Bijou Phillips",Horror,94
1457,b505,Footloose,2011,Craig Brewer,"Julianne Hough, Kenny Wormald, Dennis Quaid, Andie MacDowell","Drama, Musical & Performing Arts, Comedy",113
1457,d2168,footloose,2011,Craig Brewer,"Kenny Wormald,Julianne Hough,Dennis Quaid,Andie MacDowell,Patrick John Flueger,Miles Teller,Ray McKinnon","Comedy, Drama, Family, Music, Romance",113
1458,b2773,Disney's A Christmas Carol,2009,Robert Zemeckis,"Jim Carrey, Bob Hoskins, Gary Oldman, Colin Firth","Drama, Animation, Kids & Family, Science Fiction & Fantasy",96
1458,a907,A Christmas Carol,2009,Robert Zemeckis,"Jim Carrey, Gary Oldman, Colin Firth","Animation, Drama, Family, Fantasy",96
1458,d2599,disney's a christmas carol,2009,Robert Zemeckis,"Jim Carrey,Gary Oldman,Colin Firth,Bob Hoskins,Robin Wright Penn,Cary Elwes,Fionnula Flanagan","Animation, Drama, Family, Fantasy, Science Fiction",96
1459,b783,The Tale of Despereaux,2008,Rob Stevenhagen,"Matthew Broderick, Emma Watson, Dustin Hoffman, Tracey Ullman","Action & Adventure, Animation, Kids & Family, Comedy",94
1459,a839,The Tale of Despereaux,2008,Sam Fell,"Matthew Broderick, Emma Watson, Dustin Hoffman","Adventure, Animation, Comedy, Family, Fantasy",93
1459,d2818,the tale of despereaux,2008,"Sam Fell,Rob Stevenhagen","Matthew Broderick,Dustin Hoffman,Robbie Coltrane,Emma Watson,Kevin Kline,Tracey Ullman,Sigourney Weaver","Adventure, Animation, Comedy, Family",100
1460,b2181,Chicago 10,2008,Brett Morgen,"Hank Azaria, Mark Ruffalo, Dylan Baker, Liev Schreiber","Documentary, Drama, Animation",100
1460,d3070,chicago 10,2008,Brett Morgen,"Hank Azaria,Mark Ruffalo,Jeffrey Wright,Roy Scheider,Liev Schreiber,Nick Nolte,Dylan Baker",Documentary,110
1460,a1139,Chicago 10,2007,Brett Morgen,"Jeffrey Wright, Nick Nolte, Roy Scheider","Documentary, Animation, History, War",110
1461,c617,Big Ass Spider!,2013,Mike Mendez,"Greg Grunberg, Lin Shaye, Ruben Pla","Action, Comedy, Sci-Fi",80
1461,b2433,Big Ass Spider!,2013,Mike Mendez,"Greg Grunberg, Lombardo Boyar, Clare Kramer, Ray Wise","Science Fiction & Fantasy, Comedy",85
1461,d1451,big ass spider!,2013,Mike Mendez,"Greg Grunberg,Lombardo Boyar,Clare Kramer,Ray Wise,Lin Shaye,Patrick Bauchau,Lloyd Kaufman",Science Fiction,85
1462,d1717,the call,2013,Brad Anderson,"Halle Berry,Abigail Breslin,Michael Eklund,Morris Chestnut,Roma Maffia,David Otunga,Michael Imperioli",,94
1462,a2682,The Call,2013,Brad Anderson,"Halle Berry, Evie Thompson, Abigail Breslin","Crime, Thriller",94
1462,b2452,The Call,2013,Brad Anderson,"Halle Berry, Abigail Breslin, Morris Chestnut, Michael Eklund",Mystery & Suspense,88
1463,b497,Learning To Drive,2015,Isabel Coixet,"Patricia Clarkson, Ben Kingsley, Grace Gummer, Jake Weber","Drama, Romance",105
1463,d405,learning to drive,2015,Isabel Coixet,"Grace Gummer,Ben Kingsley,Patricia Clarkson,Sarita Choudhury,Jake Weber,John Hodgman,Samantha Bee","Comedy, Drama, Romance",90
1464,d58,the devil wears prada,2006,David Frankel,"Meryl Streep,Anne Hathaway,Emily Blunt,Stanley Tucci,Adrian Grenier,Tracie Thoms,Simon Baker",Comedy,109
1464,b1879,The Devil Wears Prada,2006,David Frankel,"Meryl Streep, Anne Hathaway, Stanley Tucci, Emily Blunt","Drama, Comedy",110
1464,a2130,The Devil Wears Prada,2006,David Frankel,"Anne Hathaway, Meryl Streep, Adrian Grenier","Comedy, Drama, Romance",109
1465,b2236,The Heartbreak Kid,2007,Peter Farrelly,"Ben Stiller, Michelle Monaghan, Jerry Stiller, Malin Akerman","Drama, Romance, Comedy",115
1465,d32,the heartbreak kid,2007,"Bobby,Peter Farrelly","Ben Stiller,Malin Akerman,Michelle Monaghan,Jerry Stiller,Rob Corddry,Carlos Mencia,Kathy Lamkin","Comedy, Romance",116
1465,a2451,The Heartbreak Kid,2007,Bobby Farrelly,"Ben Stiller, Michelle Monaghan, Malin Akerman","Comedy, Romance",116
1466,a1827,Boogeyman,2005,Stephen Kay,"Barry Watson, Emily Deschanel, Lucy Lawless","Drama, Horror, Mystery, Thriller",89
1466,b1602,Boogeyman,2005,Stephen T. Kay,"Barry Watson, Emily Deschanel, Skye McCole Bartusia..., Lucy Lawless","Drama, Horror, Mystery & Suspense",88
1467,b2518,Greetings From Tim Buckley,2013,Dan Algrant,"Penn Badgley, Imogen Poots, Norbert Leo Butz, Ben Rosenfield",Drama,99
1467,a2755,Greetings from Tim Buckley,2013,Daniel Algrant,"Penn Badgley, Imogen Poots, Norbert Leo Butz",Drama,99
1468,a2527,Nobel Son,2008,Randall Miller,"Alan Rickman, Bryan Greenberg, Shawn Hatosy","Comedy, Crime, Drama, Thriller",110
1468,b2303,Nobel Son,2008,Randall Miller,"Alan Rickman, Bill Pullman, Bryan Greenberg, Mary Steenburgen","Drama, Mystery & Suspense, Comedy",110
1468,d2906,nobel son,2008,Randall Miller,"Alan Rickman,Bryan Greenberg,Shawn Hatosy,Mary Steenburgen,Eliza Dushku,Bill Pullman,Danny DeVito","Comedy, Crime, Drama, Indie, Suspense, Thriller",110
1469,a278,127 Hours,2011,Danny Boyle,"James Franco, Amber Tamblyn, Kate Mara","Adventure, Biography, Drama, Thriller",94
1469,d2309,127 hours,2010,Danny Boyle,"James Franco,Amber Tamblyn,Kate Mara,Clemence Poesy,Treat Williams,Kate Burton,Lizzy Caplan","Adventure, Drama, Thriller",94
1469,b273,127 Hours,2010,Danny Boyle,"James Franco, Amber Tamblyn, Kate Mara, Kate Burton",Drama,94
1470,b2463,The Company You Keep,2013,Robert Redford,"Robert Redford, Shia LaBeouf, Julie Christie, Susan Sarandon",Mystery & Suspense,121
1470,a2696,The Company You Keep,2013,Robert Redford,"Robert Redford, Brit Marling, Stanley Tucci","Drama, Thriller",125
1470,d1702,the company you keep,2013,Robert Redford,"Robert Redford,Shia LaBeouf,Julie Christie,Anna Kendrick,Stanley Tucci,Sam Elliott,Susan Sarandon",Thriller,157
1471,a726,Forgetting Sarah Marshall,2008,Nicholas Stoller,"Kristen Bell, Jason Segel, Paul Rudd","Comedy, Drama, Romance",111
1471,d3089,forgetting sarah marshall,2008,Nicholas Stoller,"Jason Segel,Kristen Bell,Mila Kunis,Bill Hader,Jonah Hill,Paul Rudd,Russell Brand","Comedy, Romance",111
1471,b678,Forgetting Sarah Marshall,2008,Nicholas Stoller,"Jason Segel, Kristen Bell, Mila Kunis, Russell Brand","Comedy, Romance",118
1472,a914,Couples Retreat,2009,Peter Billingsley,"Vince Vaughn, Malin Akerman, Jon Favreau",Comedy,113
1472,d2662,couples retreat,2009,Peter Billingsley,"Vince Vaughn,Jason Bateman,Jon Favreau,Faizon Love,Malin Akerman,Kristen Bell,Kristin Davis","Comedy, Romance",113
1472,b850,Couples Retreat,2009,Peter Billingsley,"Vince Vaughn, Jason Bateman, Faizon Love, Jon Favreau",Comedy,107
1473,b2677,Spring Breakers,2013,Harmony Korine,"Selena Gomez, James Franco, Ashley Benson, Rachel Korine","Drama, Action & Adventure, Art House & International, Comedy, Cult Movies",93
1473,c1042,Spring Breakers,2012,Harmony Korine,"Vanessa Hudgens, Selena Gomez, Ashley Benson","Action, Crime, Drama",94
1473,a2930,Spring Breakers,2013,Harmony Korine,"Vanessa Hudgens, Selena Gomez, Ashley Benson","Action, Crime, Drama",94
1473,d1725,spring breakers,2013,Harmony Korine,"Selena Gomez,James Franco,Vanessa Hudgens,Ashley Benson,Rachel Korine,Heather Morris,Gucci Mane,James Franco",Comedy,94
1474,a1990,Syriana,2005,Stephen Gaghan,"George Clooney, Matt Damon, Amanda Peet","Drama, Thriller",128
1474,d265,syriana,2005,Stephen Gaghan,"George Clooney,Matt Damon,Amanda Peet,Chris Cooper,Christopher Plummer,Max Minghella,Jeffrey Wright","Action, Drama, Romance, Thriller",128
1474,b1755,Syriana,2005,Stephen Gaghan,"George Clooney, Matt Damon, Jeffrey Wright, Christopher Plummer","Mystery & Suspense, Drama",128
1475,a518,The Debt,2011,John Madden,"Helen Mirren, Sam Worthington, Tom Wilkinson","Drama, Thriller",113
1475,d2237,the debt,2011,John Madden,"Helen Mirren,Jesper Christensen,Tom Wilkinson,Ciaran Hinds,Sam Worthington,Jessica Chastain,Marton Csokas","Action, Crime, Drama, Thriller",113
1475,b491,The Debt,2011,John Madden,"Helen Mirren, Sam Worthington, Jessica Chastain, Jesper Christensen","Mystery & Suspense, Drama",113
1476,b2027,The Omen,2006,John Moore,"Julia Stiles, Liev Schreiber, Mia Farrow, David Thewlis","Mystery & Suspense, Horror",103
1476,d203,the omen,2006,John Moore,"Seamus Davey-Fitzpatrick,Liev Schreiber,Julia Stiles,Mia Farrow,David Thewlis,Pete Postlethwaite,Michael Gambon","Drama, Horror, Thriller",110
1477,b929,The Messenger,2009,Oren Moverman,"Ben Foster, Woody Harrelson, Samantha Morton, Jena Malone","Drama, Romance",113
1477,d2607,the messenger,2009,Oren Moverman,"Ben Foster,Woody Harrelson,Samantha Morton,Jena Malone,Steve Buscemi,Eamonn Walker,Lisa Joyce","Drama, History, Indie",113
1478,b2874,The Runner,2015,Austin Stark,"Nicolas Cage, Connie Nielsen, Sarah Paulson, Peter Fonda","Action & Adventure, Art House & International, Documentary, Drama, Science Fiction & Fantasy, Special Interest",94
1478,d504,the runner,2015,Austin Stark,"Nicolas Cage,Sarah Paulson,Connie Nielsen,Peter Fonda,Bryan Batt,Wendell Pierce,Fredric Lehne",Drama,90
1479,d2834,hotel for dogs,2009,Thor Freudenthal,"Emma Roberts,Jake T. Austin,Don Cheadle,Lisa Kudrow,Kevin Dillon,Johnny Simmons,Kyla Pratt","Comedy, Family",100
1479,b891,Hotel for Dogs,2009,Thor Freudenthal,"Don Cheadle, Emma Roberts, Jake T. Austin, Kyla Pratt","Action & Adventure, Kids & Family, Comedy",100
1479,a957,Hotel for Dogs,2009,Thor Freudenthal,"Emma Roberts, Jake T. Austin, Lisa Kudrow","Comedy, Family",100
1480,a431,Saint John of Las Vegas,2009,Hue Rhodes,"Steve Buscemi, Romany Malco, Sarah Silverman","Comedy, Drama",85
1480,b411,Saint John of Las Vegas,2010,Hue Rhodes,"Steve Buscemi, Romany Malco, Peter Dinklage, Sarah Silverman","Drama, Comedy",85
1480,d2560,saint john of las vegas,2010,Hue Rhodes,"Steve Buscemi,Romany Malco,Sarah Silverman,Peter Dinklage,Emmanuelle Chriqui,Tim Blake Nelson,John Cho","Comedy, Indie",84
1481,b658,Deception,2008,Marcel Langenegger,"Hugh Jackman, Ewan McGregor, Michelle Williams, Lisa Gay Hamilton","Mystery & Suspense, Action & Adventure",108
1481,d3093,deception,2008,Marcel Langenegger,"Ewan McGregor,Hugh Jackman,Michelle Williams,Charlotte Rampling,Natasha Henstridge,Lisa Gay Hamilton,Maggie Q","Crime, Drama, Mystery, Romance, Thriller",107
1482,d2473,eat pray love,2010,Ryan Murphy,"Julia Roberts,Richard Jenkins,Billy Crudup,James Franco,Javier Bardem,Viola Davis,Hadi Subiyanto","Drama, Romance",133
1482,b314,Eat Pray Love,2010,Ryan Murphy,"Julia Roberts, James Franco, Richard Jenkins, Viola Davis",Drama,133
1482,a324,Eat Pray Love,2010,Ryan Murphy,"Julia Roberts, Javier Bardem, Richard Jenkins","Drama, Romance",133
1483,d2616,the princess and the frog,2009,"John Musker,John Musker,Ron Clements","Anika Noni Rose,Bruno Campos,Keith David,Michael-Leon Wooley,Oprah Winfrey,Terrence Howard,John Goodman","Animation, Family, Fantasy",97
1483,b960,The Princess and the Frog,2009,John Musker,"Anika Noni Rose, Bruno Campos, Keith David, Michael-Leon Wooley","Animation, Romance, Comedy, Kids & Family, Musical & Performing Arts, Science Fiction & Fantasy",95
1483,a1031,The Princess and the Frog,2009,Ron Clements,"Anika Noni Rose, Keith David, Oprah Winfrey","Animation, Family, Fantasy, Musical, Romance",97
1484,b345,Hyena,2015,Gerard Johnson,"Peter Ferdinando, Stephen Graham, Neil Maskell, Richard Dormer","Mystery & Suspense, Drama",112
1484,d566,hyena,2015,Gerard Johnson,"Peter Ferdinando,Stephen Graham,Neil Maskell,Elisa Lasowski,MyAnna Buring,Richard Dormer,Tony Pitts","Crime, Drama",112
1485,d2822,valkyrie,2008,Bryan Singer,"Tom Cruise,Kenneth Branagh,Tom Wilkinson,Terence Stamp,Eddie Izzard,Bill Nighy,Thomas Kretschmann","Drama, History, Thriller, War",121
1485,a846,Valkyrie,2008,Bryan Singer,"Tom Cruise, Bill Nighy, Carice van Houten","Drama, Thriller, War",121
1485,b790,Valkyrie,2008,Bryan Singer,"Tom Cruise, Kenneth Branagh, Bill Nighy, Tom Wilkinson","Mystery & Suspense, Drama",120
1486,b2489,Escape From Planet Earth,2013,Callan Brunker,"Brendan Fraser, Rob Corddry, Sarah Jessica Parker, Jessica Alba","Action & Adventure, Animation, Science Fiction & Fantasy, Comedy",89
1486,a2724,Escape from Planet Earth,2013,Cal Brunker,"Brendan Fraser, Sarah Jessica Parker, Jessica Alba","Animation, Adventure, Comedy, Family, Sci-Fi",89
1487,d281,casanova,2005,Lasse Hallstrom,"Heath Ledger,Sienna Miller,Jeremy Irons,Oliver Platt,Lena Olin,Charlie Cox,Natalie Dormer","Comedy, Drama, Romance",112
1487,b1608,Casanova,2005,Lasse Hallstrom,"Heath Ledger, Sienna Miller, Jeremy Irons, Oliver Platt","Drama, Romance, Comedy",110
1487,a1833,Casanova,2006,Lasse Hallström,"Heath Ledger, Sienna Miller, Jeremy Irons","Adventure, Comedy, Drama, Romance",112
1488,d1810,robot & frank,2012,Jake Schreier,"Frank Langella,Peter Sarsgaard,Susan Sarandon,Liv Tyler,James Marsden,Jeremy Strong,Jeremy Sisto",Comedy,85
1488,b226,Robot & Frank,2012,Jake Schreier,"Frank Langella, Susan Sarandon, James Marsden, Liv Tyler","Drama, Science Fiction & Fantasy, Comedy",90
1488,a229,Robot & Frank,2012,Jake Schreier,"Peter Sarsgaard, Frank Langella, Susan Sarandon","Comedy, Crime, Drama, Sci-Fi",89
1489,d2269,contagion,2011,Steven Soderbergh,"Matt Damon,Jude Law,Kate Winslet,Marion Cotillard,Gwyneth Paltrow,Laurence Fishburne,Elliott Gould","Action, Disaster, Drama, Science Fiction, Thriller",106
1489,a513,Contagion,2011,Steven Soderbergh,"Matt Damon, Kate Winslet, Jude Law","Drama, Sci-Fi, Thriller",106
1489,b485,Contagion,2011,Steven Soderbergh,"Marion Cotillard, Matt Damon, Laurence Fishburne, Gwyneth Paltrow","Mystery & Suspense, Action & Adventure",107
1490,d2745,american violet,2009,Tim Disney,"Nicole Beharie,Tim Blake Nelson,Will Patton,Michael O'Keefe,Xzibit,Charles Dutton,Alfre Woodard",Drama,103
1490,b820,American Violet,2009,Tim Disney,"Nicole Beharie, Alfre Woodard, Michael O'Keefe, Tim Blake Nelson",Drama,113
1490,a879,American Violet,2009,Tim Disney,"Nicole Beharie, Will Patton, Alfre Woodard",Drama,103
1491,b846,Cold Souls,2009,Sophie Barthes,"Paul Giamatti, David Strathairn, Dina Korzun, Emily Watson","Drama, Comedy",97
1491,a910,Cold Souls,2010,Sophie Barthes,"Paul Giamatti, Emily Watson, Dina Korzun","Comedy, Drama",101
1491,d2716,cold souls,2009,Sophie Barthes,"Paul Giamatti,David Strathairn,Emily Watson,Dina Korzun,Katheryn Winnick,Lauren Ambrose,Boris Kievsky","Comedy, Drama, Fantasy, Science Fiction",101
1492,d2562,shutter island,2010,Martin Scorsese,"Leonardo DiCaprio,Mark Ruffalo,Ben Kingsley,Max von Sydow,Michelle Williams,Jackie Earle Haley,Ted Levine","Drama, Mystery, Thriller",138
1492,b417,Shutter Island,2010,Martin Scorsese,"Leonardo DiCaprio, Mark Ruffalo, Ben Kingsley, Michelle Williams","Drama, Action & Adventure, Mystery & Suspense",138
1492,a438,Shutter Island,2010,Martin Scorsese,"Leonardo DiCaprio, Emily Mortimer, Mark Ruffalo","Mystery, Thriller",138
1493,d2829,the curious case of benjamin button,2008,David Fincher,"Brad Pitt,Cate Blanchett,Julia Ormond,Tilda Swinton,Elias Koteas,Taraji P. Henson,Jason Flemyng","Drama, Fantasy, Mystery, Romance, Science Fiction, Thriller",166
1493,a700,The Curious Case of Benjamin Button,2008,David Fincher,"Brad Pitt, Cate Blanchett, Tilda Swinton","Drama, Fantasy, Romance",166
1493,b652,The Curious Case of Benjamin Button,2008,David Fincher,"Brad Pitt, Cate Blanchett, Jason Flemyng, Julia Ormond","Drama, Romance, Science Fiction & Fantasy",166
1494,d2341,sanctum,2011,Alister Grierson,"Rhys Wakefield,Christopher Baker,Allison Cratchley,Richard Roxburgh,Ioan Gruffudd,Alice Parkinson,Dan Wyllie","Action, Thriller",108
1494,a624,Sanctum,2011,Alister Grierson,"Rhys Wakefield, Allison Cratchley, Christopher James Baker","Adventure, Drama, Thriller",108
1494,b588,Sanctum,2011,Alister Grierson,"Richard Roxburgh, Ioan Gruffudd, Rhys Wakefield, Alice Parkinson","Drama, Action & Adventure, Mystery & Suspense",103
1495,d3187,no country for old men,2007,"Ethan Coen, Joel Coen","Tommy Lee Jones,Josh Brolin,Javier Bardem,Woody Harrelson,Kelly MacDonald,Tess Harper,Stephen Root","Crime, Drama, Suspense, Thriller",122
1495,b2300,No Country for Old Men,2007,Joel Coen,"Tommy Lee Jones, Javier Bardem, Josh Brolin, Woody Harrelson","Drama, Action & Adventure, Mystery & Suspense",122
1495,a2524,No Country for Old Men,2007,Ethan Coen,"Tommy Lee Jones, Javier Bardem, Josh Brolin","Crime, Drama, Thriller",122
1496,a2393,Tristan + Isolde,2006,Kevin Reynolds,"James Franco, Sophia Myles, Rufus Sewell","Drama, Romance",125
1496,b2104,Tristan & Isolde,2006,Kevin Reynolds,"James Franco, Sophia Myles, Rufus Sewell, David O'Hara","Drama, Romance, Science Fiction & Fantasy",99
1496,d286,tristan & isolde,2006,Kevin Reynolds,"James Franco,Sophia Myles,Rufus Sewell,David O'Hara,Henry Cavill,JB Blanc,Jamie King","Action, Adventure, Drama, Foreign, Romance",125
1497,a2234,Just My Luck,2006,Donald Petrie,"Lindsay Lohan, Chris Pine, Samaire Armstrong","Comedy, Fantasy, Romance",103
1497,d163,just my luck,2006,Donald Petrie,"Lindsay Lohan,Chris Pine,Samaire Armstrong,Bree Turner,Faizon Love,Missi Pyle,Carlos Ponce","Comedy, Drama, Family, Fantasy, Romance",103
1497,b1970,Just My Luck,2006,Donald Petrie,"Lindsay Lohan, Chris Pine, Faizon Love, Missi Pyle","Drama, Romance, Comedy",103
1498,d2492,remember me,2010,Allen Coulter,"Robert Pattinson,Emilie de Ravin,Chris Cooper,Lena Olin,Tate Ellington,Ruby Jerins,Pierce Brosnan","Drama, Romance",113
1498,b405,Remember Me,2010,Allen Coulter,"Robert Pattinson, Emilie De Ravin, Chris Cooper, Pierce Brosnan","Drama, Romance",112
1498,a425,Remember Me,2010,Allen Coulter,"Robert Pattinson, Emilie de Ravin, Caitlyn Rund","Drama, Romance",113
1499,d1327,walking with dinosaurs,2013,Neil Nightingale,"Charlie Rowe,Karl Urban,Angourie Rice,John Leguizamo,Justin Long,Skyler Stone,Tiya Sircar","Action, Animation, Documentary, Family",87
1499,b2704,Walking With Dinosaurs,2013,Neil Nightingale,"John Leguizamo, Justin Long, Tiya Sircar, Skyler Stone","Documentary, Kids & Family",87
1500,b562,Monte Carlo,2011,Tom Bezucha,"Selena Gomez, Leighton Meester, Katie Cassidy, Cory Monteith","Action & Adventure, Romance, Comedy",109
1500,a596,Monte Carlo,2011,Thomas Bezucha,"Selena Gomez, Leighton Meester, Katie Cassidy","Adventure, Comedy, Romance",109
1501,a2746,The Ghost Army,2013,Rick Beyer,"Wesley Clark, Peter Coyote",Documentary,68
1501,b2509,The Ghost Army,,Rick Beyer,"Peter Coyote, Wesley Clark, Peter Coyotoe","Documentary, Special Interest",68
1502,a1175,3 Strikes,2000,DJ Pooh,"Brian Hooks, N'Bushe Wright, Faizon Love",Comedy,82
1502,b1007,3 Strikes,2000,D.J. Pooh,"Brian Hooks, N'Bushe Wright, Faizon Love, E-40",Comedy,83
1503,a2626,12 Rounds 2: Reloaded,2013,Roel Reiné,"Randy Orton, Tom Stevens, Brian Markinson","Action, Adventure, Thriller",95
1503,b2395,12 Rounds 2: Reloaded,,Roel Rein,"Randy Orton, Brian Markinson, Cindy Busby, Tom Stevens",Action & Adventure,94
1504,a621,The Rite,2011,Mikael Håfström,"Colin O'Donoghue, Anthony Hopkins, Ciarán Hinds","Drama, Horror, Mystery, Thriller",114
1504,b585,The Rite,2011,Mikael Hfstrm,"Anthony Hopkins, Colin O'Donoghue, Alice Braga, Toby Jones","Mystery & Suspense, Drama",114
1504,d2336,the rite,2011,Mikael Hafstrom,"Anthony Hopkins,Colin O'Donoghue,Alice Braga,Ciaran Hinds,Toby Jones,Rutger Hauer","Drama, Horror, Thriller",114
1505,c622,Once Upon a Time in Mumbai Dobaara!,2013,Milan Luthria,"Akshay Kumar, Imran Khan, Sonakshi Sinha","Action, Crime, Drama",160
1505,d1497,once upon a time in mumbai dobaara!,2013,Milan Lutheria,"Akshay Kumar,Sonakshi Sinha,Imran Khan,Sonali Bendre,Pitobash Tripathy","Action, Crime, Drama",
1506,a889,Bandslam,2009,Todd Graff,"Aly Michalka, Vanessa Hudgens, Gaelan Connell","Comedy, Drama, Family, Music, Romance",111
1506,d2684,bandslam,2009,,"Gaelan Connell,Aly Michalka,Vanessa Hudgens,Scott Porter,Lisa Kudrow","Comedy, Drama, Family, Music, Musical",111
1506,b829,Bandslam,2009,Todd Graff,"Alyson Michalka, Gaelan Connell, Gaelen Connell, Scott Porter","Drama, Musical & Performing Arts, Comedy",111
1507,b1003,The Young Victoria,2009,Jean-Marc Valle,"Emily Blunt, Rupert Friend, Paul Bettany, Miranda Richardson",Drama,105
1507,a1082,The Young Victoria,2010,Jean-Marc Vallée,"Emily Blunt, Rupert Friend, Paul Bettany","Biography, Drama, History, Romance",105
1507,d2625,the young victoria,2009,Jean-Marc Vallee,"Emily Blunt,Rupert Friend,Paul Bettany,Miranda Richardson,Jim Broadbent,Thomas Kretschmann,Mark Strong","Drama, Foreign, History, Romance",105
1508,b1810,ATL,2006,Chris Robinson (IV),"Tip 'T.I.' Harris, T.I., Evan Ross, Lauren London","Drama, Comedy",105
1508,a2051,ATL,2006,Chris Robinson,"T.I., Lauren London, Evan Ross","Comedy, Crime, Drama, Music, Romance",105
1508,d189,atl,2006,Chris Robinson,"Tip Harris,Evan Ross,Lauren London,Antwan Andre Patton,Keith David,Jackie Long,Albert Daniels,Mykelti Williamson",Drama,105
1509,b1347,Shallow Hal,2001,Bobby Farley,"Jack Black, Gwyneth Paltrow, Jason Alexander, Joe Viterelli",Comedy,114
1509,a1549,Shallow Hal,2001,Bobby Farrelly,"Jack Black, Gwyneth Paltrow, Jason Alexander","Comedy, Drama, Fantasy, Romance",114
1510,b1662,Hitch,2005,Andrew Tennant,"Will Smith, Eva Mendes, Kevin James, Amber Valletta","Comedy, Romance",120
1510,a1891,Hitch,2005,Andy Tennant,"Will Smith, Eva Mendes, Kevin James","Comedy, Romance",118
1511,a419,Predators,2010,Nimród Antal,"Adrien Brody, Laurence Fishburne, Topher Grace","Action, Adventure, Sci-Fi, Thriller",107
1511,b400,Predators,2010,Nimrd Antal,"Adrien Brody, Topher Grace, Alice Braga, Walton Goggins","Action & Adventure, Horror, Science Fiction & Fantasy",107
1511,d2431,predators,2010,Nimrod Antal,"Adrien Brody,Topher Grace,Danny Trejo,Alice Braga,Walton Goggins,Oleg Taktarov,Laurence Fishburne","Action, Adventure, Horror, Science Fiction",107
1512,b1241,Donnie Darko,2001,Richard Kelly (II),"Jake Gyllenhaal, Jena Malone, Mary McDonnell, Drew Barrymore","Romance, Mystery & Suspense, Science Fiction & Fantasy, Comedy",113
1512,a1426,Donnie Darko,2001,Richard Kelly,"Jake Gyllenhaal, Jena Malone, Mary McDonnell","Drama, Sci-Fi",113
1513,b1554,Surviving Christmas,2004,Mike Mitchell (VI),"Ben Affleck, James Gandolfini, Christina Applegate, Catherine O'Hara","Comedy, Romance",90
1513,a1776,Surviving Christmas,2004,Mike Mitchell,"Ben Affleck, Christina Applegate, James Gandolfini","Comedy, Romance",91
1514,a2162,Flicka,2006,Michael Mayer,"Alison Lohman, Tim McGraw, Maria Bello","Adventure, Drama, Family",95
1514,b1907,Flicka,2006,Michael Mayer (VI),"Tim McGraw, Maria Bello, Alison Lohman, Ryan Kwanten","Drama, Kids & Family",95
1515,d79,shortbus,2006,John Cameron Mitchell,"Sook-Yin Lee,Paul Dawson,PJ DeBoy,Raphael Barker,Peter Stickles,Jay Brannan","Drama, Indie, Romance",101
1515,a2357,Shortbus,2006,John Cameron Mitchell,"Sook-Yin Lee, Peter Stickles, PJ DeBoy","Comedy, Drama, Romance",101
1515,b2075,Shortbus,2006,John Cameron Mitchell,"Sook Yin Lee, Paul Dawson, PJ DeBoy, Raphael Barker","Drama, Art House & International, Gay & Lesbian, Comedy",101
1516,b1943,The Hills Have Eyes,2006,Alexandre Aja,"Emilie De Ravin, Aaron Stanford, Dan Byrd, Vinessa Shaw","Drama, Horror, Mystery & Suspense",95
1516,d335,the hills have eyes,2006,,"Aaron Stanford,Kathleen Quinlan,Vinessa Shaw,Emilie de Ravin,Dan Byrd,Robert Joy,Ted Levine","Horror, Thriller",107
1516,a2203,The Hills Have Eyes,2006,Alexandre Aja,"Ted Levine, Kathleen Quinlan, Dan Byrd","Horror, Thriller",107
1517,b812,Nine,2009,Rob Marshall,"Nicole Kidman, Marion Cotillard, Daniel Day-Lewis, Kate Hudson","Drama, Romance, Musical & Performing Arts",113
1517,d2631,nine,2009,Rob Marshall,"Daniel Day-Lewis,Marion Cotillard,Penelope Cruz,Judi Dench,Fergie,Kate Hudson,Nicole Kidman,Sophia Loren","Action, Adventure, Comedy, Drama, Music, Romance, Science Fiction",112
1517,a1012,Nine,2009,Rob Marshall,"Daniel Day-Lewis, Marion Cotillard, Penélope Cruz","Drama, Musical, Romance",118
1518,a483,African Cats,2011,Alastair Fothergill,"Samuel L. Jackson, Patrick Stewart","Documentary, Adventure",89
1518,b460,African Cats,2011,Alastair Fothergill,Samuel L. Jackson,"Documentary, Action & Adventure, Special Interest",89
1519,a479,50/50,2011,Jonathan Levine,"Joseph Gordon-Levitt, Seth Rogen, Anna Kendrick","Comedy, Drama",100
1519,d2249,50/50,2011,Jonathan Levine,"Joseph Gordon-Levitt,Seth Rogen,Anna Kendrick,Bryce Dallas Howard,Philip Baker Hall,Anjelica Huston","Comedy, Drama",100
1520,d1038,persecuted,2014,Daniel Lusko,"James Remar,Bruce Davison,Dean Stockwell,Fred Thompson,Brad Stine,Natalie Grant","Action, Adventure, Drama, Thriller",91
1520,c232,Persecuted,2014,Daniel Lusko,"James Remar, Dean Stockwell, Bruce Davison","Action, Drama, Mystery",91
1521,a2632,42,2013,Brian Helgeland,"Chadwick Boseman, T.R. Knight, Harrison Ford","Biography, Drama, Sport",128
1521,d1704,42,2013,Brian Helgeland,"Chadwick Boseman,Harrison Ford,Christopher Meloni,Jon Bernthal,John C. McGinley,T.R. Knight","Drama, Sport",115
1522,d371,a walk in the woods,2015,Ken Kwapis,"Robert Redford,Nick Nolte,Emma Thompson,Nick Offerman,Kristen Schaal","Adventure, Comedy, Drama",104
1522,b3120,A Walk In The Woods,2015,Ken Kwapis,"Robert Redford, Emma Thompson, Kristen Schaal, Mary Steenburgen","Drama, Action & Adventure, Comedy",98
1523,d772,mortdecai,2015,David Koepp,"Johnny Depp,Olivia Munn,Gwyneth Paltrow,Ewan McGregor,Jeff Goldblum,Paul Bettany","Adventure, Comedy",106
1523,c52,Mortdecai,2015,David Koepp,"Johnny Depp, Gwyneth Paltrow, Ewan McGregor","Action, Comedy, Mystery",107
1524,d733,annie,2014,Will Gluck,"Quvenzhané Wallis,Jamie Foxx,Rose Byrne,Cameron Diaz,Adewale Akinnuoye-Agbaje","Comedy, Drama, Music",118
1524,b2733,Annie,2014,Will Gluck,"Jamie Foxx, Rose Byrne, Bobby Cannavale, Cameron Diaz","Drama, Kids & Family, Musical & Performing Arts",118
1525,a244,Smashed,2012,James Ponsoldt,"Mary Elizabeth Winstead, Aaron Paul, Nick Offerman",Drama,81
1525,b241,Smashed,2012,James Ponsoldt,"Mary Elizabeth Winst..., Aaron Paul, Octavia Spencer, Nick Offerman","Drama, Comedy",81
1525,d1828,smashed,2012,James Ponsoldt,"Mary Elizabeth Winstead,Aaron Paul,Octavia Spencer,Nick Offerman,Megan Mullally,Mary Kay Place",Drama,85
1526,b1264,The Grey Zone,2002,Tim Blake Nelson,"David Arquette, Steve Buscemi, Harvey Keitel, Mira Sorvino",Drama,108
1526,d2673,the grey zone,2002,Tim Blake Nelson,"David Arquette,Daniel Benzali,Steve Buscemi,David Chandler,Allan Corduner,Harvey Keitel,Natasha Lyonne,Mira Sorvino","Drama, War",108
1527,b852,Crank 2: High Voltage,2009,Mark Neveldine,"Jason Statham, Amy Smart, Efren Ramirez, Clifton Collins Jr.","Action & Adventure, Comedy",85
1527,c1744,Crank: High Voltage,2009,Mark Neveldine,"Jason Statham, Amy Smart, Clifton Collins Jr.","Action, Crime, Thriller",96
1528,c903,The Amazing Adventures of the Living Corpse,2012,Justin Paul Ritter,"Maria Olsen, Marshal Hilton, Conroe Brooks","Animation, Action, Fantasy",88
1528,a16,The Amazing Adventures of the Living Corpse,2012,Justin Paul Ritter,"Maria Olsen, Marshal Hilton, Lee Perkins","Animation, Action, Fantasy, Horror",88
1528,b18,The Amazing Adventures of the Living Corpse,,Justin Paul Ritter,"Claudine Claudio, Michael Villar, Marshal Hilton, Lee Perkins","Action & Adventure, Horror, Animation, Science Fiction & Fantasy",87
1529,d1605,jug face,2013,Chad Crawford Kinkle,"Sean Bridgers,Lauren Ashley Carter,Kaitlin Cullum,Katie Groshong,Scott Hodges,Sean Young",,81
1529,a2809,Jug Face,2013,Chad Crawford Kinkle,"Sean Bridgers, Lauren Ashley Carter, Kaitlin Cullum","Drama, Horror, Thriller",81
1529,b2566,Jug Face,2013,Chad Crawford Kinkle,"Lauren Ashley Carter, Sean Bridgers, Larry Fessenden, Sean Young","Horror, Cult Movies",81
1530,d2635,daybreakers,2010,"Michael, Peter Spierig","Ethan Hawke,Willem Dafoe,Claudia Karvan,Sam Neill,Michael Dorman","Action, Drama, Horror, Science Fiction, Thriller",98
1530,c1684,Daybreakers,2009,Michael Spierig,"Ethan Hawke, Willem Dafoe, Sam Neill","Action, Horror, Sci-Fi",98
1530,b304,Daybreakers,2010,Peter Spierig,"Ethan Hawke, Willem Dafoe, Isabel Lucas, Sam Neill","Drama, Action & Adventure, Horror, Mystery & Suspense",98
1530,a314,Daybreakers,2010,Michael Spierig,"Ethan Hawke, Willem Dafoe, Sam Neill","Action, Horror, Sci-Fi, Thriller",98
1531,d2180,texas killing fields,2011,Ami Canaan Mann,"Sam Worthington,Jeffrey Dean Morgan,Jessica Chastain,Chloe Grace Moretz,Jason Clarke,Annabeth Gish,Sheryl Lee,Stephen Graham","Crime, Drama, Horror, Mystery, Thriller",105
1531,b607,Texas Killing Fields,2011,Ami Canaan Mann,"Sam Worthington, Jeffrey Dean Morgan, Jessica Chastain, Chloe Grace Moretz","Mystery & Suspense, Drama",105
1531,a646,Texas Killing Fields,2011,Ami Canaan Mann,"Sam Worthington, Chloë Grace Moretz, Jeffrey Dean Morgan","Crime, Drama, History, Thriller",105
1532,d2416,grown ups,2010,Dennis Dugan,"Adam Sandler,Kevin James,Chris Rock,David Spade,Rob Schneider,Maria Bello,Salma Hayek,Steve Buscemi",Comedy,102
1532,a347,Grown Ups,2010,Dennis Dugan,"Adam Sandler, Salma Hayek, Kevin James",Comedy,102
1532,b336,Grown Ups,2010,Dennis Dugan,"Adam Sandler, Kevin James, Chris Rock, David Spade",Comedy,102
1533,b742,The Promotion,2008,Steve Conrad,"Seann William Scott, John C. Reilly, Steven Conrad, Jenna Fischer",Comedy,86
1533,d3017,the promotion,2008,Steve Conrad,"Seann William Scott,John C. Reilly,Jenna Fischer,Lili Taylor,Fred Armisen","Comedy, Indie",86
1533,a799,The Promotion,2008,Steve Conrad,"Seann William Scott, John C. Reilly, Chris Conrad",Comedy,86
1534,d554,24 days,2015,Alexandre Arcady,"Zabou Breitman,Pascal Elbé,Jacques Gamblin,Sylvie Testud,Éric Caravaca","Drama, Thriller",110
1534,b2700,24 Days,2015,Alexandre Arcady,"Zabou Breitman, Sylvie Testud, Pascal Elb, Jacques Gamblin",Drama,110
1535,d2769,17 again,2009,Burr Steers,"Zac Efron,Leslie Mann,Thomas Lennon,Michelle Trachtenberg,Sterling Knight,Melora Hardin,Hunter Parrish,Brian Doyle-Murray","Comedy, Drama, Family, Fantasy",102
1535,a1327,17 Again,2009,Burr Steers,"Zac Efron, Matthew Perry, Leslie Mann","Comedy, Drama, Fantasy, Romance",102
1535,b810,17 Again,2009,Burr Steers,"Zac Efron, Leslie Mann, Thomas Lennon, Sterling Knight","Drama, Science Fiction & Fantasy, Comedy",102
1536,b507,Fright Night,2011,Craig Gillespie,"Anton Yelchin, Colin Farrell, Toni Collette, Christopher Mintz-Pl...","Horror, Comedy",101
1536,a539,Fright Night,2011,Craig Gillespie,"Anton Yelchin, Colin Farrell, David Tennant","Comedy, Horror",106
1536,d2258,fright night,2011,Craig Gillespie,"Anton Yelchin,Colin Farrell,Toni Collette,David Tennant,Imogen Poots,Christopher Mintz-Plasse","Comedy, Horror",106
1537,d143,you kill me,2007,John Dahl,"Ben Kingsley,Tea Leoni,Luke Wilson,Bill Pullman,Dennis Farina","Action, Comedy, Crime, Thriller",90
1537,b2391,You Kill Me,2007,John Dahl,"Ben Kingsley, Ta Leoni, Luke Wilson, Dennis Farina","Drama, Romance, Comedy",92
1537,a2623,You Kill Me,2007,John Dahl,"Ben Kingsley, Téa Leoni, Luke Wilson","Comedy, Crime, Romance, Thriller",93
1538,b2607,Mud,2013,Jeff Nichols (VI),"Matthew McConaughey, Tye Sheridan, Sam Shepard, Jacob Lofland",Drama,131
1538,d1666,mud,2013,Jeff Nichols,"Matthew McConaughey,Tye Sheridan,Jacob Lofland,Michael Shannon,Sam Shepard,Reese Witherspoon",Drama,130
1538,a2857,Mud,2013,Jeff Nichols,"Matthew McConaughey, Tye Sheridan, Jacob Lofland",Drama,130
1539,d119,hot rod,2007,Akiva Schaffer,"Andy Samberg,Jorma Taccone,Isla Fisher,Bill Hader,Ian McShane,Sissy Spacek,Will Arnett,Danny McBride","Action, Comedy",88
1539,a2459,Hot Rod,2007,Akiva Schaffer,"Andy Samberg, Isla Fisher, Ian McShane",Comedy,88
1539,b2243,Hot Rod,2007,Akiva Schaffer,"Andy Samberg, Jorma Taccone, Isla Fisher, Bill Hader","Action & Adventure, Comedy",87
1540,d328,failure to launch,2006,Tom Dey,"Matthew McConaughey,Sarah Jessica Parker,Zooey Deschanel,Bradley Cooper,Justin Bartha,Kathy Bates,Terry Bradshaw,Tyrell Jackson Williams","Comedy, Romance",97
1540,a2151,Failure to Launch,2006,Tom Dey,"Matthew McConaughey, Sarah Jessica Parker, Kathy Bates","Comedy, Romance",97
1540,b1897,Failure to Launch,2006,Tom Dey,"Matthew McConaughey, Sarah Jessica Parker, Zooey Deschanel, Justin Bartha","Drama, Romance, Comedy",96
1541,a977,Jennifer's Body,2009,Karyn Kusama,"Megan Fox, Amanda Seyfried, Adam Brody","Comedy, Horror",102
1541,d2703,jennifer's body,2009,Karyn Kusama,"Megan Fox,Amanda Seyfried,Johnny Simmons,Adam Brody,J.K. Simmons,Amy Sedaris","Comedy, Horror",100
1542,c1218,Attack the Block,2011,Joe Cornish,"John Boyega, Jodie Whittaker, Alex Esmail","Action, Comedy, Sci-Fi",88
1542,d2228,attack the block,2011,Joe Cornish,"John Boyega,Jodie Whittaker,Alex Esmail,Luke Treadaway,Simon Howard,Nick Frost","Action, Comedy, Foreign, Science Fiction",88
1543,c46,Kidnapping Mr. Heineken,2015,Daniel Alfredson,"Jim Sturgess, Sam Worthington, Ryan Kwanten","Action, Crime, Drama",95
1543,d663,kidnapping mr. heineken,2015,Daniel Alfredson,"Anthony Hopkins,Jim Sturgess,Sam Worthington,Ryan Kwanten,Mark van Eeuwen,Thomas Cocquerel","Action, Crime, Drama, Thriller",
1544,a2838,Lucky Them,2014,Megan Griffiths,"Toni Collette, Thomas Haden Church, Nina Arianda",Drama,97
1544,d1182,lucky them,2014,Megan Griffiths,"Toni Collette,Thomas Haden Church,Oliver Platt,Ryan Eggold,Ahna O'Reilly,Amy Seimetz,Joanne Woodward,Lynn Shelton",Romance,97
1544,b2593,Lucky Them,2014,Megan Griffiths,"Toni Collette, Thomas Haden Church, Ryan Eggold, Oliver Platt","Drama, Comedy",97
1545,a2232,John Tucker Must Die,2006,Betty Thomas,"Jesse Metcalfe, Ashanti, Arielle Kebbel","Comedy, Romance",89
1545,d61,john tucker must die,2006,Betty Thomas,"Jesse Metcalfe,Brittany Snow,Ashanti,Sophia Bush,Arrielle Kebbel,Penn Badgley,Jenny McCarthy,Fatso-Fasano","Comedy, Family, Romance",89
1545,b1969,John Tucker Must Die,2006,Betty Thomas,"Jesse Metcalfe, Brittany Snow, Ashanti, Sophia Bush","Drama, Comedy",89
1546,c1422,The A-Team,2010,Joe Carnahan,"Liam Neeson, Bradley Cooper, Sharlto Copley","Action, Adventure, Comedy",117
1546,d2405,the a-team,2010,Joe Carnahan,"Liam Neeson,Jessica Biel,Bradley Cooper,Sharlto Copley,Quinton,Patrick Wilson","Action, Thriller",117
1547,a2736,Free Birds,2013,Jimmy Hayward,"Woody Harrelson, Owen Wilson, Dan Fogler","Animation, Adventure, Comedy, Family",91
1547,d1467,free birds,2013,Jimmy Hayward,"Woody Harrelson,Owen Wilson,Dan Fogler,David S. Lee,Amy Poehler,Colm Meaney,Lesley Nicol,George Takei","Animation, Comedy, Family",
1547,b2501,Free Birds,2013,Jimmy Hayward,"Owen Wilson, Woody Harrelson, Amy Poehler, George Takei","Animation, Kids & Family, Comedy",90
1548,b2372,Things We Lost in the Fire,2007,Susanne Bier,"Halle Berry, Benicio Del Toro, David Duchovny, Alexis Llewellyn",Drama,118
1548,d45,things we lost in the fire,2007,Susanne Bier,"Halle Berry,Benicio Del Toro,David Duchovny,Alison Lohman,Omar Benson Miller,John Carroll Lynch",Drama,113
1548,a2600,Things We Lost in the Fire,2007,Susanne Bier,"Halle Berry, Benicio Del Toro, Alison Lohman",Drama,118
1549,a18,American Reunion,2012,Jon Hurwitz,"Jason Biggs, Alyson Hannigan, Seann William Scott",Comedy,113
1549,d2023,american reunion,2012,"Hayden Schlossberg, Jon Hurwitz","Jason Biggs,Seann William Scott,Chris Klein,Alyson Hannigan,Eugene Levy,Jennifer Coolidge","Comedy, Romance",113
1549,b20,American Reunion,2012,Jon Hurwitz,"Alyson Hannigan, Jason Biggs, Chris Klein, Thomas Ian Nicholas","Comedy, Romance",110
1550,d1520,gravity,2013,Alfonso Cuarón,"Sandra Bullock,George Clooney,Basher Savage","Drama, Science Fiction, Thriller",93
1550,b2515,Gravity,2013,Alfonso Cuarn,"Sandra Bullock, George Clooney, Orto Ignatiussen, Phaldut Sharma","Drama, Mystery & Suspense, Science Fiction & Fantasy",91
1550,a2752,Gravity,2013,Alfonso Cuarón,"Sandra Bullock, George Clooney, Ed Harris","Sci-Fi, Thriller",91
1551,a858,What Just Happened,2008,Barry Levinson,"Robert De Niro, John Turturro, Stanley Tucci","Comedy, Drama",104
1551,d2883,what just happened,2008,Barry Levinson,"Robert De Niro,Catherine Keener,John Turturro,Robin Wright Penn,Stanley Tucci,Kristen Stewart","Comedy, Drama, Indie",104
1551,b802,What Just Happened?,2008,Barry Levinson,"Robert De Niro, Catherine Keener, John Turturro, Bruce Willis","Drama, Comedy",113
1552,d3142,the diving bell and the butterfly,2007,Julian Schnabel,"Mathieu Amalric,Emmanuelle Seigner,Marie-Josee Croze,Max von Sydow,Anne Consigny,Patrick Chesnais,Niels Arestrup,Olatz Lopez Garmendia","Drama, Foreign, Indie",112
1552,b2198,The Diving Bell and the Butterfly,2007,Julian Schnabel,"Mathieu Amalric, Emmanuelle Seigner, Anne Consigny, Max von Sydow",Drama,112
1552,a1156,The Diving Bell and the Butterfly,2008,Julian Schnabel,"Mathieu Amalric, Emmanuelle Seigner, Marie-Josée Croze","Biography, Drama",112
1553,c334,Gulaab Gang,2014,Soumik Sen,"Madhuri Dixit, Juhi Chawla, Divya Jagdale","Action, Drama",139
1553,d1244,gulaab gang,2014,Soumik Sen,"Madhuri Dixit,Juhi Chawla,Priyanka Bose","Action, Drama",139
1554,b244,Sparkle,2012,Salim Akil,"Jordin Sparks, Whitney Houston, Derek Luke, Mike Epps","Musical & Performing Arts, Drama",116
1554,a247,Sparkle,2012,Salim Akil,"Jordin Sparks, Carmen Ejogo, Whitney Houston","Drama, Music",116
1554,d1922,sparkle,2012,Salim Akil,"Jordin Sparks,Whitney Houston,Derek Luke,Mike Epps,Carmen Ejogo,Tika Sumpter,Omari Hardwick,Cee Lo Green","Drama, Music",116
1555,d1316,jack ryan: shadow recruit,2014,Kenneth Branagh,"Chris Pine,Keira Knightley,Kevin Costner,Kenneth Branagh,Gemma Chan,Nonso Anozie","Action, Drama, Thriller",105
1555,c207,Jack Ryan: Shadow Recruit,2014,Kenneth Branagh,"Chris Pine, Kevin Costner, Keira Knightley","Action, Thriller",105
1556,a2021,29 Reasons to Run,2006,Damon O'Steen,"Gary Weeks, Branden Waits, Philip Boyd",Comedy,99
1556,b1784,29 Reasons to Run,2006,Damon O'Steen,"Gary Weeks (II), Branden Waits, Philip Boyd",Comedy,
1557,a340,Get Him to the Greek,2010,Nicholas Stoller,"Jonah Hill, Russell Brand, Elisabeth Moss","Comedy, Music",109
1557,b329,Get Him to the Greek,2010,Nicholas Stoller,"Jonah Hill, Russell Brand, Rose Byrne, Sean 'P. Diddy' Comb...",Comedy,109
1557,d2390,get him to the greek,2010,Nicholas Stoller,"Jonah Hill,Russell Brand,Rose Byrne,Elisabeth Moss,Colm Meaney,Sean Combs",Comedy,109
1558,b1611,Cheaper by the Dozen 2,2005,Adam Shankman,"Steve Martin, Bonnie Hunt, Eugene Levy, Tom Welling","Comedy, Kids & Family",93
1558,a1836,Cheaper by the Dozen 2,2005,Adam Shankman,"Steve Martin, Bonnie Hunt, Hilary Duff","Adventure, Comedy, Family",94
1558,d272,cheaper by the dozen 2,2005,Adam Shankman,"Steve Martin,Bonnie Hunt,Eugene Levy,Piper Perabo,Hilary Duff,Carmen Electra","Adventure, Comedy, Family",105
1559,b3,28 Hotel Rooms,2012,Matt Ross,"Marin Ireland, Chris Messina, Martin Ireland","Drama, Romance",82
1559,a4,28 Hotel Rooms,2012,Matt Ross,"Marin Ireland, Chris Messina, Robert Deamer",Drama,82
1560,a102,Dark Shadows,2012,Tim Burton,"Johnny Depp, Michelle Pfeiffer, Eva Green","Comedy, Horror",113
1560,d1923,dark shadows,2012,Tim Burton,"Johnny Depp,Michelle Pfeiffer,Helena Bonham-Carter,Eva Green,Jonny Lee Miller,Chloe Grace Moretz","Drama, Horror, Mystery",113
1560,b102,Dark Shadows,2012,Tim Burton,"Johnny Depp, Chloe Grace Moretz, Eva Green, Gulliver McGrath","Drama, Horror, Mystery & Suspense",113
1561,b145,Friends With Kids,2012,Jennifer Westfeldt,"Adam Scott, Jennifer Westfeldt, Jon Hamm, Kristen Wiig","Drama, Comedy",107
1561,a148,Friends with Kids,2012,Jennifer Westfeldt,"Jennifer Westfeldt, Adam Scott, Maya Rudolph","Comedy, Drama, Romance",107
1561,d2062,friends with kids,2012,Jennifer Westfeldt,"Adam Scott,Jennifer Westfeldt,Jon Hamm,Kristen Wiig,Maya Rudolph,Chris O'Dowd,Megan Fox,Edward Burns","Comedy, Romance",107
1562,a135,Flight,2012,Robert Zemeckis,"Denzel Washington, Nadine Velazquez, Don Cheadle","Drama, Thriller",138
1562,d1874,flight,2012,Robert Zemeckis,"Denzel Washington,Don Cheadle,John Goodman,Brian Geraghty,Bruce Greenwood,Nadine Velazquez",Drama,138
1563,a360,I Love You Phillip Morris,2011,Glenn Ficarra,"Jim Carrey, Ewan McGregor, Leslie Mann","Biography, Comedy, Crime, Drama, Romance",98
1563,d2360,i love you phillip morris,2010,"Glenn Ficarra, John Requa","Jim Carrey,Ewan McGregor,Leslie Mann,Rodrigo Santoro,Michael Mandel","Action, Comedy, Drama, Romance",98
1563,b346,I Love You Phillip Morris,2010,John Requa,"Jim Carrey, Ewan McGregor, Leslie Mann, Antoni Corone","Drama, Comedy",98
1564,a2545,Pride,2014,Matthew Warchus,"Bill Nighy, Imelda Staunton, Dominic West","Biography, Comedy, Drama, History",119
1564,d967,pride,2014,Matthew Warchus,"Bill Nighy,Dominic West,Andrew Scott,Paddy Considine,George MacKay,Imelda Staunton",Drama,120
1565,b921,The Lovely Bones,2009,Peter Jackson,"Mark Wahlberg, Rachel Weisz, Saoirse Ronan, Stanley Tucci","Drama, Horror, Mystery & Suspense, Science Fiction & Fantasy",135
1565,a990,The Lovely Bones,2010,Peter Jackson,"Rachel Weisz, Mark Wahlberg, Saoirse Ronan","Drama, Fantasy",135
1565,d2645,the lovely bones,2010,Peter Jackson,"Saoirse Ronan,Mark Wahlberg,Rachel Weisz,Susan Sarandon,Stanley Tucci,Michael Imperioli","Drama, Fantasy, Foreign, Science Fiction, Thriller",135
1566,b475,Born To Be Wild,2011,David Lickley,"Morgan Freeman, Dr. Birute Mary Gald..., Daphne Sheldrick",Documentary,40
1566,a500,Born to Be Wild,2011,David Lickley,"Birute Galdikas, Daphne Sheldrick, Morgan Freeman","Documentary, Short, Adventure",40
1567,b778,The Strangers,2008,Bryan Bertino,"Jenowade DiCarlo Lew..., Alaina Sebastian Raz..., Liliana Zapata, Israel Cruz","Mystery & Suspense, Horror",85
1567,a834,The Strangers,2008,Bryan Bertino,"Scott Speedman, Liv Tyler, Gemma Ward","Horror, Mystery, Thriller",86
1567,d3049,the strangers,2008,Bryan Bertino,"Scott Speedman,Liv Tyler,Gemma Ward,Kip Weeks,Laura Margolis,Glenn Howerton","Horror, Thriller",90
1568,d2334,blue valentine,2011,Derek Cianfrance,"Ryan Gosling,Michelle Williams,Faith Wladyka,John Doman,Mike Vogel,Maryann Plunkett","Drama, Indie, Romance",112
1568,a289,Blue Valentine,2011,Derek Cianfrance,"Ryan Gosling, Michelle Williams, John Doman","Drama, Romance",112
1569,a1040,A Serious Man,2009,Ethan Coen,"Michael Stuhlbarg, Richard Kind, Sari Lennick","Comedy, Drama",106
1569,d2655,a serious man,2009,"Ethan Coen, Joel","Michael Stuhlbarg,Richard Kind,Fred Melamed,Sari Lennick,Adam Arkin,Fyvush Finkel","Comedy, Drama",105
1570,a297,Casino Jack,2011,George Hickenlooper,"Kevin Spacey, Barry Pepper, Jon Lovitz","Biography, Comedy, Crime, Drama",108
1570,b290,Casino Jack,2010,George Hickenlooper,"Kevin Spacey, Barry Pepper, Jon Lovitz, Kelly Preston","Drama, Mystery & Suspense, Comedy",108
1570,d2304,casino jack,2010,George Hickenlooper,"Kevin Spacey,Barry Pepper,Kelly Preston,Jon Lovitz,Maury Chaykin,Spencer Garrett,Jeffrey R. Smith,Jeff Pustil","Drama, Thriller",108
1571,d1755,emperor,2013,Peter Webber,"Tommy Lee Jones,Matthew Fox,Colin Moy,Takataro Kataoka,Eriko Hatsune",Drama,
1571,b2483,Emperor,2013,Peter Webber,"Matthew Fox, Tommy Lee Jones, Eriko Hatsune, Toshiyuki Nishida","Mystery & Suspense, Drama",105
1572,a1135,Cassandra's Dream,2008,Woody Allen,"Colin Farrell, Ewan McGregor, Hayley Atwell","Crime, Drama, Romance, Thriller",108
1572,d3120,cassandra's dream,2008,Woody Allen,"Ewan McGregor,Colin Farrell,Hayley Atwell,Sally Hawkins,Tom Wilkinson,John Benfield","Crime, Drama, Thriller",108
1573,c237,Pompeii,2014,Paul W.S. Anderson,"Kit Harington, Emily Browning, Kiefer Sutherland","Action, Adventure, Drama",105
1573,d1233,pompeii,2014,Paul W.S. Anderson,"Kit Harington,Emily Browning,Kiefer Sutherland,Carrie-Anne Moss,Rebecca Eady,Jared Harris","Disaster, History, Mystery",105
1574,d2935,hamlet 2,2008,Andrew Fleming,"Steve Coogan,Joseph Julian Soria,Skylar Astin,Catherine Keener,David Arquette,Amy Poehler,Shea Pepe,Elisabeth Shue","Comedy, Music",92
1574,b688,Hamlet 2,2008,Andrew Fleming,"Steve Coogan, Catherine Keener, Amy Poehler, David Arquette",Comedy,92
1574,a736,Hamlet 2,2008,Andrew Fleming,"Steve Coogan, Elisabeth Shue, Catherine Keener","Comedy, Music",92
1575,d1784,the loneliest planet,2013,Julia Loktev,"Gael Garcia Bernal, Hani Furstenberg, Bidzina Gujabidze",Drama,113
1575,b184,The Loneliest Planet,2012,Julia Loktev,"Gael Garca Bernal, Hani Furstenberg, Bidzina Gujabidze",Drama,113
1575,d1873,the loneliest planet,2012,Julia Loktev,"Gael Garcia Bernal,Hani Furstenberg,Bidzina Gujabidze",Drama,113
1575,a186,The Loneliest Planet,2013,Julia Loktev,"Gael García Bernal, Hani Furstenberg, Bidzina Gujabidze",Thriller,113
1576,d174,she's the man,2006,Andy Fickman,"Amanda Bynes,Channing Tatum,Robert Hoffman,Alex Breckenridge,David Cross,Laura Ramsey","Comedy, Drama, Family, Romance",105
1576,a2355,She's the Man,2006,Andy Fickman,"Amanda Bynes, Laura Ramsey, Channing Tatum","Comedy, Romance",105
1577,d2408,winter's bone,2010,Debra Granik,"Jennifer Lawrence,John Hawkes,Kevin Breznahan,Dale Dickey,Garret Dillahunt,Sheryl Lee",Drama,100
1577,a469,Winter's Bone,2010,Debra Granik,"Jennifer Lawrence, John Hawkes, Garret Dillahunt",Drama,100
1578,d1691,the host,2013,Andrew Niccol,"Saoirse Ronan,Diane Kruger,Max Irons,William Hurt,Jake Abel,Frances Fisher","Science Fiction, Thriller",125
1578,a2776,The Host,2013,Andrew Niccol,"Saoirse Ronan, Max Irons, Jake Abel","Adventure, Romance, Sci-Fi, Thriller",125
1579,d2162,the adventures of tintin,2011,Steven Spielberg,"Jamie Bell,Andy Serkis,Daniel Craig,Nick Frost,Simon Pegg,Toby Jones","Action, Adventure, Animation, Family",107
1579,c1175,The Adventures of Tintin,2011,Steven Spielberg,"Jamie Bell, Andy Serkis, Daniel Craig","Animation, Action, Adventure",107
1580,b252,Think Like a Man,2012,Tim Story,"Michael Ealy, Jerry Ferrara, Meagan Good, Regina Hall",Comedy,123
1580,a256,Think Like a Man,2012,Tim Story,"Chris Brown, Gabrielle Union, Kevin Hart","Comedy, Romance",122
1580,d2032,think like a man,2012,Tim Story,"Chris Brown,Gabrielle Union,Kevin Hart,Meagan Good,Regina Hall,Taraji P. Henson","Comedy, Romance",122
1581,a448,Stone,2010,John Curran,"Edward Norton, Milla Jovovich, Robert De Niro","Drama, Thriller",105
1581,d2370,stone,2010,John Curran,"Robert De Niro,Edward Norton,Milla Jovovich,Frances Conroy,Enver Gjokaj,Pepper Binkley","Crime, Drama, Mystery, Suspense, Thriller",105
1582,b1001,X-Men Origins - Wolverine,2009,Gavin Hood,"Hugh Jackman, Liev Schreiber, Danny Huston, Lynn Collins","Action & Adventure, Mystery & Suspense, Science Fiction & Fantasy",107
1582,d2759,x-men origins: wolverine,2009,Gavin Hood,"Hugh Jackman,Liev Schreiber,Lynn Collins,Danny Huston,will.i.am,Ryan Reynolds","Action, Adventure, Fantasy, Science Fiction, Thriller",107
1582,a1081,X-Men Origins: Wolverine,2009,Gavin Hood,"Hugh Jackman, Liev Schreiber, Ryan Reynolds","Action, Adventure, Sci-Fi, Thriller",107
1583,b1878,The Devil and Daniel Johnston,2006,Jeff Feuerzeig,"Louis Black, Bill Johnston, Jeff Tartakov, Daniel Johnston","Musical & Performing Arts, Documentary",109
1583,a2129,The Devil and Daniel Johnston,2006,Jeff Feuerzeig,"Daniel Johnston, Mabel Johnston, Bill Johnston","Documentary, Biography, Music",110
1583,d227,the devil and daniel johnston,2006,Jeff Feuerzeig,"Daniel Johnston,Louis Black,Bill Johnston,Mabel Johnston,Jeff Tartakov,Kathy McCarty,Gibby Haynes,Jad Fair","Documentary, Indie",110
1584,d1683,now you see me,2013,Louis Leterrier,"Woody Harrelson,Jesse Eisenberg,Morgan Freeman,Mark Ruffalo,Isla Fisher,Mélanie Laurent,Michael Caine,Dave Franco",Thriller,
1584,b2610,Now You See Me,2013,Louis Leterrier,"Jesse Eisenberg, Dave Franco, Morgan Freeman, Mark Ruffalo",Mystery & Suspense,115
1584,a2860,Now You See Me,2013,Louis Leterrier,"Jesse Eisenberg, Common, Mark Ruffalo","Crime, Mystery, Thriller",115
1585,b2058,RV,2006,Barry Sonnenfeld,"Robin Williams, Cheryl Hines, Josh Hutcherson, Jeff Daniels","Action & Adventure, Kids & Family, Comedy",99
1585,a2337,RV,2006,Barry Sonnenfeld,"Robin Williams, Cheryl Hines, Kristin Chenoweth","Adventure, Comedy, Family",99
1585,d243,rv,2006,Barry Sonnenfeld,"Robin Williams,Cheryl Hines,Joanna ""JoJo"" Levesque,Josh Hutcherson,Jeff Daniels,Kristin Chenoweth,Hunter Parrish,Chloe Sonnenfeld","Adventure, Comedy, Family",99
1586,d3123,in bruges,2008,Martin McDonagh,"Colin Farrell,Brendan Gleeson,Ralph Fiennes,Clemence Poesy,Jordan Prentice","Action, Comedy, Crime, Drama, Foreign, Thriller",107
1586,a750,In Bruges,2008,Martin McDonagh,"Colin Farrell, Brendan Gleeson, Ciarán Hinds","Comedy, Crime, Drama",107
1586,b701,In Bruges,2008,Martin McDonagh,"Colin Farrell, Brendan Gleeson, Ralph Fiennes, Clmence Posy","Drama, Comedy",107
1587,d2828,bedtime stories,2008,Adam Shankman,"Adam Sandler,Guy Pearce,Russell Brand,Richard Griffiths,Courteney Cox,Keri Russell,Jonathan Morgan Heit,Laura Ann Kesling","Comedy, Family, Fantasy, Science Fiction",99
1587,b638,Bedtime Stories,2008,Adam Shankman,"Adam Sandler, Richard Griffiths, Courteney Cox, Guy Pearce","Action & Adventure, Kids & Family, Science Fiction & Fantasy, Comedy",95
1587,a683,Bedtime Stories,2008,Adam Shankman,"Adam Sandler, Keri Russell, Courteney Cox","Comedy, Family, Fantasy, Romance",99
1588,a2419,Wristcutters: A Love Story,2007,Goran Dukic,"Patrick Fugit, Shea Whigham, Tom Waits","Comedy, Drama, Fantasy, Romance",88
1588,d3184,wristcutters: a love story,2007,Goran Dukic,"Patrick Fugit,Shannyn Sossamon,Shea Whigham","Comedy, Drama, Indie, Romance",88
1589,a83,Chimpanzee,2012,Alastair Fothergill,Tim Allen,Documentary,78
1589,b83,Chimpanzee,2012,Alastair Fothergill,"Tim Allen, China Anne McClain",Documentary,77
1590,b2297,The Nanny Diaries,2007,Robert Pulcini,"Scarlett Johansson, Laura Linney, Alicia Keys, Chris Evans","Drama, Romance, Comedy",105
1590,a2520,The Nanny Diaries,2007,Shari Springer Berman,"Scarlett Johansson, Laura Linney, Paul Giamatti","Comedy, Drama, Romance",105
1590,d8,the nanny diaries,2007,"Shari Springer Berman,Robert Pulcini","Scarlett Johansson,Laura Linney,Paul Giamatti,Donna Murphy,Alicia Keys,Nathan Corddry","Comedy, Drama, Romance",106
1591,b1757,The Three Burials of Melquiades Estrada,2006,Tommy Lee Jones,"Tommy Lee Jones, Barry Pepper, Julio Cedillo, Julio Cesar Cedillo","Western, Drama",121
1591,d303,the three burials of melquiades estrada,2006,Tommy Lee Jones,"Tommy Lee Jones,Barry Pepper,Julio Cedillo,Dwight Yoakam,January Jones,Melissa Leo","Action, Drama, Thriller, Western",116
1591,a1992,The Three Burials of Melquiades Estrada,2006,Tommy Lee Jones,"Tommy Lee Jones, Barry Pepper, Dwight Yoakam","Adventure, Crime, Drama, Mystery, Western",121
1592,a1087,3:10 to Yuma,2007,James Mangold,"Russell Crowe, Christian Bale, Ben Foster","Adventure, Crime, Drama, Western",122
1592,d3156,3:10 to yuma,2007,James Mangold,"Russell Crowe,Christian Bale,Peter Fonda,Gretchen Mol,Ben Foster,Alan Tudyk","Action, Adventure, Suspense, Thriller, Western",122
1593,d2900,role models,2008,David Wain,"Seann William Scott,Paul Rudd,Christopher Mintz-Plasse,Jane Lynch,Bobb'e J. Thompson,Elizabeth Banks",Comedy,99
1593,a813,Role Models,2008,David Wain,"Paul Rudd, Seann William Scott, Elizabeth Banks",Comedy,99
1593,b755,Role Models,2008,David Wain,"Paul Rudd, Seann William Scott, Bobb'e J. Thompson, Christopher Mintz-Pl...",Comedy,99
1594,b1900,Fay Grim,2007,Hal Hartley,"Parker Posey, Jeff Goldblum, James Urbaniak, D.J. Mendel","Action & Adventure, Art House & International, Mystery & Suspense",118
1594,c2301,Fay Grim,2006,Hal Hartley,"Parker Posey, Jeff Goldblum, Liam Aiken","Action, Comedy, Thriller",118
1594,a2155,Fay Grim,2007,Hal Hartley,"Parker Posey, Jeff Goldblum, Liam Aiken","Action, Comedy, Thriller",118
1594,d133,fay grim,2007,Hal Hartley,"Parker Posey,Jeff Goldblum,James Urbaniak,Saffron Burrows,Thomas Jay Ryan","Action, Comedy, Drama, Thriller",118
1595,a2593,Superbad,2007,Greg Mottola,"Michael Cera, Jonah Hill, Christopher Mintz-Plasse",Comedy,113
1595,b2366,Superbad,2007,Greg Mottola,"Jonah Hill, Michael Cera, Bill Hader, Christopher Mintz-Pl...",Comedy,113
1595,d6,superbad,2007,Greg Mottola,"Jonah Hill,Michael Cera,Christopher Mintz-Plasse,Bill Hader,Seth Rogen,Emma Stone",Comedy,113
1596,d144,a mighty heart,2007,Michael Winterbottom,"Angelina Jolie,Dan Futterman,Will Patton,Denis O'Hare,Archie Panjabi","Drama, Indie, Thriller",100
1596,b2284,A Mighty Heart,2007,Michael Winterbottom,"Angelina Jolie, Dan Futterman, Archie Panjabi, Irfan Khan",Drama,107
1596,a2504,A Mighty Heart,2007,Michael Winterbottom,"Angelina Jolie, Dan Futterman, Irrfan Khan","Biography, Drama, History, Thriller, War",108
1597,d2659,zombieland,2009,Ruben Fleischer,"Jesse Eisenberg,Woody Harrelson,Emma Stone,Abigail Breslin,Amber Heard,Mike White","Action, Adventure, Comedy, Horror",88
1597,a1083,Zombieland,2009,Ruben Fleischer,"Jesse Eisenberg, Emma Stone, Woody Harrelson","Adventure, Comedy, Horror",88
1598,d1815,lawless,2012,John Hillcoat,"Shia LaBeouf,Tom Hardy,Jason Clarke,Guy Pearce,Jessica Chastain,Gary Oldman","Crime, Drama",115
1598,a179,Lawless,2012,John Hillcoat,"Tom Hardy, Shia LaBeouf, Guy Pearce","Crime, Drama",116
1599,a197,The Master,2012,Paul Thomas Anderson,"Philip Seymour Hoffman, Joaquin Phoenix, Amy Adams",Drama,144
1599,d1835,the master,2012,Paul Thomas Anderson,"Philip Seymour Hoffman,Joaquin Phoenix,Amy Adams,Laura Dern,Christopher Evan Welch,Patty McCormack","Action, Drama, Foreign",137
1600,b648,City of Ember,2008,Gil Kenan,"Saoirse Ronan, Harry Treadaway, Tim Robbins, Bill Murray","Action & Adventure, Kids & Family, Science Fiction & Fantasy",95
1600,a696,City of Ember,2008,Gil Kenan,"Saoirse Ronan, Toby Jones, Bill Murray","Adventure, Family, Fantasy, Sci-Fi",90
1600,d2926,city of ember,2008,Gil Kenan,"Harry Treadaway,Saoirse Ronan,Tim Robbins,Bill Murray,Toby Jones,Marianne Jean-Baptiste,Martin Landau,Mary Kay Place","Adventure, Family, Fantasy",90
1601,c963,For the Love of Money,2012,Ellie Kanner,"Edward Furlong, Jonathan Lipnicki, Steven Bauer","Action, Crime, Drama",93
1601,a143,For the Love of Money,2012,Ellie Kanner,"Jeffrey Tambor, Jonathan Lipnicki, Edward Furlong","Action, Crime, Drama, Thriller",93
1601,b141,For the Love of Money,2012,Ellie Kanner,"Yehuda Levi, James Caan, Delphine Chaneac, Edward Furlong",Drama,93
1602,b1926,The Good Shepherd,2006,Robert De Niro,"Matt Damon, Angelina Jolie, Alec Baldwin, Tammy Blanchard","Drama, Romance, Mystery & Suspense",188
1602,d94,the good shepherd,2006,Robert De Niro,"Matt Damon,Angelina Jolie,Alec Baldwin,Billy Crudup,Robert De Niro,Keir Dullea","Action, Drama, Thriller",167
1602,a2183,The Good Shepherd,2006,Robert De Niro,"Matt Damon, Angelina Jolie, Robert De Niro","Drama, History, Thriller",167
1603,a980,Knowing,2009,Alex Proyas,"Nicolas Cage, Chandler Canterbury, Rose Byrne","Drama, Horror, Mystery, Sci-Fi, Thriller",121
1603,d2787,knowing,2009,Alex Proyas,"Nicolas Cage,Chandler Canterbury,Rose Byrne,Lara Robinson,Phil Beckman,Nadia Townsend","Action, Adventure, Drama, Mystery, Science Fiction, Suspense, Thriller",121
1604,d2817,nothing like the holidays,2008,Alfredo de Villa,"Luis Guzman,John Leguizamo,Freddy Rodriguez,Alfred Molina,Jay Hernandez,Elizabeth Pena,Debra Messing,Melonie Diaz","Comedy, Drama, Indie, Romance",98
1604,b732,Nothing Like the Holidays,2008,Alfredo De Villa,"John Leguizamo, Freddy Rodriguez, Debra Messing, Alfred Molina","Drama, Comedy",98
1604,a787,Nothing Like the Holidays,2008,Alfredo Rodriguez de Villa,"John Leguizamo, Freddy Rodríguez, Debra Messing","Comedy, Drama, Romance",98
1605,d172,ask the dust,2006,Robert Towne,"Colin Farrell,Salma Hayek,Donald Sutherland,Eileen Atkins,Justin Kirk,Idina Menzel","Drama, Romance",117
1605,a2049,Ask the Dust,2006,Robert Towne,"Colin Farrell, Salma Hayek, Donald Sutherland","Drama, Romance",117
1606,d2277,drive,2011,Nicolas Winding Refn,"Ryan Gosling,Carey Mulligan,Bryan Cranston,Albert Brooks,Ron Perlman,Oscar Isaac","Action, Crime, Drama, Thriller",100
1606,a527,Drive,2011,Nicolas Winding Refn,"Ryan Gosling, Carey Mulligan, Bryan Cranston","Crime, Drama",100
1607,d2356,hall pass,2011,Bobby Farrelly,"Owen Wilson,Jason Sudeikis,Jenna Fischer,Christina Applegate,Nicky Whelan,Richard Jenkins","Comedy, Romance",105
1607,a549,Hall Pass,2011,Bobby Farrelly,"Owen Wilson, Jason Sudeikis, Christina Applegate","Comedy, Romance",105
1608,a1060,The Time Traveler's Wife,2009,Robert Schwentke,"Eric Bana, Rachel McAdams, Ron Livingston","Drama, Fantasy, Romance, Sci-Fi",107
1608,d2685,the time traveler's wife,2009,Robert Schwentke,"Rachel McAdams,Eric Bana,Arliss Howard,Ron Livingston,Stephen Tobolowsky,Brooklynn Proulx","Drama, Romance, Science Fiction",107
1609,b561,One Day,2011,Lone Scherfig,"Anne Hathaway, Jim Sturgess, Tom Mison, Jodie Whittaker","Drama, Romance, Comedy",107
1609,a599,One Day,2011,Lone Scherfig,"Anne Hathaway, Jim Sturgess, Patricia Clarkson","Drama, Romance",107
1609,d2256,one day,2011,Lone Scherfig,"Anne Hathaway,Jim Sturgess,Jodie Whittaker,Patricia Clarkson,Rafe Spall,Romola Garai","Drama, Romance",107
1610,d1049,beneath,2014,Ben Ketai,"Brent Briscoe,Kurt Caceres,Eric Etebari,Jeff Fahey,Joey Kern,Kelly Noonan",Horror,89
1610,a2654,Beneath,2014,Ben Ketai,"Brent Briscoe, Kurt Caceres, Eric Etebari",Horror,89
1611,d3063,mr. magorium's wonder emporium,2007,Zach Helm,"Dustin Hoffman,Natalie Portman,Zach Mills","Comedy, Family, Fantasy, Science Fiction",93
1611,a2512,Mr. Magorium's Wonder Emporium,2007,Zach Helm,"Natalie Portman, Dustin Hoffman, Jason Bateman","Comedy, Family, Fantasy",93
1612,a2848,McCanick,2014,Josh C. Waller,"David Morse, Mike Vogel, Cory Monteith","Crime, Drama, Mystery, Thriller",96
1612,b2600,McCanick,2014,Josh C. Waller,"David Morse, Cory Monteith, Ciarn Hinds, Cory Montieth","Mystery & Suspense, Drama",96
1612,d1272,mccanick,2014,Josh C. Waller,"David Morse,Cory Monteith,Rachel Nichols,Mike Vogel,Ciarán Hinds,Trevor Morgan","Crime, Drama, Thriller",96
1613,d3160,the brave one,2007,Neil Jordan,"Jodie Foster,Terrence Howard,Naveen Andrews,Mary Steenburgen,Jane Adams,Nicky Katt","Action, Crime, Drama, Thriller",122
1613,b2169,The Brave One,2007,Neil Jordan,"Jodie Foster, Terence DaShon Howar..., Terrence Howard, Nicky Katt","Drama, Action & Adventure, Mystery & Suspense",122
1613,a1124,The Brave One,2007,Neil Jordan,"Jodie Foster, Terrence Howard, Naveen Andrews","Crime, Drama, Thriller",122
1614,a734,Ghost Town,2008,David Koepp,"Ricky Gervais, Greg Kinnear, Téa Leoni","Comedy, Drama, Fantasy, Romance",102
1614,b686,Ghost Town,2008,David Koepp,"Greg Kinnear, Ta Leoni, Ricky Gervais, Billy Campbell","Documentary, Science Fiction & Fantasy, Comedy, Special Interest",102
1614,d2956,ghost town,2008,David Koepp,"Ricky Gervais,Greg Kinnear,Tea Leoni,Dana Ivey,Billy Campbell","Comedy, Romance",102
1615,a645,Take Shelter,2011,Jeff Nichols,"Michael Shannon, Jessica Chastain, Shea Whigham","Drama, Thriller",120
1615,d2285,take shelter,2011,Jeff Nichols,"Michael Shannon,Jessica Chastain,Shea Whigham,Tova Stewart,Ray McKinnon,Kathy Baker,Lisa Gay Hamilton,Robert Longstreet","Drama, Thriller",120
1615,b606,Take Shelter,2011,Jeff Nichols (VI),"Michael Shannon, Jessica Chastain, Tova Stewart, Shea Whigham","Mystery & Suspense, Drama",120
1616,c3413,The Big Hit,1998,Kirk Wong,"Mark Wahlberg, Lou Diamond Phillips, Christina Applegate","Action, Comedy, Crime",91
1616,b2932,The Big Hit,1998,Che-Kirk Wong,"Mark Wahlberg, Lou Diamond Phillips, Christina Applegate, Bokeem Woodbine",Action & Adventure,87
1617,b808,500 Days of Summer,2009,Marc Webb,"Joseph Gordon-Levitt, Zooey Deschanel, Geoffrey Arend, Chloe Grace Moretz","Drama, Romance, Comedy",95
1617,a866,(500) Days of Summer,2009,Marc Webb,"Zooey Deschanel, Joseph Gordon-Levitt, Geoffrey Arend","Comedy, Drama, Romance",95
1617,d2720,(500) days of summer,2009,Marc Webb,"Joseph Gordon-Levitt,Zooey Deschanel,Geoffrey Arend,Chloe Grace Moretz,Matthew Gray Gubler,Clark Gregg,Rachel Boston,Minka Kelly","Comedy, Drama, Indie, Romance",95
1618,a2714,Don't Stop Believin': Everyman's Journey,2013,Ramona S. Diaz,"Arnel Pineda, Neal Schon, Jonathan Cain","Documentary, Music",105
1618,d1757,don't stop believing: everyman's journey,2013,Ramona S. Diaz,"Arnel Pineda,Neal Schon,Jonathan Cain,Ross Valory,Deen Castronovo",Documentary,90
1619,b2689,Superman Unbound,,James Tucker,"Stana Katic, Matt Bomer, John Noble, Molly Quinn","Action & Adventure, Animation",75
1619,a2941,Superman: Unbound,2013,James Tucker,"Matt Bomer, Stana Katic, John Noble","Animation, Action, Adventure",75
1620,b1227,Bubble Boy,2001,Blair Hayes (II),"Jake Gyllenhaal, Swoosie Kurtz, Marley Shelton, Danny Trejo",Comedy,84
1620,a1408,Bubble Boy,2001,Blair Hayes,"Jake Gyllenhaal, Swoosie Kurtz, Marley Shelton","Adventure, Biography, Comedy, Romance, Sci-Fi",84
1621,d2517,after.life,2010,Agnieska Wojtowicz-Vosloo,"Liam Neeson,Christina Ricci,Justin Long,Chandler Canterbury,Josh Charles,Celia Weston","Documentary, Drama, Horror, Mystery",104
1621,a873,After.Life,2010,Agnieszka Wojtowicz-Vosloo,"Christina Ricci, Liam Neeson, Justin Long","Drama, Horror, Mystery, Thriller",104
1622,b1084,Ivans Xtc,2002,Bernard Rose,"Danny Huston, Peter Weller, James Merendino, Joanne Duckman","Drama, Comedy",90
1622,a1256,Ivansxtc,2002,Bernard Rose,"Danny Huston, Peter Weller, James Merendino",Drama,93
1623,a1456,Hard Ball,2001,Brian Robbins,"Keanu Reeves, Diane Lane, John Hawkes","Drama, Sport",106
1623,b1266,Hardball,2001,Brian Robbins,"Keanu Reeves, Diane Lane, John Hawkes, Michael B. Jordan","Drama, Comedy",115
1624,b28,ATM,2012,David Allen Brooks,"Brian Geraghty, Josh Peck, Alice Eve, Mike O'Brien","Mystery & Suspense, Horror",90
1624,a25,ATM,2012,David Brooks,"Alice Eve, Josh Peck, Brian Geraghty","Horror, Thriller",90
1625,b1759,Thumbsucker,2005,Mike Mills (II),"Lou Taylor Pucci, Tilda Swinton, Vincent D'Onofrio, Vince Vaughn","Drama, Art House & International, Comedy",96
1625,a1994,Thumbsucker,2005,Mike Mills,"Lou Taylor Pucci, Tilda Swinton, Vincent D'Onofrio","Comedy, Drama",96
1626,b1466,Imaginary Heroes,2005,Dan Harris (II),"Sigourney Weaver, Emile Hirsch, Jeff Daniels, Michelle Williams","Drama, Kids & Family, Comedy",112
1626,a1682,Imaginary Heroes,2005,Dan Harris,"Sigourney Weaver, Jeff Daniels, Emile Hirsch","Comedy, Drama",111
1627,a1233,Final Destination,2000,James Wong,"Devon Sawa, Ali Larter, Kerr Smith","Horror, Thriller",98
1627,b1060,Final Destination,2000,James Wong (IV),"Devon Sawa, Ali Larter, Kerr Smith, Kristen Cloke","Mystery & Suspense, Horror",98
1628,b1361,Summer Catch,2001,Mike Tollin,"Freddie Prinze Jr., Jessica Biel, Fred Ward, Bruce Davison","Drama, Romance, Comedy",108
1628,a1562,Summer Catch,2001,Michael Tollin,"Freddie Prinze Jr., Jessica Biel, Fred Ward","Comedy, Drama, Romance, Sport",108
1629,d2461,ramona and beezus,2010,Elizabeth Allen,"Joey King,Selena Gomez,John Corbett,Bridget Moynahan,Sandra Oh,Ginnifer Goodwin","Adventure, Comedy, Family, Fantasy",103
1629,b402,Ramona and Beezus,2010,Elizabeth Allen (II),"Joey King, Selena Gomez, John Corbett, Bridget Moynahan","Comedy, Kids & Family",103
1629,a422,Ramona and Beezus,2010,Elizabeth Allen Rosenbaum,"Joey King, Selena Gomez, Bridget Moynahan","Adventure, Comedy, Family, Fantasy",103
1630,a1446,From Hell,2001,Albert Hughes,"Johnny Depp, Heather Graham, Ian Holm","Horror, Mystery, Thriller",122
1630,b1256,From Hell,2001,Allen Hughes,"Johnny Depp, Heather Graham, Ian Holm, Ian Richardson","Mystery & Suspense, Horror",137
1631,b750,Redbelt,2008,David Mamet,"Chiwetel Ejiofor, Emily Mortimer, Alice Braga, Joe Mantegna","Drama, Action & Adventure, Mystery & Suspense",99
1631,d2975,redbelt,2008,David Mamet,"Chiwetel Ejiofor,Alice Braga,Tim Allen,Jose Pablo Cantillo,Joe Mantegna,Ricky Jay,Emily Mortimer,Max Martini,David Paymer","Action, Adventure, Drama, Thriller",99
1631,a807,Redbelt,2008,David Mamet,"Chiwetel Ejiofor, Tim Allen, Emily Mortimer","Drama, Sport",99
1632,d165,the death of mr. lazarescu,2006,Cristi Puiu,"Ion Fiscuteanu,Luminita Gheorghiu","Comedy, Drama, Foreign",150
1632,b2843,The Death of Mr. Lazarescu,2006,Christi Puiu,"Ion Fiscuteanu, Luminita Gheorghiu, Gabriel Spahieu, Doru Ana","Drama, Art House & International, Comedy",153
1633,d166,keeping up with the steins,2006,Scott Marshall,"Jeremy Piven,Larry Miller,Jami Gertz,Daryl Hannah,Garry Marshall,Daryl Sabara,Doris Roberts,Cheryl Hines,Carter Jenkins","Comedy, Indie",90
1633,b1973,Keeping Up With The Steins,2006,Scott Marshall,"Jeremy Piven, Jami Gertz, Daryl Hannah, Garry Marshall",Comedy,99
1633,a2237,Keeping Up with the Steins,2006,Scott Marshall,"Jeremy Piven, Garry Marshall, Daryl Sabara",Comedy,90
1634,b554,Margin Call,2011,J.C. Chandor,"Kevin Spacey, Paul Bettany, Jeremy Irons, Zachary Quinto",Mystery & Suspense,106
1634,a589,Margin Call,2011,J.C. Chandor,"Zachary Quinto, Stanley Tucci, Kevin Spacey","Drama, Thriller",107
1634,d2179,margin call,2011,J.C. Chandor,"Kevin Spacey,Paul Bettany,Jeremy Irons,Zachary Quinto,Penn Badgley,Simon Baker,Mary McDonnell,Demi Moore,Stanley Tucci","Drama, Suspense, Thriller",107
1635,d1629,blue jasmine,2013,Woody Allen,"Cate Blanchett,Sally Hawkins,Alec Baldwin,Peter Sarsgaard,Louis C.K.,Alden Ehrenreich,Andrew Dice Clay,Bobby Cannavale,Michael Stuhlbarg","Comedy, Romance",
1635,a2670,Blue Jasmine,2013,Woody Allen,"Cate Blanchett, Alec Baldwin, Peter Sarsgaard","Drama, Romance",98
1635,b2441,Blue Jasmine,2013,Woody Allen,"Alec Baldwin, Cate Blanchett, Sally Hawkins, Andrew Dice Clay",Comedy,98
1636,a728,Frost/Nixon,2009,Ron Howard,"Frank Langella, Michael Sheen, Kevin Bacon","Drama, History",122
1636,d2864,frost/nixon,2008,Ron Howard,"Frank Langella,Michael Sheen,Oliver Platt,Sam Rockwell,Kevin Bacon,Rebecca Hall,Toby Jones,Matthew MacFadyen,Patty McCormack",Drama,122
1636,b680,Frost/Nixon,2008,Ron Howard,"Frank Langella, Michael Sheen, Kevin Bacon, Rebecca Hall",Drama,123
1637,b333,The Greatest,2010,Shana Feste,"Pierce Brosnan, Susan Sarandon, Carey Mulligan, Johnny Simmons",Drama,100
1637,a344,The Greatest,2009,Shana Feste,"Carey Mulligan, Aaron Taylor-Johnson, Pierce Brosnan","Drama, Romance",99
1637,d2516,the greatest,2010,Shana Feste,"Pierce Brosnan,Susan Sarandon,Carey Mulligan,Johnny Simmons,Aaron Johnson,Zoe Kravitz,Jennifer Ehle,Amy Morton,Michael Shannon",Drama,99
1638,b644,Cadillac Records,2008,Darnell Martin,"Adrien Brody, Beyonce Knowles, Emmanuelle Chriqui, Gabrielle Union","Musical & Performing Arts, Drama",108
1638,a691,Cadillac Records,2008,Darnell Martin,"Adrien Brody, Jeffrey Wright, Beyoncé Knowles","Biography, Drama, History, Music, Romance",109
1638,d2908,cadillac records,2008,Darnell Martin,"Adrien Brody,Jeffrey Wright,Cedric The Entertainer,Eamonn Walker,Mos Def,Beyonce Knowles,Gabrielle Union,Columbus Short,Emmanuelle Chriqui","Drama, History",109
1639,d2748,the informers,2009,Gregor Jordan,"Billy Bob Thornton,Kim Basinger,Mickey Rourke,Winona Ryder,Jon Foster,Amber Heard,Lou Taylor Pucci,Brad Renfro,Chris Isaak","Action, Adventure, Crime, Drama, Indie, Thriller",98
1639,b901,The Informers,2009,Gregor Jordan,"Billy Bob Thornton, Kim Basinger, Winona Ryder, Jon Foster","Mystery & Suspense, Drama",98
1639,a968,The Informers,2009,Gregor Jordan,"Billy Bob Thornton, Kim Basinger, Mickey Rourke","Crime, Drama, Thriller",98
1640,d111,hairspray,2007,Adam Shankman,"Nikki Blonsky,John Travolta,Michelle Pfeiffer,Christopher Walken,Amanda Bynes,James Marsden,Queen Latifah,Zac Efron,Jerry Stiller","Comedy, Music",115
1640,b2231,Hairspray,2007,Adam Shankman,"John Travolta, Michelle Pfeiffer, Queen Latifah, Christopher Walken","Musical & Performing Arts, Comedy",117
1640,a2445,Hairspray,2007,Adam Shankman,"John Travolta, Queen Latifah, Nikki Blonsky","Comedy, Musical, Romance",117
1641,b1730,Rent,2005,Chris Columbus,"Anthony Rapp, Adam Pascal, Rosario Dawson, Jesse L. Martin","Romance, Musical & Performing Arts, Comedy",135
1641,a1964,Rent,2005,Chris Columbus,"Taye Diggs, Wilson Jermaine Heredia, Rosario Dawson","Drama, Musical, Romance",135
1641,d260,rent,2005,Chris Columbus,"Rosario Dawson,Taye Diggs,Wilson,Jesse L. Martin,Idina Menzel,Adam Pascal,Anthony Rapp,Tracie Thoms,Wilson Jermaine Heredia","Comedy, Drama, Music, Romance, Science Fiction",135
1642,a1071,Watchmen,2009,Zack Snyder,"Jackie Earle Haley, Patrick Wilson, Carla Gugino","Action, Mystery, Sci-Fi",162
1642,d2785,watchmen,2009,Zack Snyder,"Billy Crudup,Matthew Goode,Carla Gugino,Malin Akerman,Jackie Earle Haley,Jeffrey Dean Morgan,Patrick Wilson,Matt Frewer,Gary Houston","Action, Drama, Mystery, Science Fiction, Thriller",162
1642,b994,Watchmen,2009,Zack Snyder,"Billy Crudup, Jeffrey Dean Morgan, Malin Akerman, Matthew Goode","Drama, Action & Adventure, Science Fiction & Fantasy",163
1643,b323,For Colored Girls,2010,Tyler Perry,"Kimberly Elise, Janet Jackson, Loretta Devine, Thandie Newton","Drama, Special Interest",134
1643,a334,For Colored Girls,2010,Tyler Perry,"Janet Jackson, Anika Noni Rose, Whoopi Goldberg",Drama,133
1643,d2376,for colored girls,2010,Tyler Perry,"Kimberly Elise,Janet Jackson,Loretta Devine,Thandie Newton,Anika Noni Rose,Kerry Washington,Tessa Thompson,Whoopi Goldberg,Phylicia Rashad","Drama, Indie",134
1644,b1863,The Da Vinci Code,2006,Ron Howard,"Tom Hanks, Audrey Tautou, Ian McKellen, Alfred Molina","Drama, Action & Adventure, Mystery & Suspense",149
1644,d167,the da vinci code,2006,Ron Howard,"Tom Hanks,Audrey Tautou,Ian McKellen,Alfred Molina,Jurgen Prochnow,Paul Bettany,Jean Reno,Jean Pierre Marielle,Etienne Chicot","Mystery, Thriller",149
1644,a2112,The Da Vinci Code,2006,Ron Howard,"Tom Hanks, Audrey Tautou, Jean Reno","Mystery, Thriller",149
1645,a2160,Firewall,2006,Richard Loncraine,"Harrison Ford, Virginia Madsen, Paul Bettany","Crime, Thriller",105
1645,b1905,Firewall,2006,Richard Loncraine,"Harrison Ford, Virginia Madsen, Carly Schroeder, Jimmy Bennett","Drama, Action & Adventure, Mystery & Suspense",105
1645,d310,firewall,2006,Richard Loncraine,"Harrison Ford,Virginia Madsen,Paul Bettany,Mary Lynn Rajskub,Robert Patrick,Robert Forster,Alan Arkin,Carly Schroeder,Jimmy Bennett","Action, Crime, Drama, Thriller",105
1646,b2460,Cloudy with a Chance of Meatballs 2,2013,Kris Pearn,"Bill Hader, Anna Faris, James Caan, Will Forte","Action & Adventure, Animation, Kids & Family, Science Fiction & Fantasy",95
1646,a2693,Cloudy with a Chance of Meatballs 2,2013,Cody Cameron,"Bill Hader, Anna Faris, Will Forte","Animation, Comedy, Family, Fantasy",95
1646,d1541,cloudy with a chance of meatballs 2,2013,"Cody Cameron,Kris Pearn","Bill Hader,Anna Faris,James Caan,Will Forte,Andy Samberg,Benjamin Bratt,Neil Patrick Harris,Terry Crews,Kristen Schaal","Animation, Family",95
1647,b2563,Jobs,2013,Joshua Michael Stern,"Ashton Kutcher, Josh Gad, Matthew Modine, J.K. Simmons",Drama,129
1647,d1612,jobs,2013,Joshua Michael Stern,"Ashton Kutcher,Josh Gad,Dermot Mulroney,Matthew Modine,Amanda Crew,Kevin Dunn,Lukas Haas,J.K. Simmons,Lesley Ann Warren",Drama,122
1648,d349,hotel transylvania 2,2015,Genndy Tartakovsky,"Adam Sandler,Kevin James,Steve Buscemi,Selena Gomez,Keegan Michael Key,Andy Samberg,Mel Brooks,Fran Drescher,David Spade","Animation, Comedy",89
1648,b163,Hotel Transylvania 2,2015,Genndy Tartakovsky,"Selena Gomez, Mel Brooks, Kevin James, Steve Buscemi",Animation,89
1649,a692,Changeling,2008,Clint Eastwood,"Angelina Jolie, Colm Feore, Amy Ryan","Drama, History, Mystery, Thriller",141
1649,b645,Changeling,2008,Clint Eastwood,"Angelina Jolie, John Malkovich, Jeffrey Donovan, Michael Kelly","Mystery & Suspense, Drama",141
1649,d2891,changeling,2008,Clint Eastwood,"Angelina Jolie,John Malkovich,Jeffrey Donovan,Michael Kelly,Colm Feore,Amy Ryan,Geoff Pierson,Denis O'Hare,Reed Birney","Drama, Mystery, Thriller",141
1650,a2661,The Best Man Holiday,2013,Malcolm D. Lee,"Monica Calhoun, Morris Chestnut, Melissa De Sousa","Comedy, Drama",123
1650,d1482,the best man holiday,2013,Malcolm D. Lee,"Terrence Howard,Harold Perrineau Jr.,Monica Calhoun,Taye Diggs,Morris Chestnut,Sanaa Lathan,Regina Hall,Nia Long,Melissa De Sousa",Comedy,
1650,b2431,The Best Man Holiday,2013,Malcolm D. Lee,"Morris Chestnut, Taye Diggs, Regina Hall, Terrence Howard",Comedy,120
1651,d588,testament of youth,2015,James Kent,"Alicia Vikander,Kit Harington,Hayley Atwell,Dominic West,Emily Watson,Colin Morgan,Anna Chancellor,Miranda Richardson,Taron Egerton","Drama, History, War",129
1651,b2691,Testament Of Youth,2015,James Kent,"Alicia Vikander, Kit Harington, Dominic West, Emily Watson","Drama, Romance",129
1652,b2253,Into the Wild,2007,Sean Penn,"Emile Hirsch, Marcia Gay Harden, William Hurt, Catherine Keener","Drama, Action & Adventure",148
1652,d26,into the wild,2007,Sean Penn,"Emile Hirsch,Vince Vaughn,Catherine Keener,Brian Dierker,Hal Holbrook,Marcia Gay Harden,William Hurt,Kristen Stewart,Jena Malone","Action, Adventure, Drama",148
1652,a2470,Into the Wild,2007,Sean Penn,"Emile Hirsch, Vince Vaughn, Catherine Keener","Adventure, Biography, Drama",148
1653,d1099,snowpiercer,2014,Joon-ho Bong,"Chris Evans,Jamie Bell,John Hurt,Tilda Swinton,Alison Pill,Octavia Spencer,Ewen Bremner","Action, Drama, Science Fiction",126
1653,a1526,Snowpiercer,2014,Joon-ho Bong,"Chris Evans, Jamie Bell, Tilda Swinton","Action, Drama, Sci-Fi, Thriller",126
1654,a1142,Control,2007,Anton Corbijn,"Sam Riley, Samantha Morton, Craig Parkinson","Biography, Drama, Music",122
1654,d3170,control,2007,Anton Corbijn,"Sam Riley,Samantha Morton,Craig Parkinson,Alexandra Maria Lara,Joe Anderson,Toby Kebbell,James Anthony Pearson","Drama, Foreign, Indie",121
1655,d1971,people like us,2012,Alex Kurtzman,"Chris Pine,Elizabeth Banks,Olivia Wilde,Jon Favreau,Michelle Pfeiffer,Philip Baker Hall",Drama,114
1655,b208,People Like Us,2012,Alex Kurtzman,"Elizabeth Banks, Chris Pine, Michael Hall D'Addar..., Michelle Pfeiffer","Drama, Comedy",115
1656,d3013,space chimps,2008,Kirk De Micco,"Andy Samberg,Cheryl Hines,Patrick Warburton,Jeff Daniels,Kristin Chenoweth,Stanley Tucci,Jane Lynch","Animation, Family",81
1656,b768,Space Chimps,2008,Kirk De Micco,"Andy Samberg, Kenan Thompson, Omid Abtahi, Cheryl Hines","Action & Adventure, Animation, Kids & Family, Comedy",81
1656,a825,Space Chimps,2008,Kirk De Micco,"Andy Samberg, Stanley Tucci, Jeff Daniels","Animation, Adventure, Comedy, Family, Sci-Fi",81
1657,d745,a most violent year,2014,J.C. Chandor,"Oscar Isaac,Jessica Chastain,Albert Brooks,Elyes Gabel,David Oyelowo,Alessandro Nivola,Catalina Sandino Moreno","Action, Crime, Drama, Thriller",125
1657,c370,A Most Violent Year,2014,J.C. Chandor,"Oscar Isaac, Jessica Chastain, David Oyelowo","Action, Crime, Drama",125
1658,a1160,Enchanted,2007,Kevin Lima,"Amy Adams, Susan Sarandon, James Marsden","Animation, Comedy, Family, Fantasy, Musical, Romance",107
1658,d3067,enchanted,2007,Kevin Lima,"Amy Adams,Patrick Dempsey,James Marsden,Timothy Spall,Susan Sarandon,Idina Menzel,Julie Andrews","Comedy, Family, Fantasy, Romance, Science Fiction",107
1659,a1131,The Bucket List,2008,Rob Reiner,"Jack Nicholson, Morgan Freeman, Sean Hayes","Adventure, Comedy, Drama",97
1659,d3095,the bucket list,2008,Rob Reiner,"Jack Nicholson,Morgan Freeman,Sean Hayes,Rob Morrow,Beverly Todd,Alfonso Freeman,Rowena King","Comedy, Drama",97
1659,b2176,The Bucket List,2007,Rob Reiner,"Jack Nicholson, Morgan Freeman, Sean Hayes, Beverly Todd","Drama, Action & Adventure, Comedy",97
1660,d2283,the ides of march,2011,George Clooney,"Ryan Gosling,George Clooney,Paul Giamatti,Marisa Tomei,Jeffrey Wright,Evan Rachel Wood","Drama, Thriller",101
1660,a566,The Ides of March,2011,George Clooney,"Paul Giamatti, George Clooney, Philip Seymour Hoffman",Drama,101
1660,b531,The Ides of March,2011,George Clooney,"Ryan Gosling, George Clooney, Philip Seymour Hoffm..., Paul Giamatti","Mystery & Suspense, Drama",102
1661,c106,Dragon Blade,2015,Daniel Lee,"Jackie Chan, John Cusack, Adrien Brody","Action, Adventure, Drama",127
1661,d381,dragon blade,2015,Daniel Lee,"Jackie Chan,John Cusack,Adrien Brody,Sharni Vinson,Max Huang,Si Won Choi,Peng Lin","Action, Adventure, Drama, History",127
1662,b1949,The Hottest State,2007,Ethan Hawke,"Mark Webber, Catalina Sandino Mor..., Ethan Hawke, Laura Linney",Drama,117
1662,d3158,the hottest state,2007,Ethan Hawke,"Mark Webber,Catalina Sandino Moreno,Ethan Hawke,Laura Linney,Sonia Braga,Jesse Harris,Frank Whaley","Drama, Indie, Romance",117
1662,a2210,The Hottest State,2007,Ethan Hawke,"Catalina Sandino Moreno, Laura Linney, Mark Webber","Drama, Music, Romance",117
1663,b2674,The Spectacular Now,2013,James Ponsoldt,"Miles Teller, Shailene Woodley, Brie Larson, Mary Elizabeth Winst...","Drama, Romance, Comedy",95
1663,d1594,the spectacular now,2013,James Ponsoldt,"Miles Teller,Shailene Woodley,Brie Larson,Jennifer Jason Leigh,Mary Elizabeth Winstead,Kyle Chandler,Kaitlyn Dever",,99
1663,a2927,The Spectacular Now,2013,James Ponsoldt,"Miles Teller, Shailene Woodley, Kyle Chandler","Comedy, Drama, Romance",95
1664,b138,For a Good Time Call...,2012,Jamie Travis,"Ari Graynor, Lauren Miller, Justin Long, Mark Webber","Drama, Comedy",85
1664,d1816,for a good time call...,2012,Jamie Travis,"Lauren Miller,Ari Graynor,Justin Long,Mimi Rogers,Nia Vardalos,Seth Rogen",Comedy,85
1665,d1159,brick mansions,2014,Camille Delamarre,"Paul Walker,David Belle,RZA,Robert Maillet,Carlo Rota,Catalina Denis,Ayisha Issa","Action, Crime",90
1665,c219,Brick Mansions,2014,Camille Delamarre,"Paul Walker, David Belle, RZA","Action, Crime, Drama",90
1666,c1898,Hell Ride,2008,Larry Bishop,"Larry Bishop, Dennis Hopper, Michael Madsen","Action, Drama, Thriller",84
1666,d2990,hell ride,2008,Larry Bishop,"Larry Bishop,Michael Madsen,Eric Balfour,Dennis Hopper,Leonor Varela,Vinnie Jones,Julia Jones","Action, Indie, Thriller",84
1667,a2110,Curious George,2006,Matthew O'Callaghan,"Will Ferrell, Drew Barrymore, Eugene Levy","Animation, Adventure, Comedy, Family",86
1667,d311,curious george,2006,Matthew O'Callaghan,"Will Ferrell,Drew Barrymore,Eugene Levy,Joan Plowright,David Cross,Dick Van Dyke,Frank Welker","Adventure, Animation, Comedy, Family",86
1668,c633,Stalingrad,2013,Fedor Bondarchuk,"Mariya Smolnikova, Yanina Studilina, Pyotr Fyodorov","Action, Drama, War",131
1668,d1240,stalingrad,2013,Fedor Bondarchuk,"Mariya Smolnikova,Yanina Studilina,Pyotr Fyodorov,Thomas Kretschmann,Philippe Reinhardt,Sergey Bondarchuk,Dmitriy Lysenkov","Action, Drama, War",135
1669,a991,Lymelife,2009,Derick Martini,"Rory Culkin, Alec Baldwin, Jill Hennessy","Comedy, Drama, Romance",95
1669,d2757,lymelife,2009,Derick Martini,"Rory Culkin,Emma Roberts,Alec Baldwin,Jill Hennessy,Timothy Hutton,Cynthia Nixon,Kieran Culkin","Comedy, Drama, Indie",95
1669,b922,Lymelife,2008,Derick Martini,"Alec Baldwin, Rory Culkin, Emma Roberts, Jill Hennessy",Drama,94
1670,b2177,Captive,2015,Jerry Jameson,"Kate Mara, David Oyelowo, Michael K. Williams, Mimi Rogers","Drama, Mystery & Suspense, Special Interest",97
1670,d429,captive,2015,Jerry Jameson,"Kate Mara,David Oyelowo,Michael Kenneth Williams,Mimi Rogers,Leonor Varela,E. Roger Mitchell","Crime, Drama, Thriller",97
1671,d2719,post grad,2009,Vicky Jenson,"Alexis Bledel,Michael Keaton,Jane Lynch,Bobby Coleman,Zach Gilford,Carol Burnett,J.K. Simmons","Comedy, Romance",88
1671,a1028,Post Grad,2009,Vicky Jenson,"Alexis Bledel, Michael Keaton, Carol Burnett","Comedy, Romance",88
1671,b957,Post Grad,2009,Vicky Jenson,"Alexis Bledel, Zach Gilford, Rodrigo Santoro, Jane Lynch",Comedy,88
1672,d1526,prisoners,2013,Denis Villeneuve,"Jake Gyllenhaal,Hugh Jackman,Paul Dano,Maria Bello,Melissa Leo,Viola Davis,Terrence Howard","Crime, Drama, Thriller",146
1672,a2889,Prisoners,2013,Denis Villeneuve,"Hugh Jackman, Jake Gyllenhaal, Viola Davis","Crime, Drama, Mystery, Thriller",153
1673,b2450,Bullet to the Head,2013,Walter Hill,"Sylvester Stallone, Sung Kang, Sarah Shahi, Adewale Akinnuoye-Ag...","Mystery & Suspense, Action & Adventure",91
1673,d1772,bullet to the head,2013,Walter Hill,"Sylvester Stallone,Sung Kang,Christian Slater,Adewale Akinnuoye-Agbaje,Jason Momoa,Jon Seda,Sarah Shahi","Action, Crime, Thriller",92
1673,a2679,Bullet to the Head,2013,Walter Hill,"Sylvester Stallone, Jason Momoa, Christian Slater","Action, Crime, Thriller",92
1673,c914,Bullet to the Head,2012,Walter Hill,"Sylvester Stallone, Jason Momoa, Christian Slater","Action, Crime, Thriller",92
1674,d1608,prince avalanche,2013,David Gordon Green,"Emile Hirsch,Paul Rudd,Lance LeGault,Joyce Payne,Gina Grande,Lynn Shelton,Larry Kretchmar","Comedy, Drama",94
1674,a2888,Prince Avalanche,2013,David Gordon Green,"Paul Rudd, Emile Hirsch, Lance LeGault","Comedy, Drama",94
1674,b2637,Prince Avalanche,2013,David Gordon Green,"Paul Rudd, Emile Hirsch, Lance Le Gault, Gina Grande","Drama, Comedy",94
1675,a1264,The Ladies Man,2000,Reginald Hudlin,"Tim Meadows, Karyn Parsons, Billy Dee Williams",Comedy,84
1675,b1089,The Ladies Man,2000,Reggie Hudlin,"Tim Meadows, Karyn Parsons, Billy Dee Williams, Will Ferrell",Comedy,84
1676,d1343,justin bieber's believe,2013,Jon M. Chu,"Justin Bieber,Scooter Braun,Ryan Good,Usher,Pattie Mallette,Jeremy Bieber,Mike Posner","Documentary, Music",91
1676,a2811,Justin Bieber's Believe,2013,Jon M. Chu,"Justin Bieber, Scooter Braun, Ryan Good","Documentary, Music",92
1677,a2353,The Shaggy Dog,2006,Brian Robbins,"Tim Allen, Kristin Davis, Craig Kilborn","Comedy, Family, Fantasy",98
1677,b2072,The Shaggy Dog,2006,Brian Robbins,"Tim Allen, Kristin Davis, Robert Downey Jr., Zena Grey","Action & Adventure, Kids & Family, Comedy",98
1677,d334,the shaggy dog,2006,Brian Robbins,"Tim Allen,Robert Downey Jr.,Zena Grey,Shawn Pyfrom,Danny Glover,Jane Curtin","Comedy, Family, Fantasy",95
1678,a1099,Alvin and the Chipmunks,2007,Tim Hill,"Jason Lee, David Cross, Cameron Richardson","Animation, Comedy, Family, Fantasy, Music",92
1678,d3130,alvin and the chipmunks,2007,Tim Hill,"Jason Lee,David Cross,Cameron Richardson,Jane Lynch,Justin Long,Matthew Gray Gubler,Jesse McCartney","Animation, Comedy, Family, Music",92
1679,d1019,hercules,2014,Brett Ratner,"Dwayne Johnson,John Hurt,Ian McShane,Rufus Sewell,Aksel Hennie,Ingrid Bolsø Berdal,Joseph Fiennes","Action, Adventure",98
1679,c209,Hercules,2014,Brett Ratner,"Dwayne Johnson, John Hurt, Ian McShane","Action, Adventure",98
1680,b2652,Salinger,2013,Shane Salerno,"J.D. Salinger, Edward Norton, John Cusack, Martin Sheen","Documentary, Special Interest",120
1680,a2904,Salinger,2013,Shane Salerno,"Philip Seymour Hoffman, Edward Norton, Judd Apatow",Documentary,120
1680,d1561,salinger,2013,Shane Salerno,"Philip Seymour Hoffman,Edward Norton,John Cusack,Tom Wolfe,Martin Sheen,Gore Vidal",Documentary,120
1681,b632,Appaloosa,2008,Ed Harris,"Ed Harris, Viggo Mortensen, Rene Zellweger, Jeremy Irons","Western, Action & Adventure",115
1681,d2937,appaloosa,2008,Ed Harris,"Ed Harris,Viggo Mortensen,Renee Zellweger,Jeremy Irons,Timothy Spall,Lance Henriksen","Action, Drama, Western",115
1681,a676,Appaloosa,2008,Ed Harris,"Ed Harris, Viggo Mortensen, Renée Zellweger","Crime, Drama, Western",115
1682,d1103,deliver us from evil,2014,Scott Derrickson,"Eric Bana,Edgar Ramirez,Olivia Munn,Chris Coy,Dorian Missick,Joel McHale","Crime, Horror, Thriller",118
1682,b1876,Deliver Us from Evil,2014,Scott Derrickson,"Eric Bana, Edgar Ramirez, Olivia Munn, Sean Harris","Action & Adventure, Horror",118
1682,a2127,Deliver Us from Evil,2014,Scott Derrickson,"Eric Bana, Ã‰dgar RamÃ­rez, Olivia Munn","Crime, Horror, Mystery, Thriller",118
1683,d95,perfume: the story of a murderer,2007,Tom Tykwer,"Ben Whishaw,Dustin Hoffman,Alan Rickman,John Hurt,Rachel Hurd-Wood,Karoline Herfurth,David Calder","Drama, Fantasy, Foreign",147
1683,a1525,Perfume: The Story of a Murderer,2007,Tom Tykwer,"Ben Whishaw, Dustin Hoffman, Alan Rickman","Crime, Drama, Fantasy",147
1684,d1994,brave,2012,"Mark Andrews,Brenda Chapman","Kelly MacDonald,Billy Connolly,Emma Thompson,Robbie Coltrane,Craig Ferguson,Kevin McKidd,Julie Walters","Action, Adventure, Animation, Comedy, Family",93
1684,a64,Brave,2012,Mark Andrews,"Kelly Macdonald, Billy Connolly, Emma Thompson","Animation, Adventure, Comedy, Family, Fantasy",93
1685,d1843,pitch perfect,2012,Jason Moore,"Anna Kendrick,Skylar Astin,Ben Platt,Brittany Snow,Rebel Wilson,Anna Camp,Alexis Knapp","Comedy, Music",112
1685,a215,Pitch Perfect,2012,Jason Moore,"Anna Kendrick, Brittany Snow, Rebel Wilson","Comedy, Music, Romance",112
1686,a234,Safety Not Guaranteed,2012,Colin Trevorrow,"Aubrey Plaza, Mark Duplass, Jake Johnson","Comedy, Drama, Romance",86
1686,d1987,safety not guaranteed,2012,Colin Trevorrow,"Mark Duplass,Jake Johnson,Aubrey Plaza,Karan Soni,Jenica Bergere,Jeff Garlin,Mary Lynn Rajskub",Comedy,85
1686,b231,Safety Not Guaranteed,2012,Colin Trevorrow,"Aubrey Plaza, Mark Duplass, Jake M. Johnson, Karan Soni","Drama, Comedy",86
1687,b2685,Struck by Lightning,2013,Brian Dannelly,"Chris Colfer, Christina Hendricks, Ashley Richards, Sarah Hyland","Drama, Comedy",84
1687,d1798,struck by lightning,2013,Brian Dannelly,"Chris Colfer,Rebel Wilson,Allison Janney,Dermot Mulroney,Polly Bergen,Christina Hendricks,Angela Kinsey","Comedy, Drama",90
1687,a2937,Struck by Lightning,2013,Brian Dannelly,"Chris Colfer, Rebel Wilson, Christina Hendricks","Comedy, Drama",90
1688,c1254,Blackthorn,2011,Mateo Gil,"Sam Shepard, Eduardo Noriega, Stephen Rea","Action, Adventure, Western",102
1688,d2287,blackthorn,2011,Mateo Gil,"Sam Shepard,Eduardo Noriega,Stephen Rea,Magaly Solier,Dominique McElligott,Nikolaj Coster-Waldau,Padraic Delaney","Action, Western",98
1689,d2522,the perfect game,2010,William Dear,"Clifton Collins Jr.,Jake T. Austin,Moises Arias,Cheech Marin,Ricardo Trevino,Ryan Ochoa,Louis Gossett Jr.","Drama, Family, Sports Film",118
1689,a415,The Perfect Game,2010,William Dear,"Clifton Collins Jr., Cheech Marin, Moises Arias","Comedy, Drama, Family, Sport",118
1689,b397,The Perfect Game,2010,William Dear,"Clifton Collins Jr., Cheech Marin, Emilie De Ravin, Bruce McGill","Drama, Kids & Family, Sports & Fitness",113
1690,d2041,rampart,2012,Oren Moverman,"Woody Harrelson,Sigourney Weaver,Cynthia Nixon,Anne Heche,Robin Wright,Ice Cube","Action, Drama, Thriller",108
1690,b218,Rampart,2012,Oren Moverman,"Woody Harrelson, Sigourney Weaver, Robin Wright, Ned Beatty","Drama, Action & Adventure, Mystery & Suspense",107
1691,b43,Battleship,2012,Peter Berg,"Taylor Kitsch, Alexander Skarsgrd, Rihanna, Brooklyn Decker","Action & Adventure, Science Fiction & Fantasy",131
1691,d1953,battleship,2012,Peter Berg,"Taylor Kitsch,Alexander Skarsgard,Rihanna,Brooklyn Decker,Liam Neeson,Hamish Linklater","Action, Science Fiction, Thriller, War",131
1691,a42,Battleship,2012,Peter Berg,"Alexander Skarsgård, Brooklyn Decker, Liam Neeson","Action, Adventure, Sci-Fi, Thriller",131
1692,b1881,The 100-Year-Old Man Who Climbed Out the Window and Disappeared,2015,Felix Herngren,"Robert Gustafsson, Iwar Wiklander, David Wiberg, Mia Skringer","Drama, Action & Adventure, Comedy",114
1692,d618,the 100-year-old man who climbed out the window and disappeared,2015,Felix Herngren,"Robert Gustafsson,Iwar Wiklander,David Wiberg,Mia Skäringer,Jens Hultén,Sven Lönn","Adventure, Comedy, Drama",114
1693,a2144,Eight Below,2006,Frank Marshall,"Paul Walker, Jason Biggs, Bruce Greenwood","Adventure, Drama, Family",120
1693,d319,eight below,2006,Frank Marshall,"Paul Walker,Bruce Greenwood,Moon Bloodgood,Jason Biggs,Gerard Plunkett,August Schellenberg,Wendy Crewson","Adventure, Drama, Family",120
1694,a191,Magic Mike,2012,Steven Soderbergh,"Channing Tatum, Alex Pettyfer, Olivia Munn","Comedy, Drama",110
1694,d1968,magic mike,2012,Steven Soderbergh,"Channing Tatum,Matthew McConaughey,Alex Pettyfer,James Martin Kelly,Kevin Nash,Olivia Munn,Matt Bomer","Comedy, Drama",110
1695,b2715,Wrong,2013,Quentin Dupieux,"Jack Plotnick, Eric Judor, Alexis Dziena, Steven E. Little","Drama, Comedy",94
1695,a2971,Wrong,2013,Quentin Dupieux,"Jack Plotnick, Todd Giebenhain, Eric Judor","Comedy, Mystery",94
1695,a2972,Wrong Cops,2014,Quentin Dupieux,"Mark Burnham, Eric Judor, Steve Little","Comedy, Crime",83
1695,d1695,wrong,2013,Quentin Dupieux,"Jack Plotnick,Eric Judor,William Fichtner,Alexis Dziena,Steve Little,Regan Burns","Comedy, Drama",94
1695,b2716,Wrong Cops,2013,Quentin Dupieux,"Mark Burnham, Eric Judor, Marilyn Manson, Daniel Quinn","Drama, Comedy",82
1696,b879,Gentlemen Broncos,2009,Jared Hess,"Michael Angarano, Jemaine Clement, Jennifer Coolidge, Mike White",Comedy,89
1696,d2609,gentlemen broncos,2009,Jared Hess,"Michael Angarano,Jennifer Coolidge,Halley Feiffer,Hector Jimenez,Sam Rockwell,Jemaine Clement","Action, Comedy, Indie, Thriller",90
1696,a941,Gentlemen Broncos,2010,Jared Hess,"Michael Angarano, Jemaine Clement, Mike White","Adventure, Comedy, Sci-Fi",90
1697,d970,good people,2014,Henrik Ruben Genz,"James Franco,Kate Hudson,Anna Friel,Tom Wilkinson,Omar Sy,Sam Spruell,Michael Jibson","Action, Crime, Thriller",
1697,c214,Good People,2014,Henrik Ruben Genz,"James Franco, Kate Hudson, Tom Wilkinson","Action, Crime, Thriller",90
1698,d2847,the pink panther 2,2009,Harald Zwart,"Steve Martin,Jean Reno,Emily Mortimer,Andy Garcia,Alfred Molina,Aishwarya Rai Bachchan,John Cleese","Action, Adventure, Comedy, Family, Mystery",92
1698,a1026,The Pink Panther 2,2009,Harald Zwart,"Steve Martin, Jean Reno, Emily Mortimer","Adventure, Comedy, Crime, Mystery",92
1699,d1882,a late quartet,2012,Yaron Zilberman,"Philip Seymour Hoffman,Christopher Walken,Catherine Keener,Mark Ivanir,Imogene Poots,Anne-Sofie von Otter,Madhur Jaffrey",Drama,105
1699,a178,A Late Quartet,2012,Yaron Zilberman,"Philip Seymour Hoffman, Christopher Walken, Catherine Keener","Drama, Music",105
1699,b176,A Late Quartet,2012,Yaron Zilberman,"Philip Seymour Hoffm..., Catherine Keener, Christopher Walken, Mark Ivanir",Drama,105
1700,a2158,Final Destination 3,2006,James Wong,"Mary Elizabeth Winstead, Ryan Merriman, Kris Lemche","Horror, Thriller",93
1700,d309,final destination 3,2006,James Wong,"Mary Elizabeth Winstead,Ryan Merriman,Texas Battle,Alexz Johnson,Sam Easton,Kris Lemche,Gina Holden","Horror, Thriller",93
1701,d1945,celeste and jesse forever,2012,Lee Toland Krieger,"Rashida Jones,Andy Samberg,Ari Graynor,Eric Christian Olsen,Elijah Wood,Will McCormack","Comedy, Drama, Romance",91
1701,a77,Celeste & Jesse Forever,2012,Lee Toland Krieger,"Rashida Jones, Andy Samberg, Elijah Wood","Comedy, Drama, Romance",92
1701,b77,Celeste and Jesse Forever,2012,Lee Toland Krieger,"Rashida Jones, Andy Samberg, Chris Messina, Ari Graynor","Drama, Comedy",89
1702,c1219,5 Days of War,2011,Renny Harlin,"Rupert Friend, Emmanuelle Chriqui, Richard Coyle","Action, Drama, War",113
1702,d2265,5 days of war,2011,Renny Harlin,"Rupert Friend,Richard Coyle,Emmanuelle Chriqui,Johnathon Schaech,Val Kilmer,Andy Garcia,Heather Graham","Action, Comedy, Drama, Romance, Thriller",113
1703,d2430,despicable me,2010,"Chris Renaud,Pierre Coffin","Steve Carell,Jason Segel,Russell Brand,Julie Andrews,Will Arnett,Kristen Wiig,Miranda Cosgrove","Animation, Comedy, Family",95
1703,a317,Despicable Me,2010,Pierre Coffin,"Steve Carell, Jason Segel, Russell Brand","Animation, Comedy, Family",95
1704,d1338,the secret life of walter mitty,2013,Ben Stiller,"Ben Stiller,Kristen Wiig,Adam Scott,Kathryn Hahn,Patton Oswalt,Terence Bernie Hines,Kathryn Hahn","Adventure, Comedy, Drama, Fantasy",114
1704,b2661,The Secret Life Of Walter Mitty,2013,Ben Stiller,"Ben Stiller, Kristen Wiig, Patton Oswalt, Shirley MacLaine","Drama, Action & Adventure, Comedy",114
1704,a2914,The Secret Life of Walter Mitty,2013,Ben Stiller,"Ben Stiller, Kristen Wiig, Jon Daly","Adventure, Comedy, Drama, Fantasy",114
1705,a2143,End of the Spear,2006,Jim Hanon,"Louie Leonardo, Chad Allen, Jack Guzman","Adventure, Drama",108
1705,b1890,End of the Spear,2006,Jim Hanon (II),"Chad Allen, Louie Leonardo, Sara Kathryn Bakker, Jack Guzman","Drama, Action & Adventure",112
1706,a748,The House Bunny,2008,Fred Wolf,"Anna Faris, Colin Hanks, Emma Stone","Comedy, Romance",97
1706,b699,The House Bunny,2008,Fred Wolf (II),"Anna Faris, Colin Hanks, Emma Stone, Kat Dennings",Comedy,97
1707,d2948,burn after reading,2008,"Ethan, Joel Cohen","George Clooney,Brad Pitt,Frances McDormand,John Malkovich,Tilda Swinton,Richard Jenkins,J.K. Simmons,David Rasche","Comedy, Drama",96
1707,b643,Burn After Reading,2008,Joel Coen,"George Clooney, Frances McDormand, John Malkovich, Brad Pitt","Drama, Comedy",96
1707,a690,Burn After Reading,2008,Ethan Coen,"Brad Pitt, Frances McDormand, George Clooney","Comedy, Crime, Drama",96
1708,b442,Wall Street: Money Never Sleeps,2010,Oliver Stone,"Shia LaBeouf, Michael Douglas, Carey Mulligan, Josh Brolin",Drama,133
1708,d2443,wall street: money never sleeps,2010,,"Michael Douglas,Shia LaBeouf,Josh Brolin,Carey Mulligan,Susan Sarandon,Frank Langella,Eli Wallach,Austin Pendleton","Crime, Drama",133
1709,a1971,Sarah Silverman: Jesus Is Magic,2005,Liam Lynch,"Sarah Silverman, Brian Posehn, Laura Silverman","Documentary, Comedy, Music",72
1709,d339,sarah silverman: jesus is magic,2005,,"Sarah Silverman,La'vin Kiyano,Laura Silverman,Bob Odenkirk,Brian Posehn,Brody Stevens",Comedy,70
1710,a1248,Here on Earth,2000,Mark Piznarski,"Chris Klein, Leelee Sobieski, Josh Hartnett","Drama, Romance",96
1710,b1076,Here on Earth,2000,Michael Piznarski,"Chris Klein, Leelee Sobieski, Josh Hartnett, Michael Rooker","Drama, Romance",96
1711,a1834,The Cave,2005,Bruce Hunt,"Piper Perabo, Morris Chestnut, Cole Hauser","Adventure, Horror, Thriller",97
1711,b1609,The Cave,2005,Bruce Hunt,"Cole Hauser, Morris Chestnut, Eddie Cibrian, Rick Ravanello","Action & Adventure, Horror, Science Fiction & Fantasy",97
1712,a1957,Popstar,2005,Richard Gabai,"Aaron Carter, Alana Austin, David Cassidy","Comedy, Family, Romance",94
1712,b1722,Popstar,2005,Richard Gabai,"Aaron Carter, Adrianne Palicki, Alana Austin, Erin Tanner","Kids & Family, Romance, Comedy",94
1713,a629,Shark Night 3D,2011,David R. Ellis,"Sara Paxton, Dustin Milligan, Chris Carmack","Horror, Thriller",90
1713,b592,Shark Night 3D,2011,David R. Ellis,"Sara Paxton, Chris Carmack, Sinqua Walls, Joel David Moore","Mystery & Suspense, Horror",85
1714,b2354,Socket,2007,Sean Abley,"Derek Long, Matthew Montgomery, Rasool J'Han, Allie Rivenbark","Drama, Horror, Gay & Lesbian, Science Fiction & Fantasy",90
1714,a2581,Socket,2007,Sean Abley,"Derek Long, Matthew Montgomery, Alexandra Billings","Drama, Romance, Sci-Fi, Thriller",93
1715,a577,Justin Bieber: Never Say Never,2011,Jon M. Chu,"Justin Bieber, Boys II Men, Miley Cyrus","Documentary, Music",105
1715,b542,Justin Bieber: Never Say Never,2011,Jon M. Chu,"Justin Bieber, Miley Cyrus, Sean Kingston, Chris ""Ludacris"" Bri...","Musical & Performing Arts, Documentary",105
1716,a2090,Chalk,2007,Mike Akel,"Troy Schremmer, Janelle Schremmer, Shannon Haragan","Comedy, Drama",85
1716,b1845,Chalk,2007,Mike Akel,"Jeff Guerrero, Shannon Haragan, Chris Mass, Janelle Schremmer","Drama, Comedy",84
1717,a493,Beastly,2011,Daniel Barnz,"Alex Pettyfer, Vanessa Hudgens, Mary-Kate Olsen","Drama, Fantasy, Romance",86
1717,b469,Beastly,2011,Daniel Barnz,"Alex Pettyfer, Mary-Kate Olsen, Neil Patrick Harris, Eric Knudsen","Drama, Romance, Science Fiction & Fantasy",86
1718,b1622,Dark Water,2005,Walter Salles,"Jennifer Connelly, John C. Reilly, Tim Roth, Dougray Scott","Mystery & Suspense, Horror",105
1718,a1848,Dark Water,2005,Walter Salles,"Jennifer Connelly, Ariel Gade, John C. Reilly","Drama, Horror, Thriller",105
1719,a2221,The Insurgents,2007,Scott Dacko,"John Shea, Mary Stuart Masterson, Henry Simmons","Drama, Thriller",82
1719,b1960,The Insurgents,2007,Scott Dacko,"John Shea, Mary Stuart Masterso..., Henry Simmons, Juliette Marquis","Mystery & Suspense, Drama",84
1720,a2426,Fred Claus,2007,David Dobkin,"Vince Vaughn, Paul Giamatti, Elizabeth Banks","Comedy, Family, Fantasy",116
1720,b2213,Fred Claus,2007,David Dobkin,"Vince Vaughn, Michael Higgins, Paul Giamatti, John Michael Higgins",Comedy,116
1720,d3190,fred claus,2007,David Dobkin,"Vince Vaughn,Paul Giamatti,Miranda Richardson,Kevin Spacey,Kathy Bates,Ludacris,Rachel Weisz","Action, Comedy, Drama, Holiday",116
1721,d1471,ass backwards,2013,Chris Nelson,"June Diane Raphael,Casey Wilson,Vincent D'Onofrio,Alicia Silverstone,Jon Cryer,Brian Geraghty,Bob Odenkirk,Paul Scheer,Sandy Martin,Lea Delaria","Adventure, Comedy",90
1721,b2419,Ass Backwards,2013,Chris Nelson,"June Diane Raphael, Casey Wilson, Vincent D'Onofrio, Alicia Silverstone","Action & Adventure, Comedy",85
1721,a2650,Ass Backwards,2013,Chris Nelson,"June Diane Raphael, Casey Wilson, Jon Cryer","Adventure, Comedy",90
1722,b1095,Loser,2000,Amy Heckerling,"Jason Biggs, Mena Suvari, Greg Kinnear, Tom Sadoski","Drama, Romance, Comedy",96
1722,a1271,Loser,2000,Amy Heckerling,"Jason Biggs, Mena Suvari, Zak Orth","Comedy, Romance",98
1723,a1230,The Eyes of Tammy Faye,2000,Fenton Bailey,"RuPaul, Tammy Faye Bakker, Virginia Fairchild","Documentary, Biography",79
1723,b1057,The Eyes of Tammy Faye,2000,Fenton Bailey,"RuPaul, Tammy Faye Bakker, Tammy Faye Messner, Jamie Baker","Documentary, Television, Special Interest",79
1724,a1032,The Private Lives of Pippa Lee,2009,Rebecca Miller,"Robin Wright, Alan Arkin, Mike Binder","Comedy, Drama, Romance",98
1724,b961,The Private Lives of Pippa Lee,2009,Rebecca Miller,"Robin Wright, Blake Lively, Alan Arkin, Keanu Reeves","Drama, Comedy",100
1725,a1885,Grizzly Man,2005,Werner Herzog,"Timothy Treadwell, Amie Huguenard, Werner Herzog","Documentary, Biography",103
1725,b1654,Grizzly Man,2005,Werner Herzog,"Timothy Treadwell, Amie Huguenard, Warren Queeney, Franc Falico",Documentary,100
1726,a2118,The Darwin Awards,2006,Finn Taylor,"Joseph Fiennes, Winona Ryder, David Arquette","Adventure, Comedy, Romance",94
1726,b1869,The Darwin Awards,2006,Finn Taylor,"Joseph Fiennes, Winona Ryder, Chris Penn, Wilmer Valderrama","Drama, Action & Adventure, Comedy",94
1727,d2456,secretariat,2010,Randall Wallace,"Diane Lane,John Malkovich,Scott Glenn,James Cromwell,Nelsan Ellis,Dylan Walsh,Fred Dalton Thompson,Kevin Connolly,Nestor Serrano","Drama, Family",123
1727,a434,Secretariat,2010,Randall Wallace,"Diane Lane, John Malkovich, Margo Martindale","Drama, Family, History, Sport",123
1727,b414,Secretariat,2010,Randall Wallace,"Diane Lane, John Malkovich, Dylan Walsh, Dylan Baker","Sports & Fitness, Drama",116
1728,b1414,Club Dread,2004,Jay Chandrasekhar,"Jay Chandrasekhar, Kevin Heffernan, Steve Lemme, Paul Soter","Horror, Comedy",103
1728,a1631,Club Dread,2004,Jay Chandrasekhar,"Jay Chandrasekhar, Bill Paxton, Kevin Heffernan","Comedy, Horror, Thriller",104
1729,b821,Angels & Demons,2009,Ron Howard,"Tom Hanks, Ewan McGregor, Pierfrancesco Favino, Nicolaj Lie Kaas","Mystery & Suspense, Drama",139
1729,a880,Angels & Demons,2009,Ron Howard,"Tom Hanks, Ewan McGregor, Ayelet Zurer","Mystery, Thriller",138
1730,c124,12 Rounds 3: Lockdown,2015,Stephen Reynolds,"Jonathan Good, Roger R. Cross, Daniel Cudmore","Action, Crime, Thriller",90
1730,b809,12 Rounds 3: Lockdown,2015,Stephen Reynolds,"Dean Ambrose, Roger R. Cross, Daniel Cudmore, Lochlyn Munro",Action & Adventure,90
1731,b1260,The Glass House,2001,Daniel Sackheim,"Leelee Sobieski, Diane Lane, Trevor Morgan, Stellan Skarsgard","Mystery & Suspense, Drama",106
1731,a1450,The Glass House,2001,Daniel Sackheim,"Diane Lane, Leelee Sobieski, Stellan Skarsgård",Thriller,106
1732,a21,The Apparition,2012,Todd Lincoln,"Ashley Greene, Sebastian Stan, Tom Felton","Horror, Thriller",82
1732,b23,The Apparition,2012,Todd Lincoln,"Ashley Greene, Sebastian Stan, Julianna Guill, Rick Gomez","Mystery & Suspense, Horror",83
1733,a581,Larry Crowne,2011,Tom Hanks,"Tom Hanks, Julia Roberts, Sarah Mahoney","Comedy, Drama, Romance",98
1733,b546,Larry Crowne,2011,Tom Hanks,"Tom Hanks, Julia Roberts, Gugu Mbatha-Raw, Cedric the Entertain...","Drama, Comedy",99
1734,b935,My Sister's Keeper,2009,Nick Cassavetes,"Cameron Diaz, Jason Patric, Abigail Breslin, Alex Baldwin",Drama,110
1734,a1005,My Sister's Keeper,2009,Nick Cassavetes,"Cameron Diaz, Abigail Breslin, Alec Baldwin",Drama,109
1735,b2938,The Break-Up,2006,Peyton Reed,"Vince Vaughn, Jennifer Aniston, Joey Lauren Adams, Cole Hauser","Drama, Romance, Comedy",107
1735,d169,the break-up,2006,Peyton Reed,"Vince Vaughn,Jennifer Aniston,Joey Lauren Adams,Cole Hauser,Jon Favreau,Jason Bateman,Judy Davis,John Michael Higgins,Vincent D'Onofrio,Ann-Margret","Comedy, Drama, Romance",106
1736,b1542,Spanglish,2004,James L. Brooks,"Adam Sandler, Ta Leoni, Paz Vega, Cloris Leachman","Drama, Comedy",130
1736,a1764,Spanglish,2004,James L. Brooks,"Adam Sandler, Téa Leoni, Paz Vega","Comedy, Drama, Romance",131
1737,b2456,Captain Phillips,2013,Paul Greengrass,"Tom Hanks, Catherine Keener, Barkhad Abdi, Michael Chernus",Drama,134
1737,a2685,Captain Phillips,2013,Paul Greengrass,"Tom Hanks, Barkhad Abdi, Barkhad Abdirahman","Biography, Drama, Thriller",134
1737,d1549,captain phillips,2013,Paul Greengrass,"Tom Hanks,Catherine Keener,Max Martini,Chris Mulkey,Yul Vazquez,Corey Johnson,David Warshofsky,John Magaro,Michael Chernus,Angus MacInnes","Action, Drama, Thriller",134
1738,d2697,my one and only,2009,Richard Loncraine,"Renee Zellweger,Logan Lerman,Mark Rendall,Kevin Bacon,David Koechner,Chris Noth,Eric McCormack","Comedy, Drama, Indie",108
1738,a1006,My One and Only,2009,Richard Loncraine,"Renée Zellweger, Logan Lerman, Mark Rendall","Adventure, Biography, Comedy, Drama, Romance",108
1738,b936,My One and Only,2009,Richard Loncraine,"Rene Zellweger, Kevin Bacon, Logan Lerman, Mark Rendall",Comedy,85
1739,b2057,Running With Scissors,2006,Ryan Murphy,"Annette Bening, Brian Cox, Alec Baldwin, Joseph Fiennes","Drama, Comedy",122
1739,a2336,Running with Scissors,2006,Ryan Murphy,"Joseph Cross, Annette Bening, Brian Cox","Comedy, Drama",116
1740,b1304,The Majestic,2001,Frank Darabont,"Jim Carrey, Martin Landau, Laurie Holden, Allen Garfield","Drama, Romance",150
1740,a1496,The Majestic,2001,Frank Darabont,"Jim Carrey, Martin Landau, Bob Balaban","Drama, Romance",152
1741,b781,Swing Vote,2008,Joshua Michael Stern,"Dennis Hopper, Madeleine Carroll, Kevin Costner, Kelsey Grammer",Comedy,119
1741,d2978,swing vote,2008,Joshua Michael Stern,"Kevin Costner,Madeline Carroll,Kelsey Grammer,Dennis Hopper,Stanley Tucci,Nathan Lane,George Lopez,Mare Winningham","Comedy, Drama",120
1741,a837,Swing Vote,2008,Joshua Michael Stern,"Kevin Costner, Paula Patton, Kelsey Grammer","Comedy, Drama",120
1742,a1821,The Baxter,2005,Michael Showalter,"Michael Showalter, Elizabeth Banks, Peter Dinklage","Comedy, Romance",91
1742,b1588,The Baxter,2005,Michael Showalter,"Michael Showalter, Elizabeth Banks, Michelle Williams, Justin Theroux","Comedy, Romance",91
1743,b56,Big Miracle,2012,Ken Kwapis,"John Krasinski, Drew Barrymore, Kristen Bell, Dermot Mulroney","Drama, Action & Adventure, Romance, Comedy",107
1743,a54,Big Miracle,2012,Ken Kwapis,"Drew Barrymore, John Krasinski, John Pingayak","Biography, Drama, Romance",107
1744,b1994,Loren Cass,2006,Chris Fuller,"Kayla Tabish, Travis Maynard, Lewis Brogan, Jacob Reynolds","Musical & Performing Arts, Drama",83
1744,a2259,Loren Cass,2006,Chris Fuller,"Kayla Tabish, Travis Maynard, Chris Fuller","Drama, Music",83
1745,c2266,Underworld: Evolution,2006,Len Wiseman,"Kate Beckinsale, Scott Speedman, Bill Nighy","Action, Fantasy, Sci-Fi",106
1745,b2110,Underworld: Evolution,2006,Len Wiseman,"Kate Beckinsale, Scott Speedman, Tony Curran, Derek Jacobi","Action & Adventure, Horror, Mystery & Suspense, Science Fiction & Fantasy",100
1746,b35,Bad Kids Go to Hell,2012,Matthew Spradlin,"Judd Nelson, Ben Browder, Cameron Deane Stewar..., Ali Faulkner","Mystery & Suspense, Comedy",91
1746,a33,Bad Kids Go to Hell,2012,Matthew Spradlin,"Judd Nelson, Ben Browder, Amanda Alch","Comedy, Mystery, Thriller",91
1747,c1321,The Reunion,2011,Michael Pavone,"John Cena, Ethan Embry, Amy Smart","Action, Drama",90
1747,b582,The Reunion,2011,Michael Pavone,"John Cena, Ethan Embry, Michael Rispoli, Robert Boyd Holbrook","Drama, Action & Adventure, Comedy",96
1747,a618,The Reunion,2012,Michael Pavone,"John Cena, Ethan Embry, Amy Smart","Action, Drama",90
1748,a105,Darling Companion,2012,Lawrence Kasdan,"Diane Keaton, Kevin Kline, Dianne Wiest",Drama,103
1748,b105,Darling Companion,2012,Lawrence Kasdan,"Diane Keaton, Kevin Kline, Richard Jenkins, Zach Phifer","Drama, Comedy",103
1748,d2039,darling companion,2012,,"Diane Keaton,Kevin Kline,Dianne Wiest,Richard Jenkins,Sam Shepard,Mark Duplass,Elisabeth Moss,Ayelet Zurer,Jay Ali","Drama, Romance",103
1749,a423,The Rebound,2009,Bart Freundlich,"Catherine Zeta-Jones, Justin Bartha, Art Garfunkel","Comedy, Romance",95
1749,b403,The Rebound,2009,Bart Freundlich,"Catherine Zeta-Jones, Justin Bartha, Megan Byrne, Lisa Paige Robinson","Comedy, Romance",95
1750,b1128,Poor White Trash,2000,Michael Addis,"Sean Young, Sean Penn, William Devane, Jason London","Drama, Action & Adventure, Art House & International, Comedy",85
1750,a1305,Poor White Trash,2000,Michael Addis,"Sean Young, William Devane, Tony Denman","Comedy, Crime",85
1751,b2429,Beside Still Waters,2014,Chris Lowell,"Ryan Eggold, Beck Bennett, Will Brill, Brett Dalton","Drama, Romance, Comedy",76
1751,a2659,Beside Still Waters,2014,Chris Lowell,"Ryan Eggold, Beck Bennett, John Lorenger","Comedy, Drama, Romance",76
1752,a803,Quarantine,2008,John Erick Dowdle,"Jennifer Carpenter, Steve Harris, Columbus Short","Horror, Sci-Fi, Thriller",89
1752,b746,Quarantine,2008,John Erick Dowdle,"Jennifer Carpenter, Steve Harris, Jay Hernandez, Johnathon Schaech","Mystery & Suspense, Horror",89
1753,a1766,Speak,2004,Jessica Sharzer,"Kristen Stewart, Elizabeth Perkins, Dick Hagerman",Drama,89
1753,b1544,Speak,2004,Jessica Sharzer,"Kristen Stewart, Elizabeth Perkins, D.B. Sweeney, Steve Zahn",Drama,92
1754,b759,Semi-Pro,2008,Kent Alterman,"Will Ferrell, Woody Harrelson, Andr Benjamin, Maura Tierney",Comedy,99
1754,a817,Semi-Pro,2008,Kent Alterman,"Will Ferrell, Woody Harrelson, André Benjamin","Comedy, Sport",91
1755,a1360,Urban Legends: Final Cut,2000,John Ottman,"Jennifer Morrison, Matthew Davis, Hart Bochner","Horror, Mystery, Thriller",97
1755,b1179,Urban Legends: Final Cut,2000,John Ottman,"Jennifer Morrison (I..., Joseph Lawrence, Matthew Davis, Hart Bochner",Horror,99
1756,d2830,the wrestler,2008,Darren Aronofsky,"Marisa Tomei,Evan Rachel Wood,Judah Friedlander","Drama, Romance, Sport",109
1756,b805,The Wrestler,2008,Darren Aronofsky,"Mickey Rourke, Marisa Tomei, Evan Rachel Wood, Ernest Miller",Drama,109
1756,a862,The Wrestler,2009,Darren Aronofsky,"Mickey Rourke, Marisa Tomei, Evan Rachel Wood","Drama, Sport",109
1757,a1140,The Comebacks,2007,Tom Brady,"David Koechner, Robert Ri'chard, Carl Weathers","Comedy, Sport",84
1757,b2182,The Comebacks,2007,Tom Brady,"David Koechner, Carl Weathers, Melora Hardin, Matthew Lawrence",Comedy,87
1758,d2999,henry poole is here,2008,Mark Pellington,"Luke Wilson,Radha Mitchell,Adrianna Barrazza,George Lopez,Cheryl Hines,Richard Benjamin,Morgan Lily,Rachel Seiferth","Comedy, Drama, Indie",99
1758,a744,Henry Poole Is Here,2008,Mark Pellington,"Luke Wilson, George Lopez, Radha Mitchell","Comedy, Drama",99
1758,b694,Henry Poole Is Here,2008,Mark Pellington,"Luke Wilson, Radha Mitchell, Adriana Barraza, Cheryl Hines","Drama, Comedy",100
1759,a2298,One Night with the King,2006,Michael O. Sajbel,"Tiffany Dupont, Luke Goss, John Noble","Biography, Drama, History",123
1759,b2028,One Night With the King,2006,Michael O. Sajbel,"Peter O'Toole, Tiffany Dupont, Omar Sharif, Luke Goss","Drama, Musical & Performing Arts, Classics",123
1760,c940,Abraham Lincoln: Vampire Hunter,2012,Timur Bekmambetov,"Benjamin Walker, Rufus Sewell, Dominic Cooper","Action, Fantasy, Horror",105
1760,d1999,abraham lincoln: vampire hunter,2012,Timur Bekmambetov,"Benjamin Walker,Dominic Cooper,Anthony Mackie,Mary Elizabeth Winstead,Rufus Sewell,Jimmi Simpson,Erin Wasson,John Rothman","Horror, Thriller",94
1760,b9,Abraham Lincoln: Vampire Hunter,2012,Timur Bekmambetov,"Benjamin Walker, Dominic Cooper, Anthony Mackie, Mary Elizabeth Winst...","Action & Adventure, Horror, Mystery & Suspense, Science Fiction & Fantasy",105
1761,b1211,Angel Eyes,2001,Luis Mandoki,"Jennifer Lopez, Jim Caviezel, Terrence Howard, Sonia Braga","Drama, Romance, Mystery & Suspense",104
1761,a1392,Angel Eyes,2001,Luis Mandoki,"Jennifer Lopez, Jim Caviezel, Jeremy Sisto","Drama, Romance",102
1762,a1763,Soul Plane,2004,Jessy Terrero,"Dwayne Adway, Snoop Dogg, Tom Arnold",Comedy,86
1762,b1541,Soul Plane,2004,Jessy Terrero,"Tom Arnold, Kevin Hart, Method Man, Snoop Dogg",Comedy,86
1763,b1440,Fat Albert,2004,Joel Zwick,"Kenan Thompson, Kyla Pratt, Shedrack Anderson II..., Jermaine Williams","Comedy, Kids & Family",94
1763,a1658,Fat Albert,2004,Joel Zwick,"Kenan Thompson, Kyla Pratt, Omarion Grandberry","Comedy, Family, Fantasy, Romance",93
1764,b386,Nanny McPhee Returns,2010,Susanna White,"Emma Thompson, Maggie Gyllenhaal, Rhys Ifans, Maggie Smith","Kids & Family, Science Fiction & Fantasy, Comedy",109
1764,a404,Nanny McPhee Returns,2010,Susanna White,"Emma Thompson, Maggie Gyllenhaal, Ralph Fiennes","Comedy, Family, Fantasy",109
1765,b2307,The Number 23,2007,Joel Schumacher,"Jim Carrey, Virginia Madsen, John Fink, Danny Huston",Mystery & Suspense,98
1765,a2531,The Number 23,2007,Joel Schumacher,"Jim Carrey, Virginia Madsen, Logan Lerman","Drama, Mystery, Thriller",101
1766,b1852,Coffee Date,2006,Stewart Wade,"Jonathan Bray, Wilson Cruz, Sally Kirkland, Elaine Hendrix","Drama, Comedy",94
1766,a2101,Coffee Date,2006,Stewart Wade,"Jonathan Bray, Wilson Cruz, Jonathan Silverman","Comedy, Romance",94
1767,b521,The Heart Specialist,2011,Dennis Cooper,"Wood Harris, Brian J. White, Zoe Saldana, Mya","Drama, Comedy",100
1767,a555,The Heart Specialist,2011,Dennis Cooper,"Wood Harris, Zoe Saldana, Brian White","Comedy, Drama",99
1768,b1824,Big Dreams Little Tokyo,2006,Dave Boyle,"Michael Yama, Rachel Morihiro, Dave Boyle, Michael Birkeland","Art House & International, Comedy",83
1768,a2068,Big Dreams Little Tokyo,2006,Dave Boyle,"Dave Boyle, Jayson Watabe, Rachel Morihiro","Comedy, Romance",86
1769,a742,The Haunting of Molly Hartley,2008,Mickey Liddell,"Haley Bennett, Chace Crawford, Jake Weber","Drama, Horror, Thriller",82
1769,b693,The Haunting of Molly Hartley,2008,Mickey Liddell,"Haley Bennett, Chace Crawford, AnnaLynne McCord, Shannon Woodward","Mystery & Suspense, Drama",86
1770,a1417,CQ,2002,Roman Coppola,"Jeremy Davies, Angela Lindvall, Ã‰lodie Bouchez","Drama, Comedy, Sci-Fi",88
1770,b1233,CQ,2002,Roman Coppola,"Jeremy Davies, Angela Lindvall, lodie Bouchez, Grard Depardieu","Drama, Comedy",91
1771,b453,Youth in Revolt,2010,Miguel Arteta,"Michael Cera, Portia Doubleday, Adhir Kalyan, Jean Smart","Drama, Romance, Comedy",90
1771,a475,Youth in Revolt,2010,Miguel Arteta,"Michael Cera, Portia Doubleday, Ray Liotta","Comedy, Drama, Romance",90
1771,d2633,youth in revolt,2010,Miguel Arteta,"Michael Cera,Portia Doubleday,Steve Buscemi,Zach Galifianakis,Ray Liotta,Jean Smart,Fred Willard,Justin Long,M. Emmet Walsh,Mary Kay Place","Comedy, Drama, Romance",90
1772,a2515,Music and Lyrics,2007,Marc Lawrence,"Hugh Grant, Drew Barrymore, Scott Porter","Comedy, Music, Romance",96
1772,b2292,Music and Lyrics,2007,Marc Lawrence,"Hugh Grant, Drew Barrymore, Brad Garrett, Kristen Johnston","Comedy, Romance",96
1773,b1158,Snow Day,2000,Chris Koch,"Mark Webber, Schuyler Fisk, Emmanuelle Chriqui, Chevy Chase","Comedy, Kids & Family",87
1773,a1337,Snow Day,2000,Chris Koch,"Chevy Chase, Schuyler Fisk, Chris Elliott","Adventure, Comedy, Family",89
1774,a512,The Conspirator,2011,Robert Redford,"Robin Wright, James McAvoy, Tom Wilkinson","Crime, Drama, History",122
1774,b484,The Conspirator,2011,Robert Redford,"James McAvoy, Tom Wilkinson, Evan Rachel Wood, Kevin Kline",Drama,122
1775,a2300,Open Season,2006,Roger Allers,"Ashton Kutcher, Martin Lawrence, Debra Messing","Animation, Adventure, Comedy, Family",83
1775,b2030,Open Season,2006,Roger Allers,"Martin Lawrence, Ashton Kutcher, Gary Sinise, Jane Krakowski","Action & Adventure, Animation, Comedy",83
1776,b2659,Scenic Route,2013,Kevin Goetz,"Josh Duhamel, Dan Fogler, Christie Burson, McKendrick Leah","Mystery & Suspense, Drama",82
1776,a2912,Scenic Route,2013,Kevin Goetz,"Josh Duhamel, Dan Fogler, Miracle Laurie","Drama, Thriller",82
1777,b1185,What Lies Beneath,2000,Robert Zemeckis,"Michelle Pfeiffer, Harrison Ford, Diana Scarwid, James Remar","Drama, Horror, Mystery & Suspense",130
1777,a1366,What Lies Beneath,2000,Robert Zemeckis,"Harrison Ford, Michelle Pfeiffer, Katharine Towne","Drama, Horror, Mystery, Thriller",130
1778,b2454,Carrie,2013,Kimberly Peirce,"Julianne Moore, Gabriella Wilde, Alex Russell, Ansel Elgort",Horror,99
1778,d1411,carrie,2013,Kimberly Peirce,"Julianne Moore,Judy Greer,Portia Doubleday,Alex Russell,Gabriella Wilde,Max Topplin,Connor Price,Michelle Nolden,Cynthia Preston,Chloë Moretz,Ansel Elgort","Drama, Horror",
1778,a2686,Carrie,2013,Kimberly Peirce,"Chloë Grace Moretz, Julianne Moore, Gabriella Wilde","Drama, Horror",100
1779,a2383,Sweet Insanity,2006,Daniel Hess,"Rebekah Hoyle, Mackenzie Firgens, David Fine","Horror, Thriller",90
1779,b2097,Sweet Insanity,2006,Daniel Hess,"Rebekah Isaacs, Mackenzie Firgens, David Fine, Chris Ratti","Mystery & Suspense, Horror",87
1780,b1449,The Girl Next Door,2004,Luke Greenfield,"Emile Hirsch, Elisha Cuthbert, Timothy Olyphant, James Remar","Drama, Comedy",108
1780,a1666,The Girl Next Door,2004,Luke Greenfield,"Emile Hirsch, Nicholas Downs, Elisha Cuthbert","Comedy, Drama, Romance",108
1781,a481,The Adjustment Bureau,2011,George Nolfi,"Matt Damon, Emily Blunt, Lisa Thoreson","Romance, Sci-Fi, Thriller",106
1781,b459,The Adjustment Bureau,2011,George Nolfi,"Matt Damon, Emily Blunt, Anthony Mackie, John Slattery","Science Fiction & Fantasy, Romance",99
1782,a2510,Moving McAllister,2007,Andrew Black,"Benjamin Gourley, Mila Kunis, Jon Heder","Adventure, Comedy, Romance",89
1782,b2288,Moving McAllister,2007,Andrew Black,"Ben Gourley, Mila Kunis, Jon Heder, Rutger Hauer",Comedy,89
1783,b1567,The Village,2004,M. Night Shyamalan,"Bryce Dallas Howard, Joaquin Phoenix, Adrien Brody, William Hurt","Drama, Mystery & Suspense, Science Fiction & Fantasy",109
1783,a1789,The Village,2004,M. Night Shyamalan,"Sigourney Weaver, William Hurt, Joaquin Phoenix","Drama, Mystery, Romance, Thriller",108
1784,b1895,Facing the Giants,2006,Alex Kendrick,"Alex Kendrick, Shannen Fields, Steve Williams, Bailey Cave","Drama, Faith & Spirituality",111
1784,a2149,Facing the Giants,2006,Alex Kendrick,"Alex Kendrick, Shannen Fields, Jason McLeod","Drama, Sport",111
1785,d556,adult beginners,2015,Ross Katz,"Nick Kroll,Rose Byrne,Bobby Cannavale,Joel McHale,Caitlin Fitzgerald,Bobby Moynihan,Josh Charles,Jane Krakowski,Paula Garcés,Jason Mantzoukas",Comedy,90
1785,b471,Adult Beginners,2015,Ross Katz,"Rose Byrne, Nick Kroll, Bobby Cannavale, Joel McHale",Comedy,90
1786,d2819,paul blart: mall cop,2009,Steve Carr,"Kevin James,Keir O'Donnell,Shirley Knight,Bobby Cannavale","Action, Comedy, Crime",91
1786,c1742,Paul Blart: Mall Cop,2009,Steve Carr,"Kevin James, Keir O'Donnell, Jayma Mays","Action, Comedy, Crime",91
1787,a298,Casino Jack and the United States of Money,2010,Alex Gibney,"Jack Abramoff, Tom DeLay, William Branner",Documentary,118
1787,b291,Casino Jack And The United States Of Money,2010,Alex Gibney,"Stanley Tucci, Paul Rudd, Jack Abramoff, William Branner","Documentary, Special Interest",120
1788,a2429,The Game Plan,2007,Andy Fickman,"Dwayne Johnson, Kyra Sedgwick, Madison Pettis","Comedy, Family, Sport",110
1788,b2216,The Game Plan,2007,Andy Fickman,"Dwayne ""The Rock"" Jo..., Madison Pettis, Kyra Sedgwick, Roselyn Sanchez",Comedy,110
1789,a2754,The Green Inferno,2015,Eli Roth,"Lorenza Izzo, Ariel Levy, Aaron Burns","Adventure, Horror",100
1789,d356,the green inferno,2015,Eli Roth,"Lorenza Izzo,Ariel Levy,Sky Ferreira,Nicolas Martinez,Kirby Bliss Blanton,Magda Apanowicz,Matías López,Aaron Burns,Daryl Sabara","Horror, Thriller",103
1789,b2517,The Green Inferno,2015,Eli Roth,"Ariel Levy, Kirby Bliss Blanton, Lorenza Izzo, Nicols Martnez Zem...","Mystery & Suspense, Horror",103
1790,b2782,End of Days,1999,Peter Hyams,"Arnold Schwarzenegge..., Robin Tunney, Gabriel Byrne, Kevin Pollak","Action & Adventure, Horror",122
1790,c3297,End of Days,1999,Peter Hyams,"Arnold Schwarzenegger, Gabriel Byrne, Robin Tunney","Action, Fantasy, Horror",121
1791,b1937,The Hard Corps,2006,Sheldon Lettich,"Jean-Claude Van Damm..., Vivica A. Fox, Razaaq Adoti, Peter Bryant",Action & Adventure,110
1791,a2197,The Hard Corps,2006,Sheldon Lettich,"Jean-Claude Van Damme, Razaaq Adoti, Vivica A. Fox","Action, Thriller",110
1792,b1436,Eternal Sunshine Of The Spotless Mind,2004,Michel Gondry,"Jim Carrey, Kate Winslet, Kirsten Dunst, Mark Ruffalo","Drama, Romance, Science Fiction & Fantasy, Comedy",108
1792,d2638,eternal sunshine of the spotless mind,2004,Michel Gondry,"Jim Carrey,Kate Winslet,Tom Wilkinson,Mark Ruffalo,Elijah Wood,Kirsten Dunst,Thomas Jay Ryan,Jane Adams,David Cross,Gerry Robert Byrne","Comedy, Drama, Fantasy, Romance, Science Fiction",108
1792,a1653,Eternal Sunshine of the Spotless Mind,2004,Michel Gondry,"Jim Carrey, Kate Winslet, Tom Wilkinson","Drama, Romance, Sci-Fi",108
1793,d2221,snow flower and the secret fan,2011,Wayne Wang,"Gianna Jun,Li Bingbing,Hugh Jackman,Vivian Wu,Jiang Wu,Russell Wong,Coco Chiang,Hu Jingyun","Drama, Foreign",104
1793,b596,Snow Flower And The Secret Fan,2011,Wayne Wang,"Gianna Jun, Bingbing Li, Bing Bing Li, Vivian Wu","Art House & International, Drama",104
1793,a634,Snow Flower and the Secret Fan,2011,Wayne Wang,"Bingbing Li, Ji-hyun Jun, Vivian Wu","Drama, History",120
1794,b1793,Amazing Grace,2007,Michael Apted,"Ioan Gruffudd, Romola Garai, Michael Gambon, Benedict Cumberbatch","Mystery & Suspense, Drama",116
1794,a2034,Amazing Grace,2007,Michael Apted,"Ioan Gruffudd, Albert Finney, Michael Gambon","Biography, Drama, History, Romance",118
1795,b1592,The Aristocrats,2005,Paul Provenza,"Robin Williams, George Carlin, Billy Connolly, Don Rickles","Documentary, Comedy, Special Interest",90
1795,a1816,The Aristocrats,2005,Paul Provenza,"George Carlin, Don Rickles, Chris Rock","Documentary, Comedy",89
1796,b1165,The Tao of Steve,2000,Jenniphr Goodman,"Donal Logue, Greer Goodman, Kimo Wills, Ayelet Kaznelson","Drama, Romance, Art House & International, Comedy",87
1796,a1344,The Tao of Steve,2000,Jenniphr Goodman,"Donal Logue, Ayelet Kaznelson, John Hines","Comedy, Drama, Romance",87
1797,a1634,Confessions of a Teenage Drama Queen,2004,Sara Sugarman,"Lindsay Lohan, Megan Fox, Adam Garcia","Comedy, Family, Music, Romance",89
1797,b1416,Confessions of a Teenage Drama Queen,2004,Sara Sugarman,"Lindsay Lohan, Adam Garcia, Glenne Headly, Alison Pill",Comedy,89
1798,b1205,The Amati Girls,2001,Anne De Salvo,"Mercedes Ruehl, Paul Sorvino, Cloris Leachman, Lee Grant",Drama,91
1798,a1385,The Amati Girls,2001,Anne De Salvo,"Cloris Leachman, Mercedes Ruehl, Dinah Manoff",Drama,91
1799,b898,Imagine That,2009,Karey Kirkpatrick,"Eddie Murphy, Yara Shahidi, Martin Sheen, Nicole Ari Parker",Comedy,107
1799,a965,Imagine That,2009,Karey Kirkpatrick,"Eddie Murphy, Thomas Haden Church, Yara Shahidi","Comedy, Drama, Family, Fantasy",107
1800,b1050,Down to You,2000,Kris Isacsson,"Joanna Adler, Julia Stiles, Selma Blair, Shawn Hatosy","Comedy, Romance",91
1800,a1220,Down to You,2000,Kris Isacsson,"Freddie Prinze Jr., Julia Stiles, Selma Blair","Comedy, Drama, Romance",91
1801,d2840,waltz with bashir,2009,Ari Folman,,"Animation, Documentary, Drama, Foreign, History, War",90
1801,b796,Waltz with Bashir,2008,Ari Folman,"Ari Folman, Ron Ben-Yishai, Dror Harazi, Roni Dayag","Documentary, Animation, Art House & International, Special Interest",90
1801,a852,Waltz with Bashir,2008,Ari Folman,"Ari Folman, Ron Ben-Yishai, Ronny Dayag","Animation, Biography, Drama, War",90
1802,b1823,Big Bad Wolf,2006,Lance W. Dreesen,"Richard Tyson, Trevor Duke, Kimberly J. Brown, Christopher Shyer","Drama, Horror, Mystery & Suspense",92
1802,a2067,Big Bad Wolf,2006,Lance W. Dreesen,"Trevor Duke-Moretz, Kimberly J. Brown, Richard Tyson","Comedy, Horror",95
1803,a2095,Church Ball,2006,Kurt Hale,"Andrew Wilson, Amy Stewart, Clint Howard","Comedy, Sport",91
1803,b1847,Church Ball,2006,Kurt Hale,"Andrew Wilson, Clint Howard, Gary Coleman, Ross Brockley","Drama, Faith & Spirituality, Sports & Fitness, Comedy",91
1804,b527,Horrible Bosses,2011,Seth Gordon,"Jason Bateman, Kevin Spacey, Jennifer Aniston, Jason Sudeikis",Comedy,106
1804,d2212,horrible bosses,2011,Seth Gordon,"Jason Bateman,Kevin Spacey,Jennifer Aniston,Jason Sudeikis,Colin Farrell,Donald Sutherland,Jamie Foxx,Charlie Day,Julie Bowen,Bob Newhart",Comedy,98
1804,a561,Horrible Bosses,2011,Seth Gordon,"Jason Bateman, Charlie Day, Jason Sudeikis","Comedy, Crime",98
1805,b1812,Automatons,2006,James Felix McKenney,"David W. Hale, Dick Wayne, Christine Spencer, Brenda Cooney","Drama, Science Fiction & Fantasy",83
1805,a2053,Automatons,2006,James Felix McKenney,"Christine Spencer, Angus Scrimm, Brenda Cooney","Horror, Sci-Fi",83
1806,b1395,The Big Bounce,2004,George Armitage,"Owen Wilson, Sara Foster, Morgan Freeman, Charlie Sheen","Drama, Action & Adventure, Comedy",89
1806,a1609,The Big Bounce,2004,George Armitage,"Owen Wilson, Morgan Freeman, Gary Sinise","Comedy, Crime",88
1807,b2436,Black Nativity,2013,Kasi Lemmons,"Forest Whitaker, Angela Bassett, Jacob Latimore, Tyrese Gibson","Drama, Faith & Spirituality, Musical & Performing Arts",92
1807,d1420,black nativity,2013,Kasi Lemmons,"Forest Whitaker,Angela Bassett,Jennifer Hudson,Vondie Curtis-Hall,Jacob Latimore,Rotimi Akinosho,Henry Hunter Hall,Ebony J Lewis,J. Mallory McCree,Michael Mcfadden,Doug Willen,Alexander Blaise,Chris Nunez,Marcia M Francis,Iris Taylor,Tyrese Gibson,Mary J. Blige,Nas","Drama, Musical",93
1807,a2665,Black Nativity,2013,Kasi Lemmons,"Forest Whitaker, Angela Bassett, Jennifer Hudson","Drama, Musical",93
1808,b2006,Miss Potter,2007,Chris Noonan,"Rene Zellweger, Ewan McGregor, Emily Watson, Bill Paterson",Drama,92
1808,a2274,Miss Potter,2007,Chris Noonan,"Renée Zellweger, Ewan McGregor, Emily Watson","Biography, Drama, Romance",92
1809,b1014,Animal Factory,2000,Steve Buscemi,"Willem Dafoe, Edward Furlong, Seymour Cassel, Mickey Rourke","Mystery & Suspense, Drama",94
1809,a1183,Animal Factory,2000,Steve Buscemi,"Willem Dafoe, Edward Furlong, Danny Trejo","Crime, Drama",94
1810,d1706,upstream color,2013,,"Amy Seimeitz,Shane Carruth,Andrew Sensenig,Mollie Milligan,Thiago Martins,Andreon Watson,Myle McGee",Drama,96
1810,b2699,Upstream Color,2013,Shane Carruth,"Amy Seimetz, Shane Carruth, Andrew Sensenig, Thiago Martins","Drama, Romance, Mystery & Suspense",96
1810,a2953,Upstream Color,2013,Shane Carruth,"Amy Seimetz, Frank Mosley, Shane Carruth","Drama, Sci-Fi",96
1811,b1880,Diggers,2007,Katherine Dieckmann,"Paul Rudd, Maura Tierney, Lauren Ambrose, Ron Eldard","Drama, Comedy",96
1811,a2131,Diggers,2007,Katherine Dieckmann,"Paul Rudd, Ken Marino, Maura Tierney","Comedy, Drama",96
1812,a1798,White Chicks,2004,Keenen Ivory Wayans,"Marlon Wayans, Shawn Wayans, Busy Philipps","Crime, Comedy",109
1812,b1575,White Chicks,2004,Keenen Ivory Wayans,"Shawn Wayans, Marlon Wayans, Jaime King, Frankie Faison",Comedy,106
1813,a1535,Rock Star,2001,Stephen Herek,"Mark Wahlberg, Jennifer Aniston, Dominic West","Comedy, Drama, Music",105
1813,b1335,Rock Star,2001,Stephen Herek,"Mark Wahlberg, Jennifer Aniston, Timothy Spall, Timothy Olyphant","Drama, Musical & Performing Arts, Comedy",107
1814,a87,The Citizen,2013,Sam Kadi,"Khaled Nabawy, Agnes Bruckner, Rizwan Manji",Drama,99
1814,b87,The Citizen,2013,Sam Kadi,"Khaled Nabawy, Agnes Bruckner, Cary Elwes, William Atherton",Drama,99
1815,b266,Wanderlust,2012,David Wain,"Paul Rudd, Jennifer Aniston, Justin Theroux, Alan Alda",Comedy,80
1815,a270,Wanderlust,2012,David Wain,"Jennifer Aniston, Paul Rudd, Malin Akerman",Comedy,98
1816,b2695,UnHung Hero,2013,Brian Spitz,"Jonah Falcon, Dan Savage, Annie Sprinkle, Patrick Moote","Documentary, Special Interest",84
1816,a2949,UnHung Hero,2013,Brian Spitz,"Patrick Moote, Axel Braun, Jonah Falcon",Documentary,84
1817,b1862,The Curiosity of Chance,2006,Russell P. Marleau,"Tad Hilgenbrinck, Aldevina Da Silva, Pieter Van Nieuwenhu..., Brett Chukerman","Art House & International, Comedy",99
1817,a2111,The Curiosity of Chance,2006,Russell P. Marleau,"Tad Hilgenbrink, Brett Chukerman, Aldevina Da Silva",Comedy,98
1818,a277,Zero Dark Thirty,2013,Kathryn Bigelow,"Jessica Chastain, Joel Edgerton, Chris Pratt","Drama, History, Thriller",157
1818,d1796,zero dark thirty,2013,Kathyrn Bigelow,"Jessica Chastain,Jason Clarke,Joel Edgerton,Mark Strong,Kyle Chandler,Jennifer Ehle,Chris Platt,Edgar Ramirez","Action, Thriller",157
1818,b272,Zero Dark Thirty,2013,Kathryn Bigelow,"Jessica Chastain, Jason Clarke, Joel Edgerton, Edgar Ramirez",Drama,157
1819,a2317,A Prairie Home Companion,2006,Robert Altman,"Lily Tomlin, Meryl Streep, Woody Harrelson","Comedy, Drama, Music",105
1819,d2875,a prairie home companion,2006,Robert Altman,"Woody Harrelson,Garrison Keillor,Meryl Streep,Lily Tomlin,Tommy Lee Jones,Kevin Kline,Virginia Madsen,John C. Reilly,Lindsay Lohan,L.Q. Jones,Maya Rudolph,Tim Russell,Sue Scott","Comedy, Drama, Music",105
1819,b2041,A Prairie Home Companion,2006,Robert Altman,"Garrison Keillor, Kevin Kline, Meryl Streep, Lily Tomlin",Comedy,105
1820,b691,Harold,2008,T. Sean Shannon,"Spencer Breslin, Ally Sheedy, Stella Maeve, Nikki Blonsky",Comedy,105
1820,a740,Harold,2008,T. Sean Shannon,"Spencer Breslin, Cuba Gooding Jr., Nikki Blonsky",Comedy,90
1821,b1419,The Cookout,2004,Lance Rivera,"Storm P, Ja Rule, Tim Meadows, Jenifer Lewis",Comedy,88
1821,a1637,The Cookout,2004,Lance Rivera,"Quran Pender, Jenifer Lewis, Ja Rule",Comedy,97
1822,b1571,Wake of Death,2004,Philippe Martinez,"Jean-Claude Van Damm..., Simon Yam, Philip Tan, Valerie Tian",Action & Adventure,90
1822,c2635,Wake of Death,2004,Philippe Martinez,"Jean-Claude Van Damme, Simon Yam, Philip Tan","Action, Drama",91
1822,a1793,Wake of Death,2005,Philippe Martinez,"Jean-Claude Van Damme, Simon Yam, Philip Tan","Action, Drama",91
1823,a320,Dinner for Schmucks,2010,Jay Roach,"Steve Carell, Paul Rudd, Stephanie Szostak",Comedy,114
1823,b310,Dinner for Schmucks,2010,Jay Roach,"Steve Carell, Paul Rudd, Steven Carrell, Zach Galifianakis",Comedy,114
1823,d2463,dinner for schmucks,2010,Jay Roach,"Steve Carell,Paul Rudd,Zach Galifianakis,Jemaine Clement,Stephanie Szostak,Lucy Punch,Bruce Greenwood,Ron Livingston",Comedy,114
1824,b289,Case 39,2010,Christian Alvart,"Rene Zellweger, Jodelle Ferland, Ian McShane, Bradley Cooper","Mystery & Suspense, Horror",109
1824,a296,Case 39,2010,Christian Alvart,"Renée Zellweger, Ian McShane, Jodelle Ferland","Horror, Mystery, Thriller",109
1825,b1382,The Alamo,2004,John Lee Hancock,"Dennis Quaid, Billy Bob Thornton, Jason Patric, Patrick Wilson","Western, Drama, Action & Adventure",137
1825,a1591,The Alamo,2004,John Lee Hancock,"Dennis Quaid, Billy Bob Thornton, Emilio Echevarría","Drama, History, War, Western",137
1826,a1913,Kicking & Screaming,2005,Jesse Dylan,"Will Ferrell, Robert Duvall, Josh Hutcherson","Comedy, Family, Romance, Sport",95
1826,b1684,Kicking & Screaming,2005,Jesse Dylan,"Will Ferrell, Robert Duvall, Mike Ditka, Kate Walsh","Comedy, Kids & Family",94
1827,b564,The Music Never Stopped,2011,Jim Kohlberg,"J.K. Simmons, Cara Seymour, Lou Taylor Pucci, Scott Adsit",Drama,105
1827,a598,The Music Never Stopped,2011,Jim Kohlberg,"Lou Taylor Pucci, J.K. Simmons, Julia Ormond",Drama,105
1828,a2196,Happy Feet,2006,George Miller,"Elijah Wood, Brittany Murphy, Hugh Jackman","Animation, Comedy, Family, Music",108
1828,b1936,Happy Feet,2006,George Miller,"Elijah Wood, Robin Williams, Hugh Jackman, Nicole Kidman","Animation, Kids & Family, Comedy",109
1829,b2413,Angels Sing,2013,Tim McCanlies,"Connie Britton, Harry Connick Jr., Willie Nelson, Lyle Lovett",Kids & Family,89
1829,a2644,Angels Sing,2013,Tim McCanlies,"Harry Connick Jr., Connie Britton, Chandler Canterbury","Comedy, Drama, Family",87
1830,b656,The Deal,2008,Steven Schachter,"Jason Ritter, LL Cool J, Meg Ryan, Fiona Glascott",Comedy,100
1830,a704,The Deal,2008,Steven Schachter,"William H. Macy, Meg Ryan, LL Cool J","Comedy, Romance",100
1831,d106,talk to me,2007,Kasi Lemmons,"Don Cheadle,Chiwetel Ejiofor,Mike Epps,Martin Sheen,Vondie Curtis-Hall","Drama, Musical",118
1831,a2596,Talk to Me,2007,Kasi Lemmons,"Don Cheadle, Chiwetel Ejiofor, Bruce McFee","Biography, Drama, History, Music, War",118
1831,b2368,Talk to Me,2007,Kasi Lemmons,"Don Cheadle, Chiwetel Ejiofor, Benz Antoinee, Cedric the Entertain...","Drama, Action & Adventure, Comedy",118
1832,b1058,The Family Man,2000,Brett Ratner,"Nicolas Cage, Ta Leoni, Don Cheadle, Jeremy Piven","Drama, Romance, Science Fiction & Fantasy, Comedy",125
1832,a1231,The Family Man,2000,Brett Ratner,"Nicolas Cage, Téa Leoni, Don Cheadle","Comedy, Drama, Fantasy, Romance",125
1833,a192,The Magic of Belle Isle,2012,Rob Reiner,"Morgan Freeman, Virginia Madsen, Madeline Carroll","Comedy, Drama",109
1833,b189,The Magic of Belle Isle,2012,Rob Reiner,"Morgan Freeman, Virginia Madsen, Madeleine Carroll, Emma Fuhrmann","Drama, Comedy",109
1834,a544,A Good Old Fashioned Orgy,2011,Alex Gregory,"Jason Sudeikis, Leslie Bibb, Tyler Labine",Comedy,95
1834,d2267,a good old-fashioned orgy,2011,"Alex Gregory, Peter Huyck","Jason Sudeikis,Lucy Punch,Will Forte,Tyler Labine,Leslie Bibb,Lake Bell,Nick Kroll,Don Johnson",,
1834,b512,A Good Old Fashioned Orgy,2011,Alex Gregory,"Jason Sudeikis, Leslie Bibb, Lake Bell, Michelle Borth",Comedy,95
1835,b1341,Scary Movie 2,2001,Keenen Ivory Wayans,"Marlon Wayans, Shawn Wayans, Anna Faris, Regina Hall",Comedy,82
1835,a1543,Scary Movie 2,2001,Keenen Ivory Wayans,"Anna Faris, Marlon Wayans, Antony Acker","Comedy, Horror",83
1836,a1607,The Best Thief in the World,2004,Jacob Kornbluth,"Mary-Louise Parker, Michael Silverman, David Warshofsky","Comedy, Drama",93
1836,b1393,The Best Thief in the World,2004,Jacob Kornbluth,"Michael Silverman, Mary-Louise Parker, Jonah Bobo, Audra McDonald","Drama, Comedy",93
1837,a1898,Hustle & Flow,2005,Craig Brewer,"Terrence Howard, Ludacris, Anthony Anderson","Crime, Drama, Music",116
1837,b1669,Hustle & Flow,2005,Craig Brewer,"Terrence Howard, Anthony Anderson, Taryn Manning, Taraji P. Henson",Drama,116
1838,a1908,The Jacket,2005,John Maybury,"Adrien Brody, Keira Knightley, Daniel Craig","Drama, Horror, Mystery, Sci-Fi, Thriller",103
1838,b1679,The Jacket,2005,John Maybury,"Adrien Brody, Keira Knightley, Kris Kristofferson, Jennifer Jason Leigh","Drama, Horror, Mystery & Suspense",102
1839,a97,Crave,2013,Charles de Lauzirika,"Josh Lawson, Emma Lung, Ron Perlman","Drama, Thriller",113
1839,d1428,crave,2013,Charles de Lauzirika,"Josh Lawson,Emma Lung,Ron Perlman,Edward Furlong,Christopher Stapleton,Jim Hanna,Tonya Cornelisse,Richard Speight, Jr.","Drama, Thriller",113
1839,b97,Crave,2013,Charles de Lauzirika,"Josh Lawson, Ron Perlman, Emma Lung (II), Edward Furlong","Mystery & Suspense, Drama",113
1840,a1465,How High,2001,Jesse Dylan,"Method Man, Redman, Obba Babatundé",Comedy,93
1840,b1273,How High,2001,Jesse Dylan,"Method Man, Redman, Obba Babatund, Mike Epps",Comedy,94
1841,b642,Bolt,2008,Byron Howard,"John Travolta, Malcolm McDowell, Mark Walton, Miley Cyrus","Action & Adventure, Animation, Comedy",96
1841,a688,Bolt,2008,Byron Howard,"John Travolta, Miley Cyrus, Susie Essman","Animation, Adventure, Comedy, Family",96
1842,a2198,Harsh Times,2006,David Ayer,"Christian Bale, Eva Longoria, Freddy Rodríguez","Action, Crime, Drama, Thriller",116
1842,b1938,Harsh Times,2006,David Ayer,"Christian Bale, Freddy Rodriguez, Eva Longoria, Terry Crews","Drama, Action & Adventure",115
1843,a1822,Be Cool,2005,F. Gary Gray,"John Travolta, Uma Thurman, Dwayne Johnson","Comedy, Crime, Music",118
1843,b1597,Be Cool,2005,F. Gary Gray,"John Travolta, Uma Thurman, Vince Vaughn, Cedric the Entertain...","Drama, Mystery & Suspense, Comedy",119
1844,a1059,Tetro,2009,Francis Ford Coppola,"Vincent Gallo, Alden Ehrenreich, Maribel Verdú",Drama,127
1844,b984,Tetro,2009,Francis Ford Coppola,"Vincent Gallo, Alden Ehrenreich, Carmen Maura, Klaus Maria Brandaue...","Mystery & Suspense, Drama",127
1845,b1269,Heartbreakers,2001,David Mirkin,"Sigourney Weaver, Jennifer Love Hewitt, Ray Liotta, Jason Lee",Comedy,123
1845,a1460,Heartbreakers,2001,David Mirkin,"Sigourney Weaver, Jennifer Love Hewitt, Gene Hackman","Comedy, Crime, Romance",123
1846,a1198,Boiler Room,2000,Ben Younger,"Giovanni Ribisi, Vin Diesel, Nia Long","Crime, Drama, Thriller",120
1846,b1030,Boiler Room,2000,Ben Younger,"Giovanni Ribisi, Nia Long, Ben Affleck, Tom Everett Scott","Mystery & Suspense, Drama",119
1847,a1027,Planet 51,2009,Jorge Blanco,"Dwayne Johnson, Seann William Scott, Jessica Biel","Animation, Adventure, Comedy, Family, Sci-Fi",91
1847,b956,Planet 51,2009,Jorge Blanco,"Dwayne ""The Rock"" Jo..., Jessica Biel, Justin Long, Seann William Scott","Action & Adventure, Animation, Kids & Family, Comedy",91
1847,d2611,planet 51,2009,"Javier Abad,Jorge Blanco,Marcos Martinez","Dwayne Johnson,Justin Long,Jessica Biel,Gary Oldman,William Scott,John Cleese","Animation, Family",91
1848,b1628,Domino,2005,Tony Scott,"Keira Knightley, Mickey Rourke, Edgar Ramirez, Rizwan Abbasi","Drama, Action & Adventure, Mystery & Suspense",128
1848,a1855,Domino,2005,Tony Scott,"Keira Knightley, Mickey Rourke, Ã‰dgar RamÃ­rez","Action, Biography, Crime, Drama, Thriller",127
1849,b817,Aliens in the Attic,2009,John Schultz,"Carter Jenkins, Austin Robert Butler, Ashley Tisdale, Ashley Boettcher","Action & Adventure, Kids & Family, Science Fiction & Fantasy",86
1849,a875,Aliens in the Attic,2009,John Schultz,"Ashley Tisdale, Robert Hoffman, Carter Jenkins","Adventure, Comedy, Family, Fantasy, Sci-Fi",86
1850,d1995,the pledge,2001,Sean Penn,"Jack Nicholson,Robin Wright Penn,Aaron Eckhart,Sam Shepard,Mickey Rourke,Benicio Del Toro,Helen Mirren","Crime, Drama, Mystery, Thriller",124
1850,a1528,The Pledge,2001,Sean Penn,"Jack Nicholson, Benicio Del Toro, Patricia Clarkson","Crime, Drama, Mystery, Thriller",124
1850,b1329,The Pledge,2001,Sean Penn,"Jack Nicholson, Robin Wright, Benicio Del Toro, Aaron Eckhart","Mystery & Suspense, Drama",124
1851,a1965,The Ring Two,2005,Hideo Nakata,"Naomi Watts, David Dorfman, Sissy Spacek","Horror, Mystery, Thriller",110
1851,b1731,The Ring Two,2005,Hideo Nakata,"Naomi Watts, Simon Baker, David Dorfman, Elizabeth Perkins","Drama, Horror",110
1852,b2109,Unaccompanied Minors,2006,Paul Feig,"Lewis Black, Wilmer Valderrama, Tyler James Williams, Dyllan Christopher","Comedy, Kids & Family",89
1852,a2399,Unaccompanied Minors,2006,Paul Feig,"Dyllan Christopher, Tyler James Williams, Gia Mantegna","Adventure, Comedy, Family",90
1853,b923,Madea Goes to Jail,2009,Tyler Perry,"Tyler Perry, Derek Luke, Keshia Knight Pullia..., Ion Overman","Drama, Comedy",102
1853,a992,Madea Goes to Jail,2009,Tyler Perry,"Tyler Perry, Keshia Knight Pulliam, Derek Luke","Comedy, Crime, Drama",103
1854,b1999,Man of the Year,2006,Barry Levinson,"Robin Williams, Christopher Walken, Laura Linney, Jeff Goldblum","Television, Comedy",115
1854,a2266,Man of the Year,2006,Barry Levinson,"Robin Williams, Laura Linney, Lewis Black","Comedy, Drama, Romance, Thriller",115
1855,b963,Public Enemies,2009,Michael Mann,"Johnny Depp, Christian Bale, Marion Cotillard, Billy Crudup","Drama, Action & Adventure",140
1855,a1034,Public Enemies,2009,Michael Mann,"Christian Bale, Johnny Depp, David Wenham","Biography, Crime, Drama, History",140
1856,a2698,Concussion,2015,Peter Landesman,"Will Smith, Stephen Moyer, Gugu Mbatha-Raw","Drama, Sport",
1856,b2465,Concussion,2015,Peter Landesman,"Will Smith, Bitsie Tulloch, Gugu Mbatha-Raw, Alec Baldwin",Drama,
1857,b1711,Nanny McPhee,2006,Kirk Jones,"Emma Thompson, Colin Firth, Thomas Sangster, Raphal Coleman","Comedy, Kids & Family",99
1857,a1946,Nanny McPhee,2006,Kirk Jones,"Emma Thompson, Colin Firth, Angela Lansbury","Comedy, Family, Fantasy",97
1857,d300,nanny mcphee,2006,Kirk Jones,"Emma Thompson,Colin Firth,Kelly MacDonald,Celia Imrie,Derek Jacobi,Patrick Barlow,Imelda Staunton,Thomas Sangster,Angela Lansbury","Comedy, Family, Fantasy, Foreign",97
1858,b1141,The Road to El Dorado,2000,Eric Bergeron,"Kevin Kline, Kenneth Branagh, Rosie Perez, Armand Assante","Action & Adventure, Animation, Kids & Family, Comedy",89
1858,a1318,The Road to El Dorado,2000,Bibo Bergeron,"Kevin Kline, Kenneth Branagh, Rosie Perez","Animation, Adventure, Comedy, Family, Romance",89
1859,b1598,Beauty Shop,2005,Bille Woodruff,"Queen Latifah, Alicia Silverstone, Andie MacDowell, Lil JJ",Comedy,105
1859,a1823,Beauty Shop,2005,Bille Woodruff,"Queen Latifah, Alicia Silverstone, Djimon Hounsou",Comedy,105
1860,b2440,Blue Caprice,2013,Alexandre Moors,"Isaiah Washington, Tequan Richmond, Tim Blake Nelson, Joey Lauren Adams","Drama, Mystery & Suspense, Special Interest",93
1860,d1528,blue caprice,2013,Alexandre Moors,"Isaiah Washington,Tequan Richmond,Joey Lauren Adams,Cassandra Freeman,Tim Blake Nelson,Leo Fitzpatrick,Al Sapienza,Bruce Kirkpatrick,Alexis Iacono,Greg Paul",,93
1861,a616,Red Riding Hood,2011,Catherine Hardwicke,"Amanda Seyfried, Lukas Haas, Gary Oldman","Fantasy, Horror, Mystery, Thriller",100
1861,b579,Red Riding Hood,2011,Catherine Hardwicke,"Amanda Seyfried, Gary Oldman, Billy Burke, Shiloh Fernandez","Horror, Romance",120
1862,b2151,Anamorph,2008,Henry Miller,"Willem Dafoe, Scott Speedman, Peter Stormare, Clea DuVall","Mystery & Suspense, Drama",103
1862,a1104,Anamorph,2008,Henry Miller,"Willem Dafoe, Scott Speedman, Don Harvey","Crime, Horror, Thriller",107
1863,a2828,Liars All,2013,Brian Brightly,"Sara Paxton, Matt Lanter, Alice Evans",Thriller,92
1863,b2584,Liars All,2013,Brian Brightly,"Matt Lanter, Torrance Coombs, Gillian Zinser, Alice Evans",Drama,91
1864,c3175,Rules of Engagement,2000,William Friedkin,"Tommy Lee Jones, Samuel L. Jackson, Guy Pearce","Action, Drama, War",128
1864,b1144,Rules of Engagement,2000,William Friedkin,"Tommy Lee Jones, Samuel L. Jackson, Ben Kingsley, Blair Underwood","Drama, Action & Adventure, Mystery & Suspense",127
1865,a1201,Boys and Girls,2000,Robert Iscove,"Freddie Prinze Jr., Claire Forlani, Brendon Ryan Barrett","Comedy, Drama, Romance",94
1865,b1032,Boys and Girls,2000,Robert Iscove,"Freddie Prinze Jr., Claire Forlani, Jason Biggs, Amanda Detmer","Comedy, Romance",93
1866,b859,Drag Me to Hell,2009,Sam Raimi,"Alison Lohman, Justin Long, David Paymer, Reggie Lee","Mystery & Suspense, Horror",99
1866,a922,Drag Me to Hell,2009,Sam Raimi,"Alison Lohman, Justin Long, Ruth Livier","Horror, Thriller",99
1867,b371,Like Dandelion Dust,2010,Jon Gunn,"Mira Sorvino, Barry Pepper, Kate Levering, Maxwell Perry Cotton","Drama, Kids & Family",100
1867,a389,Like Dandelion Dust,2010,Jon Gunn,"Mira Sorvino, Barry Pepper, Cole Hauser",Drama,100
1868,a390,Little Fockers,2010,Paul Weitz,"Ben Stiller, Teri Polo, Robert De Niro","Comedy, Romance",98
1868,b372,Little Fockers,2010,Paul Weitz,"Robert De Niro, Ben Stiller, Owen Wilson, Blythe Danner",Comedy,98
1869,a855,Welcome Home Roscoe Jenkins,2008,Malcolm D. Lee,"Martin Lawrence, Louis C.K., James Earl Jones","Comedy, Romance",114
1869,b799,Welcome Home Roscoe Jenkins,2008,Malcolm D. Lee,"Martin Lawrence, James Earl Jones, Margaret Avery, Joy Bryant",Comedy,114
1870,a1055,Taking Woodstock,2009,Ang Lee,"Demetri Martin, Henry Goodman, Edward Hibbert","Comedy, Drama, Music",120
1870,b980,Taking Woodstock,2009,Ang Lee,"Henry Goodman, Demetri Martin, Emile Hirsch, Jeffrey Dean Morgan","Drama, Musical & Performing Arts, Comedy",121
1870,d2688,taking woodstock,2009,Ang Lee,"Demetri Martin,Dan Fogler,Henry Goodman,Jonathan Groff,Eugene Levy,Jeffrey Dean Morgan,Imelda Staunton,Emile Hirsch,Liev Schreiber,Skylar Astin,Kevin Chamberlin,Kelli Garner,Paul Dano","Comedy, Drama, Indie, Music",120
1871,b1737,Sahara,2005,Breck Eisner,"Matthew McConaughey, Penelope Cruz, Steve Zahn, Lambert Wilson","Drama, Action & Adventure",124
1871,a1970,Sahara,2005,Breck Eisner,"Matthew McConaughey, Penélope Cruz, Steve Zahn","Action, Adventure, Comedy, Thriller, War",124
1872,b181,A Little Bit Of Heaven,2012,Nicole Kassell,"Kate Hudson, Lucy Punch, Kathy Bates, Peter Dinklage","Drama, Romance, Comedy",100
1872,a183,A Little Bit of Heaven,2012,Nicole Kassell,"Kate Hudson, Gael García Bernal, Kathy Bates","Comedy, Drama, Fantasy, Romance",106
1873,d2886,w.,2008,Oliver Stone,"Josh Brolin,Elizabeth Banks,Ellen Burstyn,James Cromwell,Richard Dreyfuss,Scott Glenn,Toby Jones,Stacy Keach,Jeffrey Wright,Thandie Newton","Drama, History",131
1873,b793,W.,2008,Oliver Stone,"Josh Brolin, Elizabeth Banks, Ellen Burstyn, James Cromwell",Drama,129
1874,b2257,Joshua,2007,George Ratliff,"Sam Rockwell, Vera Farmiga, Celia Weston, Dallas Roberts","Drama, Art House & International, Mystery & Suspense",105
1874,a2474,Joshua,2007,George Ratliff,"Sam Rockwell, Vera Farmiga, Jacob Kogan","Drama, Horror, Thriller",106
1875,b39,Barricade,2012,Andrew Currie,"Eric McCormack, Jody Thompson, Connor Dwelly, Ryan Grantham","Action & Adventure, Horror",82
1875,a37,Barricade,2012,Andrew Currie,"Eric McCormack, Jody Thompson, Conner Dwelly","Horror, Mystery, Thriller",82
1876,b2688,Super Buddies,2013,Robert Vince,"John Ratzenberger, Jason Earles, Michael Teigen, Jeremy Shinder",Kids & Family,81
1876,a2939,Super Buddies,2013,Robert Vince,"Trey Loney, John Ratzenberger, Michael Teigen",Family,81
1877,a2211,How to Eat Fried Worms,2006,Bob Dolman,"Luke Benward, Hallie Kate Eisenberg, Adam Hicks","Comedy, Family",98
1877,b1950,How to Eat Fried Worms,2006,Bob Dolman,"Luke Benward, Timothy Patrick Cava..., Hallie Kate Eisenber..., Adam Hicks","Comedy, Kids & Family",83
1878,b1099,Maryam,2002,Ramin Serry,"Shaun Toub, Mariam Parris, Maz Jobrani, Jason Nash",Drama,90
1878,a1275,Maryam,2002,Ramin Serry,"Mariam Parris, David Ackert, Shaun Toub",Drama,87
1879,c2624,Blade: Trinity,2004,David S. Goyer,"Wesley Snipes, Kris Kristofferson, Parker Posey","Action, Adventure, Fantasy",113
1879,b1397,Blade: Trinity,2004,David S. Goyer,"Wesley Snipes, Kris Kristofferson, Dominic Purcell, Jessica Biel","Action & Adventure, Horror, Mystery & Suspense",113
1880,a2413,Wicked Little Things,2006,J.S. Cardone,"Lori Heuring, Scout Taylor-Compton, Chloë Grace Moretz","Drama, Horror",94
1880,b2124,Wicked Little Things,2006,J.S. Cardone,"Lori Heuring, Scout Taylor-Compton, Chloe Grace Moretz, Geoffrey Lewis",Horror,94
1881,b2296,Nanking,2007,Bill Guttentag,"Hugo Armstrong, Rosalind Chao, Mariel Hemingway, Jrgen Prochnow",Documentary,90
1881,a2519,Nanking,2007,Bill Guttentag,"Hugo Armstrong, Rosalind Chao, Stephen Dorff","Documentary, History, War",88
1882,b327,Furry Vengeance,2010,Roger Kumble,"Brendan Fraser, Brooke Shields, Matt Prokop, Skyler Samuels","Comedy, Kids & Family",91
1882,a338,Furry Vengeance,2010,Roger Kumble,"Brendan Fraser, Brooke Shields, Ricky Garcia","Comedy, Family",92
1883,a2518,Nancy Drew,2007,Andrew Fleming,"Emma Roberts, Tate Donovan, Max Thieriot","Comedy, Crime, Family, Mystery, Romance, Thriller",99
1883,b2295,Nancy Drew,2007,Andrew Fleming,"Emma Roberts, Rachael Leigh Cook, Tate Donovan, Caroline Aaron","Action & Adventure, Kids & Family, Mystery & Suspense",98
1884,b524,Higher Ground,2011,Vera Farmiga,"Vera Farmiga, Joshua Leonard, Norbert Leo Butz, Michael Chernus",Drama,109
1884,a558,Higher Ground,2011,Vera Farmiga,"Vera Farmiga, Joshua Leonard, Dagmara Dominczyk",Drama,109
1884,d2239,higher ground,2011,Vera Farmiga,"Vera Farmiga,Joshua Leonard,Dagmara Dominczyk,John Hawkes,Norbert Leo Butz,Bill Irwin,Donna Murphy,Taissa Farmiga,McKenzie Turner","Drama, Indie, Thriller",109
1885,a1294,The Opportunists,2000,Myles Connell,"Christopher Walken, Peter McDonald, Anne Pitoniak","Comedy, Crime, Drama, Romance",90
1885,b1117,The Opportunists,2000,Myles Connell,"Christopher Walken, Peter McDonald, Cyndi Lauper, Vera Farmiga",Drama,89
1886,b155,The Guilt Trip,2012,Anne Fletcher,"Seth Rogen, Barbra Streisand, Kathy Najimy, Colin Hanks",Comedy,96
1886,a157,The Guilt Trip,2012,Anne Fletcher,"Barbra Streisand, Seth Rogen, Julene Renee","Comedy, Drama",95
1887,b2606,Much Ado About Nothing,2013,Joss Whedon,"Amy Acker, Alexis Denisof, Clark Gregg, Reed Diamond",Comedy,108
1887,d1644,much ado about nothing,2013,Joss Whedon,"Alexis Denisof,Amy Acker,Nathan Fillion,Ashley Johnson,Sean Maher,Spencer Treat Clark,Clark Gregg,Fran Kranz,Tom Lenk,Emma Bates,Reed Diamond",Comedy,107
1887,a2856,Much Ado About Nothing,2013,Joss Whedon,"Alexis Denisof, Amy Acker, Fran Kranz","Comedy, Drama, Romance",109
1888,a1726,Noel,2004,Chazz Palminteri,"Susan Sarandon, Penélope Cruz, Paul Walker",Drama,96
1888,b1508,Noel,2004,Chazz Palminteri,"Susan Sarandon, Paul Walker, Penelope Cruz, Robin Williams",Drama,96
1889,b1797,Analog Days,2006,Mike Ott,"Ivy Kahn, Brett L. Tinnes, Chad Cunningham, Granger Green",Drama,80
1889,a2038,Analog Days,2006,Mike Ott,"Chad Cunningham, Granger Green, Ryan Johnsen",Drama,90
1890,b1974,Kill Your Darlings,2013,John Krokidas,"Daniel Radcliffe, Dane DeHaan, Ben Foster, Jack Huston","Drama, Romance, Mystery & Suspense",100
1890,a2238,Kill Your Darlings,2013,John Krokidas,"Daniel Radcliffe, Dane DeHaan, Michael C. Hall","Biography, Drama, Romance, Thriller",104
1890,d1408,kill your darlings,2013,John Krokidas,"Daniel Radcliffe,Elizabeth Olsen,Michael C. Hall,Ben Foster,Dane DeHaan,Jack Huston,Jennifer Jason Leigh,Kyra Sedgwick,David Cross,David Rasche","Drama, Romance",95
1891,b1919,2 Fast 2 Furious,2003,John Singleton,"Paul Walker, Tyrese Gibson, Tyrese, Eva Mendes","Drama, Action & Adventure, Mystery & Suspense",108
1891,c2780,2 Fast 2 Furious,2003,John Singleton,"Paul Walker, Tyrese Gibson, Cole Hauser","Action, Crime, Thriller",107
1892,b727,Mirrors,2008,Alexandre Aja,"Kiefer Sutherland, Paula Patton, Erica Gluck, Cameron Boyce","Mystery & Suspense, Horror",110
1892,a778,Mirrors,2008,Alexandre Aja,"Kiefer Sutherland, Paula Patton, Amy Smart","Horror, Mystery, Thriller",110
1893,b749,The Reader,2008,Stephen Daldry,"Kate Winslet, Ralph Fiennes, David Kross, Lena Olin","Drama, Romance",123
1893,a806,The Reader,2009,Stephen Daldry,"Kate Winslet, Ralph Fiennes, Bruno Ganz","Drama, Romance",124
1893,d2826,the reader,2008,Stephen Daldry,"Kate Winslet,Lena Olin,Bruno Ganz","Drama, Romance",124
1894,d1681,epic,2013,Chris Wedge,"Josh Hutcherson,Amanda Seyfried,Colin Farrell,Jason Sudeikis,Aziz Ansari,Christoph Waltz,Beyoncé Knowles,Judah Friedlander,Steven Tyler,Pitbull,Blake Anderson","Adventure, Animation, Family",
1894,a2722,Epic,2013,Chris Wedge,"Amanda Seyfried, Josh Hutcherson, Beyoncé Knowles","Animation, Adventure, Family, Fantasy",102
1894,b2201,Epic,2013,Chris Wedge,"Beyonce Knowles, Colin Farrell, Josh Hutcherson, Amanda Seyfried","Action & Adventure, Animation, Kids & Family, Science Fiction & Fantasy",102
1895,b373,Lottery Ticket,2010,Erik White,"Bow Wow, Brandon T. Jackson, Naturi Naughton, Loretta Devine",Comedy,99
1895,a391,Lottery Ticket,2010,Erik White,"Shad Moss, Brandon T. Jackson, Naturi Naughton",Comedy,99
1896,a773,Meet the Browns,2008,Tyler Perry,"Tamela J. Mann, Angela Bassett, Tyler Perry","Comedy, Drama, Romance",100
1896,b723,Meet The Browns,2008,Tyler Perry,"Tyler Perry, Angela Bassett, Lance Gross, Rick Fox","Drama, Romance, Comedy",101
1897,a1229,An Everlasting Piece,2001,Barry Levinson,"Barry McEvoy, Brían F. O'Byrne, Anna Friel",Comedy,103
1897,b1056,An Everlasting Piece,2001,Barry Levinson,"Barry McEvoy, Brian F. O'Byrne, Anna Friel, Pauline McLynn",Comedy,103
1898,a1173,102 Dalmatians,2000,Kevin Lima,"Glenn Close, Gérard Depardieu, Ioan Gruffudd","Adventure, Comedy, Family",100
1898,b1005,102 Dalmatians,2000,Kevin Lima,"Glenn Close, Grard Depardieu, Ioan Gruffudd, Alice Evans","Comedy, Kids & Family",100
1899,a1752,Seed of Chucky,2004,Don Mancini,"Jennifer Tilly, Brad Dourif, John Waters","Comedy, Horror, Thriller",87
1899,b1532,Seed of Chucky,2004,Don Mancini,"Brad Dourif, Billy Boyd, Jennifer Tilly, Hannah Spearritt","Horror, Comedy",86
1900,a1920,Land of the Dead,2005,George A. Romero,"John Leguizamo, Asia Argento, Simon Baker",Horror,93
1900,b1689,Land of the Dead,2005,George A. Romero,"Simon Baker - III, Asia Argento, Dennis Hopper, John Leguizamo","Drama, Action & Adventure, Horror, Mystery & Suspense",92
1901,a2330,Rocky Balboa,2006,Sylvester Stallone,"Sylvester Stallone, Antonio Tarver, Milo Ventimiglia","Drama, Sport",102
1901,b2052,Rocky Balboa,2006,Sylvester Stallone,"Sylvester Stallone, Burt Young, Milo Ventimiglia, Geraldine Hughes",Drama,101
1902,a1292,Nurse Betty,2000,Neil LaBute,"Renée Zellweger, Morgan Freeman, Chris Rock","Comedy, Crime, Drama",110
1902,b1115,Nurse Betty,2000,Neil LaBute,"Rene Zellweger, Morgan Freeman, Chris Rock, Greg Kinnear","Drama, Comedy",108
1903,b2123,Who Killed the Electric Car?,2006,Chris Paine,"Greg ""Gadget"" Abbot, Dave Barthmuss, Tom Hanks, Mel Gibson","Musical & Performing Arts, Documentary",90
1903,a2412,Who Killed the Electric Car?,2006,Chris Paine,"Martin Sheen, Tom Hanks, Mel Gibson",Documentary,92
1904,a2605,Waitress,2007,Adrienne Shelly,"Keri Russell, Nathan Fillion, Jeremy Sisto","Comedy, Drama, Romance",108
1904,b2377,Waitress,2007,Adrienne Shelly,"Keri Russell, Nathan Fillion, Cheryl Hines, Adrienne Shelly","Drama, Romance, Comedy",107
1905,b814,Adventureland,2009,Greg Mottola,"Jesse Eisenberg, Kristen Stewart, Martin Starr, Sue O'Malley","Drama, Comedy",106
1905,d2796,adventureland,2009,Greg Mottola,"Jesse Eisenberg,Kristen Stewart,Ryan Reynolds,Matt Bush,Margarita Levieva,Bill Hader,Kristen Wiig,Martin Starr","Comedy, Romance",107
1905,a872,Adventureland,2009,Greg Mottola,"Jesse Eisenberg, Kristen Stewart, Ryan Reynolds","Comedy, Drama, Romance",107
1906,b604,Super 8,2011,J.J. Abrams,"Kyle Chandler, Elle Fanning, Joel Courtney, Gabriel Basso","Action & Adventure, Science Fiction & Fantasy",112
1906,a643,Super 8,2011,J.J. Abrams,"Elle Fanning, AJ Michalka, Kyle Chandler","Mystery, Sci-Fi, Thriller",112
1907,b635,Ballast,2008,Lance Hammer,"Micheal J. Smith Sr., Jim Myron Ross, JimMyron Ross, Michael J. Smith Sr.","Art House & International, Drama",96
1907,d2899,ballast,2008,Lance Hammer,"Micheal J. Smith,JimMyron Ross,Tarra Riggs,Johnny McPhail","Action, Documentary, Drama, Indie, Thriller",96
1907,a680,Ballast,2008,Lance Hammer,"Micheal J. Smith Sr., JimMyron Ross, Tarra Riggs",Drama,96
1908,b1929,The Groomsmen,2006,Edward Burns,"Edward Burns, Brittany Murphy, John Leguizamo, Jay Mohr",Comedy,98
1908,a2189,The Groomsmen,2006,Edward Burns,"Edward Burns, Matthew Lillard, Brittany Murphy","Comedy, Drama, Music, Romance",98
1909,b872,Food Inc.,2009,Robert Kenner,"Eric Schlosser, Michael Pollan, Gary Hirschberg, Gary Hirshberg","Documentary, Special Interest",94
1909,a934,Food Inc.,2009,Robert Kenner,"Michael Pollan, Eric Schlosser, Richard Lobb",Documentary,94
1910,a257,This Is 40,2012,Judd Apatow,"Paul Rudd, Leslie Mann, Maude Apatow",Comedy,134
1910,b253,This is 40,2012,Judd Apatow,"Leslie Mann, Paul Rudd, John Lithgow, Megan Fox",Comedy,134
1911,b2432,Beyond The Farthest Star,2013,Andrew Librizzi,"Andrew Prine, Cherami Leigh, Rene O'Connor, Todd Terry",Drama,119
1911,a2662,Beyond the Farthest Star,2013,Andrew Librizzi,"Renée O'Connor, Todd Terry, Cherami Leigh","Drama, Family, Thriller",119
1912,a1860,Duma,2005,Carroll Ballard,"Alex Michaeletos, Campbell Scott, Hope Davis","Adventure, Drama, Family",100
1912,b1632,Duma,2005,Carroll Ballard,"Alex Michaeletos, Alexander Michaletos, Campbell Scott, Mary Makhatho","Drama, Action & Adventure, Kids & Family",101
1913,b2547,Identity Thief,2013,Seth Gordon,"Jason Bateman, Melissa McCarthy, Jon Favreau, Maggie Elizabeth Jon...",Comedy,111
1913,a2789,Identity Thief,2013,Seth Gordon,"Jason Bateman, Melissa McCarthy, John Cho","Comedy, Crime",111
1913,d1776,identity thief,2013,Seth Gordon,"Jason Bateman,Melissa McCarthy,Jon Favreau,John Cho,Morris Chestnut,Amanda Peet,Robert Patrick,Genesis Rodriguez","Comedy, Crime",
1914,a557,Hesher,2011,Spencer Susser,"Joseph Gordon-Levitt, Devin Brochu, Natalie Portman",Drama,106
1914,b523,Hesher,2011,Spencer Susser,"Joseph Gordon-Levitt, Natalie Portman, Rainn Wilson, Piper Laurie",Drama,105
1915,d2543,letters to juliet,2010,Gary Winick,"Amanda Seyfried,Vanessa Redgrave,Gael Garcia Bernal,Christopher Egan,Franco Nero,Oliver Platt","Comedy, Drama, Romance",105
1915,b368,Letters to Juliet,2010,Gary Winick,"Amanda Seyfried, Vanessa Redgrave, Chris Egan, Gael Garca Bernal","Drama, Romance, Comedy",105
1915,a388,Letters to Juliet,2010,Gary Winick,"Amanda Seyfried, Gael García Bernal, Vanessa Redgrave","Comedy, Drama, Romance",105
1916,a2285,The Nativity Story,2006,Catherine Hardwicke,"Keisha Castle-Hughes, Shohreh Aghdashloo, Oscar Isaac","Drama, Family",101
1916,b2016,The Nativity Story,2006,Catherine Hardwicke,"Keisha Castle-Hughes, Oscar Isaac, Hiam Abbass, Shaun Toub","Drama, Faith & Spirituality",100
1917,a2689,The Cloth,2013,Justin Price,"Danny Trejo, Perla Rodríguez, Eric Roberts","Action, Fantasy, Horror",88
1917,b2459,The Cloth,2013,Justin Price,"Danny Trejo, Eric Roberts, Rachele Brooke Smith, Justin Price","Action & Adventure, Horror, Mystery & Suspense, Science Fiction & Fantasy",88
1918,b1118,The Original Kings of Comedy,2000,Spike Lee,"Steve Harvey, D.L. Hughley, Cedric the Entertain..., Bernie Mac","Documentary, Comedy",111
1918,a1295,The Original Kings of Comedy,2000,Spike Lee,"Steve Harvey, D.L. Hughley, Cedric the Entertainer","Comedy, Documentary",115
1919,a611,Prom,2011,Joe Nussbaum,"Aimee Teegarden, Thomas McDonell, DeVaughn Nixon","Comedy, Drama",104
1919,b574,Prom,2011,Joe Nussbaum,"Aimee Teegarden, Thomas McDonell, Danielle Campbell, Jonathan Keltz",Comedy,109
1920,a1681,I Heart Huckabees,2004,David O. Russell,"Jason Schwartzman, Jude Law, Naomi Watts",Comedy,107
1920,b1464,I Heart Huckabees,2004,David O. Russell,"Jason Schwartzman, Dustin Hoffman, Lily Tomlin, Jude Law","Drama, Comedy",106
1921,d2901,four christmases,2008,Seth Gordon,"Vince Vaughn,Reese Witherspoon,Robert Duvall,Sissy Spacek,Jon Voight,Jon Favreau,Mary Steenburgen,Dwight Yoakam,Tim McGraw,Kristin Chenoweth","Comedy, Drama, Romance",88
1921,b679,Four Christmases,2008,Seth Gordon,"Vince Vaughn, Reese Witherspoon, Robert Duvall, Jon Favreau",Comedy,89
1921,a727,Four Christmases,2008,Seth Gordon,"Reese Witherspoon, Vince Vaughn, Mary Steenburgen","Comedy, Drama, Romance",88
1922,a1708,Meet the Fockers,2004,Jay Roach,"Ben Stiller, Robert De Niro, Blythe Danner","Comedy, Romance",115
1922,b1492,Meet the Fockers,2004,Jay Roach,"Robert De Niro, Ben Stiller, Dustin Hoffman, Barbra Streisand",Comedy,118
1923,c3441,Small Soldiers,1998,Joe Dante,"Kirsten Dunst, Gregory Smith, David Cross","Action, Adventure, Comedy",110
1923,b3091,Small Soldiers,1998,Joe Dante,"Gregory Smith, Denis Leary, Phil Hartman, David Cross","Action & Adventure, Kids & Family, Science Fiction & Fantasy, Comedy",109
1924,a1400,Blow,2001,Ted Demme,"Johnny Depp, Penélope Cruz, Franka Potente","Biography, Crime, Drama",124
1924,b1224,Blow,2001,Ted Demme,"Johnny Depp, Penelope Cruz, Jordi Molla, Franka Potente",Drama,123
1925,a1707,Mean Girls,2004,Mark Waters,"Lindsay Lohan, Jonathan Bennett, Rachel McAdams",Comedy,97
1925,b1491,Mean Girls,2004,Mark Waters,"Lindsay Lohan, Rachel McAdams, Lacey Chabert, Amanda Seyfried",Comedy,96
1926,a2136,Dreamgirls,2006,Bill Condon,"Beyoncé Knowles, Jamie Foxx, Eddie Murphy","Drama, Music, Musical",130
1926,b1883,Dreamgirls,2006,Bill Condon,"Jamie Foxx, Beyonce Knowles, Eddie Murphy, Danny Glover","Musical & Performing Arts, Drama",130
1927,b1522,The Punisher,2004,Jonathan Hensleigh,"Thomas Jane, John Travolta, James Carpinello, Will Patton","Drama, Action & Adventure",123
1927,a1742,The Punisher,2004,Jonathan Hensleigh,"Thomas Jane, John Travolta, Samantha Mathis","Action, Crime, Drama, Thriller",124
1928,a887,Away We Go,2009,Sam Mendes,"John Krasinski, Maya Rudolph, Allison Janney","Comedy, Drama, Romance",98
1928,b828,Away We Go,2009,Sam Mendes,"John Krasinski, Maya Rudolph, Carmen Ejogo, Jeff Daniels","Drama, Comedy",98
1929,b479,Cars 2,2011,John Lasseter,"Owen Wilson, Larry The Cable Guy, John Turturro, Eddie Izzard","Action & Adventure, Animation, Kids & Family, Comedy",112
1929,a507,Cars 2,2011,John Lasseter,"Owen Wilson, Larry the Cable Guy, Michael Caine","Animation, Adventure, Comedy, Family, Sport",106
1930,a1820,Batman Begins,2005,Christopher Nolan,"Christian Bale, Michael Caine, Ken Watanabe","Action, Adventure",140
1930,b1596,Batman Begins,2005,Christopher Nolan,"Christian Bale, Michael Caine, Liam Neeson, Katie Holmes","Action & Adventure, Science Fiction & Fantasy",140
1931,d1641,the internship,2013,Shawn Levy,"Owen Wilson,Vince Vaughn,Tiya Sircar,Rose Byrne,Will Ferrell,John Goodman,Joanna Garcia-Swisher,Josh Gad,Jessica Szohr",Comedy,
1931,b2555,The Internship,2013,Shawn Levy,"Owen Wilson, Joanna Garcia, Vince Vaughn, Aasif Mandvi","Drama, Comedy",119
1931,a2797,The Internship,2013,Shawn Levy,"Vince Vaughn, Owen Wilson, Rose Byrne",Comedy,119
1932,a1228,Erin Brockovich,2000,Steven Soderbergh,"Julia Roberts, Albert Finney, David Brisbin","Biography, Drama",131
1932,b1055,Erin Brockovich,2000,Steven Soderbergh,"Julia Roberts, Aaron Eckhart, Albert Finney, Marg Helgenberger","Drama, Comedy",131
1933,a1553,Sidewalks of New York,2001,Edward Burns,"Edward Burns, Heather Graham, Penny Balfour","Comedy, Romance",108
1933,b1352,Sidewalks of New York,2001,Edward Burns,"Edward Burns, Heather Graham, Stanley Tucci, Brittany Murphy","Drama, Romance, Comedy",107
1934,c3438,Lethal Weapon 4,1998,Richard Donner,"Mel Gibson, Danny Glover, Joe Pesci","Action, Crime, Thriller",127
1934,b3006,Lethal Weapon 4,1998,Richard Donner,"Danny Glover, Mel Gibson, Chris Rock, Jet Li",Action & Adventure,127
1935,a2273,Minotaur,2006,Jonathan English,"Tom Hardy, Michelle Van Der Water, Tony Todd","Adventure, Fantasy, Horror",93
1935,b2005,Minotaur,2006,Jonathan English,"Tom Hardy, Tony Todd, Rutger Hauer, Michelle Van Der Wat...","Action & Adventure, Horror, Science Fiction & Fantasy",102
1936,a2909,Saving Mr. Banks,2013,John Lee Hancock,"Emma Thompson, Tom Hanks, Annie Rose Buckley","Biography, Comedy, Drama, History, Music",125
1936,b2656,Saving Mr. Banks,2013,John Lee Hancock,"Emma Thompson, Tom Hanks, Colin Farrell, Bradley Whitford","Drama, Comedy",120
1936,d1435,saving mr. banks,2013,John Lee Hancock,"Emma Thompson,Tom Hanks,Colin Farrell,Paul Giamatti,Bradley Whitford,Jason Schwartzman,B. J. Novak,Kathy Baker,Rachel Griffiths,Ruth Wilson","Comedy, Drama",125
1937,b112,Detachment,2012,Tony Kaye,"Adrien Brody, Marcia Gay Harden, James Caan, Lucy Liu",Drama,100
1937,a113,Detachment,2012,Tony Kaye,"Adrien Brody, Christina Hendricks, Marcia Gay Harden",Drama,98
1938,a1713,Mindhunters,2005,Renny Harlin,"Val Kilmer, LL Cool J, Christian Slater","Crime, Mystery, Thriller",106
1938,b1497,Mindhunters,2005,Renny Harlin,"Val Kilmer, Christian Slater, Jonny Lee Miller, Eion Bailey","Action & Adventure, Drama, Mystery & Suspense, Science Fiction & Fantasy",106
1939,b67,Broken Roads,2012,Justin Chambers,"Sally Kirkland, Aidan Bristow, Shoshanna Bush, Rolonda Watts",Drama,152
1939,a66,Broken Roads,2012,Justin Chambers,"Sally Kirkland, Aidan Bristow, Shoshana Bush",Drama,
1940,a2970,World War Z,2013,Marc Forster,"Brad Pitt, Mireille Enos, Daniella Kertesz","Action, Adventure, Horror, Sci-Fi, Thriller",116
1940,d1650,world war z,2013,Marc Forster,"Brad Pitt,Mireille Enos,James Badge Dale,Peter Capaldi","Action, Drama, Horror, Science Fiction, Thriller",
1941,b2367,Surf's Up,2007,Ash Brannon,"Shia LaBeouf, Jeff Bridges, Zooey Deschanel, James Woods","Action & Adventure, Animation, Kids & Family",85
1941,a2594,Surf's Up,2007,Ash Brannon,"Shia LaBeouf, Zooey Deschanel, Jon Heder","Animation, Comedy, Family, Sport",85
1942,a1029,Powder Blue,2009,Timothy Linh Bui,"Jessica Biel, Eddie Redmayne, Forest Whitaker",Drama,106
1942,b958,Powder Blue,2009,Timothy Linh Bui,"Jessica Biel, Forest Whitaker, Ray Liotta, Patrick Swayze",Drama,108
1943,d3091,leatherheads,2008,George Clooney,"George Clooney,John Krasinski,Renee Zellweger,Jonathan Pryce,Wayne Duvall","Comedy, Romance",114
1943,a761,Leatherheads,2008,George Clooney,"George Clooney, Renée Zellweger, John Krasinski","Comedy, Drama, Romance, Sport",114
1943,b711,Leatherheads,2008,George Clooney,"George Clooney, Rene Zellweger, John Krasinski, Stephen Root","Comedy, Romance",114
1944,a1830,Broken Flowers,2005,Jim Jarmusch,"Bill Murray, Jessica Lange, Sharon Stone","Comedy, Drama, Mystery, Romance",106
1944,b1605,Broken Flowers,2005,Jim Jarmusch,"Bill Murray, Jeffrey Wright, Sharon Stone, Julie Delpy","Drama, Mystery & Suspense, Comedy",106
1945,a1878,Get Rich or Die Tryin',2005,Jim Sheridan,"50 Cent, Joy Bryant, Adewale Akinnuoye-Agbaje","Biography, Crime, Drama, Music",117
1945,d249,get rich or die tryin',2005,Jim Sheridan,"Terrence Howard,Joy Bryant,Bill Duke,Adewale Akinnouye-Agbaje,Omar Benson Miller,Viola Davis","Action, Adventure, Crime, Drama, Musical",117
1945,b1647,Get Rich or Die Tryin',2005,Jim Sheridan,"50 Cent, Benz Antoinee, Terrence Howard, Joy Bryant",Drama,116
1946,b279,Barry Munday,2010,Chris D'Arienzo,"Patrick Wilson, Judy Greer, Jean Smart, Chlo Sevigny",Comedy,98
1946,a285,Barry Munday,2010,Chris D'Arienzo,"Patrick Wilson, Judy Greer, Chloë Sevigny","Comedy, Romance",95
1947,b1189,Where the Heart Is,2000,Matt Williams,"Natalie Portman, Ashley Judd, Sally Field, Stockard Channing","Drama, Romance, Comedy",120
1947,a1370,Where the Heart Is,2000,Matt Williams,"Natalie Portman, James Frain, Ashley Judd","Comedy, Drama, Romance",120
1948,b1155,Small Time Crooks,2000,Woody Allen,"Woody Allen, Tracey Ullman, Michael Rapaport, Tony Darrow","Drama, Comedy",94
1948,a1334,Small Time Crooks,2000,Woody Allen,"Woody Allen, Tracey Ullman, Hugh Grant","Comedy, Crime",94
1949,a703,Deal,2008,Gil Cates Jr.,"Burt Reynolds, Bret Harrison, Maria Mason",Drama,86
1949,b655,Deal,2008,Gil Cates Jr.,"Bret Harrison, Burt Reynolds, Charles Durning, Shannon Elizabeth",Drama,86
1950,b1094,The Little Vampire,2000,Uli Edel,"Jonathan Lipnicki, Richard E. Grant, Jim Carter, Alice Krige","Action & Adventure, Kids & Family, Comedy",105
1950,a1269,The Little Vampire,2000,Uli Edel,"Jonathan Lipnicki, Rollo Weeks, Richard E. Grant","Adventure, Comedy, Family, Fantasy",95
1951,b1012,Almost Famous,2000,Cameron Crowe,"Billy Crudup, Frances McDormand, Kate Hudson, Jason Lee","Drama, Comedy",123
1951,a1181,Almost Famous,2000,Cameron Crowe,"Billy Crudup, Patrick Fugit, Kate Hudson","Drama, Music, Romance",122
1952,a1952,North Country,2005,Niki Caro,"Charlize Theron, Jeremy Renner, Frances McDormand",Drama,126
1952,b1718,North Country,2005,Niki Caro,"Charlize Theron, Frances McDormand, Sissy Spacek, Woody Harrelson",Drama,127
1953,b2670,The Smurfs 2,2013,Raja Gosnell,"Hank Azaria, Neil Patrick Harris, Brendan Gleeson, Jayma Mays","Comedy, Animation",105
1953,a2923,The Smurfs 2,2013,Raja Gosnell,"Neil Patrick Harris, Jayma Mays, Katy Perry","Animation, Adventure, Comedy, Family, Fantasy",105
1953,d1636,the smurfs 2,2013,Raja Gosnell,"Neil Patrick Harris,Christina Ricci,Katy Perry,Hank Azaria","Animation, Comedy, Family, Fantasy",
1954,b1125,Picking Up the Pieces,2000,Alfonso Arau,"Woody Allen, Sharon Stone, David Schwimmer, Maria Grazia Cucinot...",Comedy,91
1954,a1302,Picking Up the Pieces,2000,Alfonso Arau,"Woody Allen, David Schwimmer, Angélica Aragón","Comedy, Fantasy",95
1955,d1895,life of pi,2012,Ang Lee,"Suraj Sharma,Tabu,Gerard Depardieu,Rafe Spall","Action, Adventure, Drama",127
1955,b178,Life of Pi,2012,Ang Lee,"Suraj Sharma, Irrfan Khan, Tabu, Grard Depardieu","Drama, Action & Adventure",127
1955,a181,Life of Pi,2012,Ang Lee,"Suraj Sharma, Irrfan Khan, Adil Hussain","Adventure, Drama, Fantasy",127
1956,a961,I Hope They Serve Beer in Hell,2009,Bob Gosse,"Matt Czuchry, Geoff Stults, Jesse Bradford",Comedy,105
1956,b894,I Hope They Serve Beer in Hell,2009,Bob Gosse,"Matt Czuchry, Jesse Bradford, Keri Lynn Pratt, Marika Dominczyk",Comedy,105
1957,b1636,Everything is Illuminated,2005,Liev Schreiber,"Elijah Wood, Eugene Hutz, Laryssa Lauret, Oleksandr Choroshko","Drama, Action & Adventure, Comedy",100
1957,a1865,Everything Is Illuminated,2005,Liev Schreiber,"Elijah Wood, Eugene Hutz, Boris Leskin","Comedy, Drama",106
1958,b847,The Collector,2009,Marcus Dunstan,"Josh Stewart, Michael Reilly Burke, Andrea Roth, Juan Fernndez","Mystery & Suspense, Horror",88
1958,a911,The Collector,2009,Marcus Dunstan,"Josh Stewart, Andrea Roth, Juan Fernández","Horror, Thriller",90
1959,a2897,A Resurrection,2013,Matt Orlando,"Mischa Barton, Brenden Meers, Devon Sawa","Horror, Thriller",89
1959,b2645,A Resurrection,2013,Matt Orlando,"Mischa Barton, Devon Sawa, Michael Clarke Dunca..., Nicholas Jandl","Mystery & Suspense, Horror",90
1960,b997,Whatever Works,2009,Woody Allen,"Larry David, Evan Rachel Wood, Ed Begley Jr., Patricia Clarkson","Comedy, Romance",92
1960,a1074,Whatever Works,2009,Woody Allen,"Evan Rachel Wood, Larry David, Henry Cavill","Comedy, Romance",92
1961,a1459,Head Over Heels,2001,Mark Waters,"Monica Potter, Freddie Prinze Jr., Shalom Harlow","Comedy, Mystery, Romance",86
1961,b1268,Head over Heels,2001,Mark Waters,"Monica Potter, Stanley DeSantis, Ivana Milicevic, Shalom Harlow","Comedy, Romance",86
1962,a545,The Good Doctor,2012,Lance Daly,"Orlando Bloom, Riley Keough, Taraji P. Henson","Drama, Thriller",93
1962,b513,The Good Doctor,2012,Lance Daly,"Orlando Bloom, Riley Keough, Rob Morrow, Troy Garity","Mystery & Suspense, Drama",90
1963,b598,The Son of No One,2011,Dito Montiel,"Al Pacino, Channing Tatum, James Ransone, Ray Liotta","Mystery & Suspense, Action & Adventure",94
1963,a636,The Son of No One,2011,Dito Montiel,"Channing Tatum, Al Pacino, Juliette Binoche","Crime, Drama, Thriller",90
1963,d2099,the son of no one,2011,Dino Montiel,"Al Pacino,Channing Tatum,Ray Liotta,Katie Holmes,Juliette Binoche,Tracy Morgan","Crime, Drama, Thriller",90
1964,b970,Shrink,2009,Jonas Pate,"Kevin Spacey, Dallas Roberts, Jack Huston, Keke Palmer","Drama, Comedy",104
1964,d2732,shrink,2009,Jonas Pate,"Kevin Spacey,Robin Williams,Saffron Burrows,Keke Palmer,Dallas Roberts,Pell James,Jack Huston,Mark Webber,Robert Loggia,Laura Ramsey","Comedy, Drama, Indie",104
1964,a1041,Shrink,2009,Jonas Pate,"Kevin Spacey, Mark Webber, Keke Palmer","Comedy, Drama",104
1965,b974,Sorority Row,2009,Stewart Hendler,"Briana Evigan, Carrie Fisher, Margo Harshman, Audrina Patridge",Horror,101
1965,a1047,Sorority Row,2009,Stewart Hendler,"Briana Evigan, Rumer Willis, Carrie Fisher","Horror, Mystery",101
1966,b1025,Before Night Falls,2001,Julian Schnabel,"Javier Bardem, Olivier Martinez, Hector Babenco, Johnny Depp",Drama,125
1966,a1193,Before Night Falls,2001,Julian Schnabel,"Javier Bardem, Johnny Depp, Olatz López Garmendia","Biography, Drama",133
1967,a1065,The Ugly Truth,2009,Robert Luketic,"Katherine Heigl, Gerard Butler, Bree Turner","Comedy, Romance",96
1967,d2731,the ugly truth,2009,Robert Luketic,"Katherine Heigl,Gerard Butler,Eric Winter,Bree Turner,Nick Searcy,Kevin Connolly,Cheryl Hines,Bonnie Somerville","Comedy, Romance",96
1967,b988,The Ugly Truth,2009,Robert Luketic,"Katherine Heigl, Gerard Butler, Eric Winter, John Michael Higgins","Comedy, Romance",96
1968,a342,Going the Distance,2010,Nanette Burstein,"Drew Barrymore, Justin Long, Ron Livingston","Comedy, Romance",102
1968,b331,Going the Distance,2010,Nanette Burstein,"Drew Barrymore, Justin Long, Charlie Day, Jason Sudeikis","Comedy, Romance",97
1969,b1016,Autumn in New York,2000,Joan Chen,"Richard Gere, Winona Ryder, Elaine Stritch, Vera Farmiga","Drama, Romance",103
1969,a1186,Autumn in New York,2000,Joan Chen,"Richard Gere, Winona Ryder, Anthony LaPaglia",Drama,103
1970,b1171,Timecode,2000,Mike Figgis,"Saffron Burrows, Salma Hayek, Jeanne Tripplehorn, Holly Hunter","Drama, Comedy",97
1970,a1351,Timecode,2000,Mike Figgis,"Jeanne Tripplehorn, Stellan Skarsgård, Salma Hayek",Drama,97
1971,b1614,Cinderella Man,2005,Ron Howard,"Russell Crowe, Rene Zellweger, Paul Giamatti, Craig Bierko","Drama, Action & Adventure",144
1971,a1840,Cinderella Man,2005,Ron Howard,"Russell Crowe, Renée Zellweger, Craig Bierko","Biography, Drama, Sport",144
1972,a2389,Thank You for Smoking,2006,Jason Reitman,"Aaron Eckhart, Cameron Bright, Maria Bello","Comedy, Drama",92
1972,b2100,Thank You for Smoking,2006,Jason Reitman,"Aaron Eckhart, Maria Bello, Katie Holmes, Mary Jo Smith","Drama, Comedy",95
1972,d180,thank you for smoking,2006,Jason Reitman,"Aaron Eckhart,Maria Bello,Cameron Bright,Adam Brody,Sam Elliott,Katie Holmes,David Koechner,William H. Macy,Rob Lowe,Robert Duvall","Comedy, Drama",92
1973,a2567,Seraphim Falls,2007,David Von Ancken,"Pierce Brosnan, Liam Neeson, Anjelica Huston","Action, Drama, Thriller, War, Western",115
1973,c2342,Seraphim Falls,2006,David Von Ancken,"Pierce Brosnan, Liam Neeson, Anjelica Huston","Action, Drama, Thriller",115
1973,b2341,Seraphim Falls,2007,David Von Ancken,"Liam Neeson, Pierce Brosnan, Michael Wincott, Ed Lauter","Western, Drama, Action & Adventure, Mystery & Suspense",112
1974,b1271,Hedwig and the Angry Inch,2001,John Cameron Mitchell,"John Cameron Mitchel..., Michael Pitt, Miriam Shor, Stephen Trask","Drama, Musical & Performing Arts, Comedy",91
1974,a1462,Hedwig and the Angry Inch,2001,John Cameron Mitchell,"John Cameron Mitchell, Miriam Shor, Stephen Trask","Comedy, Drama, Music, Musical",95
1975,a300,Charlie St. Cloud,2010,Burr Steers,"Zac Efron, Kim Basinger, Charlie Tahan","Drama, Fantasy, Romance",99
1975,b293,Charlie St. Cloud,2010,Burr Steers,"Zac Efron, Charlie Tahan, Amanda Crew, Augustus Prew",Drama,98
1976,d1980,ice age: continental drift,2012,"Steve Martino,Michael Thurmeier","Ray Romano,John Leguizamo,Denis Leary,Chris Wedge,Seann William Scott,Josh Peck,Peter Dinklage,Wanda Sykes,Jennifer Lopez,Queen Latifah","Adventure, Animation, Comedy, Family",88
1976,a169,Ice Age: Continental Drift,2012,Steve Martino,"Ray Romano, Denis Leary, John Leguizamo","Animation, Adventure, Comedy, Family",88
1976,b167,Ice Age: Continental Drift,2012,Michael Thurmeier,"Ray Romano, John Leguizamo, Denis Leary, Queen Latifah","Action & Adventure, Animation, Kids & Family, Comedy",87
1977,b2529,A Haunted House,2013,Michael Tiddes,"Marlon Wayans, Essence Atkins, Cedric the Entertain..., Nick Swardson",Comedy,86
1977,a2766,A Haunted House,2013,Michael Tiddes,"Marlon Wayans, Essence Atkins, Marlene Forte","Comedy, Horror",86
1978,a2410,When a Stranger Calls,2006,Simon West,"Camilla Belle, Tommy Flanagan, Katie Cassidy","Horror, Thriller",87
1978,b2121,When a Stranger Calls,2006,Simon West,"Camilla Belle, Tessa Thompson, Brian Geraghty, Katie Cassidy","Mystery & Suspense, Horror",87
1979,b2655,Saving Lincoln,2013,Salvador Litvak,"Tom Amandes, Penelope Ann Miller, Creed Bratton, Bruce Davison",Drama,101
1979,a2907,Saving Lincoln,2013,Salvador Litvak,"Tom Amandes, Lea Coco, Penelope Ann Miller",Biography,101
1980,b1021,Beat,2000,Gary Walkow,"Courtney Love, Norman Reedus, Ron Livingston, Kiefer Sutherland",Drama,89
1980,a1190,Beat,2000,Gary Walkow,"Courtney Love, Kiefer Sutherland, Lisa Sheridan",Drama,93
1981,d1253,the face of love,2014,Arie Posin,"Robin Williams,Ed Harris,Annette Bening,Amy Brenneman,Jess Weixler,Linda Park,Kim Farris,Jeffrey Vincent Parise,Nathan Clarkson,Leah Shaw","Drama, Romance",92
1981,d1751,the end of love,2013,,"Frankie Shaw,Michael Cera","Drama, Foreign",90
1981,a128,The End of Love,2012,Mark Webber,"Mark Webber, Alia Shawkat, Shannyn Sossamon",Drama,89
1981,b124,The End of Love,2013,Mark Webber,"Mark Webber, Shannyn Sossamon, Amanda Seyfried, Michael Bacall",Drama,90
1981,b2492,The Face of Love,2014,Arie Posin,"Annette Bening, Ed Harris, Robin Williams, Amy Brenneman","Drama, Romance, Comedy",92
1981,a2727,The Face of Love,2013,Arie Posin,"Annette Bening, Ed Harris, Robin Williams","Drama, Romance",92
1982,a151,Gayby,2012,Jonathan Lisecki,"Jenn Harris, Anna Margaret Hollyman, Matthew Wilkas","Comedy, Drama",89
1982,b148,Gayby,2012,Jonathan Lisecki,"Jenn Harris, Matthew Wilkas, Mike Doyle, Anna Margaret Hollym...","Drama, Comedy",89
1983,b2438,Bless Me Ultima,2013,Carl Franklin,"Miriam Colon, Luke Ganalon, Benito Martinez, Dolores Heredia",Drama,106
1983,d1742,"bless me, ultima",2012,Carl Franklin,"Luke Ganalon,Miriam Colon,Dolores Heredia,Benito Martinez",,106
1983,a2667,Bless Me Ultima,2013,Carl Franklin,"Luke Ganalon, Joseph A. Garcia, Miriam Colon","Drama, War",106
1984,a1033,The Proposal,2009,Anne Fletcher,"Sandra Bullock, Ryan Reynolds, Mary Steenburgen","Comedy, Drama, Romance",108
1984,b962,The Proposal,2009,Anne Fletcher,"Sandra Bullock, Ryan Reynolds, Malin Akerman, Craig T. Nelson","Comedy, Romance",107
1985,a1444,Frailty,2002,Bill Paxton,"Bill Paxton, Matthew McConaughey, Powers Boothe","Crime, Drama, Thriller",100
1985,b1255,Frailty,2002,Bill Paxton,"Bill Paxton, Matthew McConaughey, Matt O'Leary, Jeremy Sumpter","Mystery & Suspense, Horror",99
1986,a1483,Kiss of the Dragon,2001,Chris Nahon,"Jet Li, Bridget Fonda, Tchéky Karyo","Action, Crime, Drama, Thriller",98
1986,b1292,Kiss of the Dragon,2001,Chris Nahon,"Jet Li, Bridget Fonda, Tcheky Karyo, Ric Young","Drama, Action & Adventure, Mystery & Suspense",97
1987,a1429,Dr. Dolittle 2,2001,Steve Carr,"Eddie Murphy, Cedric the Entertainer, Kristen Wilson","Comedy, Family, Fantasy, Romance",87
1987,b1244,Dr. Dolittle 2,2001,Steve Carr,"Eddie Murphy, Joseph Bologna, Kristen Wilson, Raven","Comedy, Kids & Family",87
1988,a857,What Happens in Vegas,2008,Tom Vaughan,"Cameron Diaz, Ashton Kutcher, Rob Corddry","Comedy, Romance",99
1988,b801,What Happens in Vegas,2008,Tom Vaughan,"Cameron Diaz, Ashton Kutcher, Jason Sudeikis, Treat Williams","Comedy, Romance",99
1989,a442,Solitary Man,2010,Brian Koppelman,"Michael Douglas, Susan Sarandon, Jesse Eisenberg","Comedy, Drama, Romance",90
1989,b421,Solitary Man,2010,Brian Koppelman,"Michael Douglas, Susan Sarandon, Danny DeVito, Mary-Louise Parker","Drama, Comedy",90
1990,b640,Beverly Hills Chihuahua,2008,Raja Gosnell,"Drew Barrymore, Andy Garcia, Jamie Lee Curtis, George Lopez",Comedy,91
1990,a686,Beverly Hills Chihuahua,2008,Raja Gosnell,"Drew Barrymore, George Lopez, Piper Perabo","Adventure, Comedy, Drama, Family, Romance",91
1991,d1477,the book thief,2013,Brian Percival,"Geoffrey Rush,Emily Watson,Sophie Nélisse,Ben Schnetzer,Nico Liersch,Joachim Paul Assböck,Sandra Nedeleff,Kirsten Block,Joachim Paul Assböck,Matthias Matschke",Drama,
1991,b2444,The Book Thief,2013,Brian Percival,"Geoffrey Rush, Emily Watson, Sophie Nlisse, Ben Schnetzer",Drama,130
1991,a2673,The Book Thief,2013,Brian Percival,"Sophie Nélisse, Geoffrey Rush, Emily Watson","Drama, War",131
1992,a2006,War of the Worlds,2005,Steven Spielberg,"Tom Cruise, Dakota Fanning, Tim Robbins","Adventure, Sci-Fi, Thriller",116
1992,b1771,War of the Worlds,2005,Steven Spielberg,"Tom Cruise, Dakota Fanning, Justin Chatwin, Miranda Otto","Action & Adventure, Science Fiction & Fantasy",117
1993,b3074,Rush Hour,1998,Brett Ratner,"Jackie Chan, Chris Tucker, Elizabeth Pea, Tom Wilkinson","Action & Adventure, Comedy",97
1993,c3429,Rush Hour,1998,Brett Ratner,"Jackie Chan, Chris Tucker, Ken Leung","Action, Comedy, Crime",98
1994,a772,Meet Dave,2008,Brian Robbins,"Eddie Murphy, Elizabeth Banks, Gabrielle Union","Adventure, Comedy, Family, Romance, Sci-Fi",90
1994,b722,Meet Dave,2008,Brian Robbins,"Eddie Murphy, Elizabeth Banks, Scott Caan, Marc Blucas","Science Fiction & Fantasy, Comedy",90
1995,a947,The Grudge 3,2009,Toby Wilkins,"Matthew Knight, Shawnee Smith, Mike Straub","Horror, Mystery, Thriller",90
1995,b883,The Grudge 3,2009,Toby Wilkins,"Matthew Knight, Shawnee Smith, Shimba Tsuchiya, Beau Mirchoff","Horror, Mystery & Suspense, Science Fiction & Fantasy",91
1996,b1928,Gridiron Gang,2006,Phil Joanou,"Dwayne ""The Rock"" Jo..., Xzibit, L. Scott Caldwell, Leon Rippy","Drama, Action & Adventure",120
1996,a2188,Gridiron Gang,2006,Phil Joanou,"Dwayne Johnson, Xzibit, L. Scott Caldwell","Crime, Drama, Sport",125
1997,a1852,Diary of a Mad Black Woman,2005,Darren Grant,"Kimberly Elise, Steve Harris, Tyler Perry","Comedy, Drama, Romance",116
1997,b1627,Diary of a Mad Black Woman,2005,Darren Grant,"Kimberly Elise, Tyler Perry, Shemar Moore, Tamara Taylor",Comedy,103
1998,a1477,Jurassic Park III,2001,Joe Johnston,"Sam Neill, William H. Macy, Téa Leoni","Action, Adventure, Sci-Fi, Thriller",92
1998,b1286,Jurassic Park III,2001,Joe Johnston,"Sam Neill, William H. Macy, Ta Leoni, Alessandro Nivola","Action & Adventure, Mystery & Suspense, Science Fiction & Fantasy",92
1999,b271,Goodbye Promise,2012,David Branin,"Brian Durkin, Gregor Collins, Karen Worden, Sarah Prikryl",Drama,
1999,a276,Goodbye Promise,2012,David Branin,"Gregor Collins, Sarah Prikryl, Todd Cattell",Drama,
2000,a1236,Frequency,2000,Gregory Hoblit,"Dennis Quaid, Jim Caviezel, Shawn Doyle","Crime, Drama, Sci-Fi, Thriller",118
2000,b1063,Frequency,2000,Gregory Hoblit,"Dennis Quaid, Shawn Doyle, Andre Braugher, Elizabeth Mitchell","Drama, Action & Adventure, Mystery & Suspense, Science Fiction & Fantasy",121
2001,a2327,The Lucky Ones,2008,Neil Burger,"Rachel McAdams, Tim Robbins, Michael Peña","Comedy, Drama, War",115
2001,b714,The Lucky Ones,2008,Neil Burger,"Rachel McAdams, Tim Robbins, Michael Pea, Annie Corley","Drama, Comedy",112
2001,d2928,the lucky ones,2008,Neil Burger,"Rachel McAdams,Tim Robbins,Michael Pena,John Heard","Comedy, Drama, History, Indie",113
2002,c2251,Mission: Impossible III,2006,J.J. Abrams,"Tom Cruise, Michelle Monaghan, Ving Rhames","Action, Adventure, Thriller",126
2002,b1109,Mission: Impossible III,2006,J.J. Abrams,"Tom Cruise, Philip Seymour Hoffm..., Ving Rhames, Billy Crudup","Mystery & Suspense, Action & Adventure",127
2002,d154,mission: impossible iii,2006,,"Tom Cruise,Philip Seymour Hoffman,Ving Rhames,Keri Russell,Laurence Fishburne,Billy Crudup,Jonathan Rhys-Meyers,Michelle Monaghan","Action, Adventure, Thriller",126
2003,a2463,I Could Never Be Your Woman,2007,Amy Heckerling,"Michelle Pfeiffer, Paul Rudd, Saoirse Ronan","Comedy, Drama, Romance",97
2003,b2247,I Could Never Be Your Woman,2007,Amy Heckerling,"Michelle Pfeiffer, Paul Rudd, Stacey Dash, Sarah Alexander","Comedy, Romance",97
2004,d3075,paranoid park,2008,Gus Van Sant,"Gabe Nevins,Jake Miller,Lauren McKinney,Taylor Momsen,Daniel Liu","Crime, Drama, Indie",85
2004,b2313,Paranoid Park,2007,Gus Van Sant,"Gabe Nevins, Taylor Momsen, Jake Miller, Dan Liu","Art House & International, Drama",84
2004,a2539,Paranoid Park,2007,Gus Van Sant,"Gabe Nevins, Daniel Liu, Taylor Momsen","Crime, Drama, Mystery",85
2005,d2518,kick-ass,2010,Matthew Vaughn,"Aaron Johnson,Nicolas Cage,Chloe Grace Moretz,Christopher Mintz-Plasse,Mark Strong,Michael Rispoli","Action, Adventure, Comedy, Foreign",117
2005,b355,Kick-Ass,2010,Matthew Vaughn,"Aaron Taylor-Johnson, Nicolas Cage, Christopher Mintz-Pl..., Mark Strong (II)","Drama, Action & Adventure, Comedy",117
2005,a372,Kick-Ass,2010,Matthew Vaughn,"Aaron Taylor-Johnson, Nicolas Cage, Chloë Grace Moretz","Action, Comedy",117
2006,d302,something new,2006,Sanaa Hamri,"Sanaa Lathan,Simon Baker,Mike Epps,Donald Faison,Alfre Woodard,Blair Underwood,Golden Brooks,Wendy Raquel Robinson,Taraji P. Henson,Earl Billings","Comedy, Drama, Romance",99
2006,a2367,Something New,2006,Sanaa Hamri,"Sanaa Lathan, Simon Baker, Golden Brooks","Comedy, Drama, Romance",99
2006,b2085,Something New,2006,Sanaa Hamri,"Sanaa Lathan, Simon Baker, Mike Epps, Donald Faison","Drama, Romance, Comedy",100
2007,b1035,Cast Away,2000,Robert Zemeckis,"Tom Hanks, Helen Hunt, Nick Searcy, Chris Noth","Drama, Action & Adventure",143
2007,a1205,Cast Away,2000,Robert Zemeckis,"Tom Hanks, Helen Hunt, Paul Sanchez","Adventure, Drama",143
2008,b1980,Last Holiday,2006,Wayne Wang,"Queen Latifah, Timothy Hutton, Giancarlo Esposito, Alicia Witt","Drama, Action & Adventure, Comedy",111
2008,d293,last holiday,2006,Wayne Wang,"Queen Latifah,Ll Cool J,Timothy Hutton,Giancarlo Esposito,Michael Nouri,Alicia Witt,Gerard Depardieu,Ranjit Chowdhry,Jane Adams,Mike Estime,Susan Kellermann","Adventure, Comedy, Holiday, Romance",112
2008,a2245,Last Holiday,2006,Wayne Wang,"Queen Latifah, LL Cool J, Timothy Hutton","Adventure, Comedy, Drama",112
2009,a2511,Mr. Brooks,2007,Bruce A. Evans,"Kevin Costner, Demi Moore, William Hurt","Crime, Drama, Mystery, Thriller",120
2009,b2289,Mr. Brooks,2007,Bruce A. Evans,"Kevin Costner, Demi Moore, Dane Cook, Marg Helgenberger","Mystery & Suspense, Drama",120
2010,a221,Puppet Master X: Axis Rising,2012,Charles Band,"Kip Canyon, Jean Louise O'Sullivan, Oto Brezina","Fantasy, Horror, Sci-Fi",86
2010,b216,Puppet Master X: Axis Rising,2012,Charles Band,"Kip Canyon, Paul Thomas Anderson, Jean Louise Sullivan, Oto Brezina",Horror,88
2011,a1803,Woman Thou Art Loosed,2004,Michael Schultz,"Kimberly Elise, T.D. Jakes, Michael Boatman",Drama,94
2011,b1580,Woman Thou Art Loosed,2004,Michael Schultz,"Kimberly Elise, Loretta Devine, Debbi Morgan, Michael Boatman",Drama,99
2012,b2015,Nacho Libre,2006,Jared Hess,"Jack Black, Hctor Jimnez, Ana de la Reguera, Richard Montoya","Documentary, Kids & Family, Comedy",100
2012,a2283,Nacho Libre,2006,Jared Hess,"Jack Black, Ana de la Reguera, Héctor Jiménez","Comedy, Family, Sport",92
2012,d200,nacho libre,2006,,"Jack Black,Hector Jimenez,Richard Montoya,Lauro Chartrand,Troy Gentile,Moises Arias,Cesar Gonzalez","Comedy, Family, Sports Film",92
2013,b1408,Chasing Liberty,2004,Andy Cadiff,"Mandy Moore, Matthew Goode, Jeremy Piven, Annabella Sciorra","Drama, Action & Adventure, Romance, Comedy",111
2013,a1624,Chasing Liberty,2004,Andy Cadiff,"Mandy Moore, Matthew Goode, Mark Harmon","Comedy, Romance",111
2014,b277,Alpha and Omega,2010,Anthony Bell,"Justin Long, Hayden Panettiere, Dennis Hopper, Danny Glover","Action & Adventure, Animation, Kids & Family, Comedy",88
2014,a283,Alpha and Omega,2010,Anthony Bell,"Hayden Panettiere, Christina Ricci, Justin Long","Animation, Adventure, Comedy, Family, Romance",90
2015,a2777,The Hot Flashes,2013,Susan Seidelman,"Brooke Shields, Wanda Sykes, Daryl Hannah",Comedy,99
2015,b2537,The Hot Flashes,2013,Susan Seidelman,"Brooke Shields, Daryl Hannah, Virginia Madsen, Camryn Manheim",Comedy,99
2016,a237,Seeking a Friend for the End of the World,2012,Lorene Scafaria,"Steve Carell, Keira Knightley, Melanie Lynskey","Adventure, Comedy, Drama, Romance, Sci-Fi",101
2016,b234,Seeking a Friend for the End of the World,2012,Lorene Scafaria,"Steve Carell, Keira Knightley, Connie Britton, Adam Brody",Comedy,101
2016,d1996,seeking a friend for the end of the world,2012,Lorene Scafaria,"Steve Carell,Nancy Carell,Keira Knightley,Rob Corddry,Patton Oswalt,Derek Luke","Comedy, Drama, Romance, Science Fiction",101
2017,b1018,Bamboozled,2000,Spike Lee,"Damon Wayans, Savion Glover, Tommy Davidson, Michael Rapaport","Drama, Television, Comedy",135
2017,a1187,Bamboozled,2000,Spike Lee,"Damon Wayans, Savion Glover, Jada Pinkett Smith","Comedy, Drama, Music",135
2018,a1167,Feel the Noise,2007,Alejandro Chomski,"Omarion Grandberry, Giancarlo Esposito, Melonie Diaz","Drama, Music",86
2018,b2206,Feel the Noise,2007,Alejandro Chomski,"Rosa Arredondo, Omarion Grandberry, Giancarlo Esposito, James McCaffrey",Drama,89
2019,c81,Phantom,2015,Kabir Khan,"Saif Ali Khan, Katrina Kaif, Sabyasachi Chakraborty","Action, Drama, Thriller",136
2019,b3049,Phantom,2015,Kabir Khan,"Saif Ali Khan, Katrina Kaif, Rajesh Tailang, Elyas Ahmad","Drama, Action & Adventure, Art House & International, Mystery & Suspense",136
2020,a1130,The Brothers Solomon,2007,Bob Odenkirk,"Will Arnett, Will Forte, Jenna Fischer",Comedy,93
2020,b2175,The Brothers Solomon,2007,Bob Odenkirk,"Will Arnett, Will Forte, Chi McBride, Kristen Wiig",Comedy,93
2021,b1637,The Exorcism of Emily Rose,2005,Scott Derrickson,"Laura Linney, Tom Wilkinson, Campbell Scott, Jennifer Carpenter","Drama, Horror, Mystery & Suspense",114
2021,a1866,The Exorcism of Emily Rose,2005,Scott Derrickson,"Laura Linney, Tom Wilkinson, Shohreh Aghdashloo","Drama, Horror, Thriller",119
2022,b125,End of Watch,2012,David Ayer,"Jake Gyllenhaal, Michael Pea, Anna Kendrick, America Ferrera",Drama,109
2022,a129,End of Watch,2012,David Ayer,"Jake Gyllenhaal, Michael Peña, Anna Kendrick","Crime, Drama, Thriller",109
2022,d1834,end of watch,2012,David Ayer,"Jake Gyllenhaal,Michael Pena,Natalie Martinez,Annna Kendrick,Frank Grillo,David Harbour","Crime, Drama, Mystery, Thriller",109
2023,a1180,All the Pretty Horses,2000,Billy Bob Thornton,"Matt Damon, Penélope Cruz, Henry Thomas","Drama, Romance, Western",116
2023,b1011,All the Pretty Horses,2000,Billy Bob Thornton,"Matt Damon, Henry Thomas, Penelope Cruz, Lucas Black","Mystery & Suspense, Drama",116
2024,b1384,Alfie,2004,Charles Shyer,"Jude Law, Marisa Tomei, Omar Epps, Susan Sarandon","Drama, Romance, Comedy",105
2024,a1593,Alfie,2004,Charles Shyer,"Jude Law, Sienna Miller, Susan Sarandon","Comedy, Drama, Romance",103
2025,b2042,The Prestige,2006,Christopher Nolan,"Hugh Jackman, Christian Bale, Michael Caine, Piper Perabo","Drama, Action & Adventure, Mystery & Suspense",130
2025,a2318,The Prestige,2006,Christopher Nolan,"Christian Bale, Hugh Jackman, Scarlett Johansson","Drama, Mystery, Thriller",130
2025,d3154,the prestige,2007,Christopher Nolan,"Hugh Jackman,Christian Bale,Michael Caine,Piper Perabo,Rebecca Hall,Scarlett Johansson,David Bowie,Andy Serkis","Drama, Fantasy, Mystery, Thriller",130
2026,c3439,One Tough Cop,1998,Bruno Barreto,"Stephen Baldwin, Chris Penn, Gina Gershon","Action, Crime",90
2026,b3035,One Tough Cop,1998,Bruno Barreto,"Stephen Baldwin, Chris Penn, Mike McGlone, Michael McGlone","Drama, Action & Adventure",90
2027,b1053,Duets,2000,Bruce Paltrow,"Gwyneth Paltrow, Andre Braugher, Paul Giamatti, Maria Bello","Drama, Action & Adventure, Comedy",112
2027,a1225,Duets,2000,Bruce Paltrow,"Huey Lewis, Gwyneth Paltrow, Paul Giamatti","Comedy, Drama, Music",112
2028,b1270,Hearts in Atlantis,2001,Scott Hicks,"Anthony Hopkins, Hope Davis, David Morse, Mika Boorem","Mystery & Suspense, Drama",101
2028,a1461,Hearts in Atlantis,2001,Scott Hicks,"Anthony Hopkins, Anton Yelchin, Hope Davis","Drama, Mystery",101
2029,a2816,Kiss of the Damned,2013,Xan Cassavetes,"Joséphine de La Baume, Milo Ventimiglia, Roxane Mesquida","Drama, Horror, Romance",97
2029,b2572,Kiss Of The Damned,2013,Xan Cassavetes,"Josephine de la Baum..., Milo Ventimiglia, Roxane Mesquida, Anna Mouglalis","Drama, Horror",97
2030,a1397,Baby Boy,2001,John Singleton,"AlexSandra Wright, Tyrese Gibson, Taraji P. Henson","Comedy, Crime, Drama, Romance, Thriller",130
2030,b1215,Baby Boy,2001,John Singleton,"Tyrese Gibson, Taraji P. Henson, Omar Gooding, Tamara LaSeon Bass",Drama,130
2031,b1745,The Skeleton Key,2005,Iain Softley,"Kate Hudson, Gena Rowlands, John Hurt, Peter Sarsgaard","Drama, Horror, Romance, Mystery & Suspense",104
2031,a1979,The Skeleton Key,2005,Iain Softley,"Kate Hudson, Peter Sarsgaard, Joy Bryant","Horror, Mystery, Thriller",104
2032,b1002,Year One,2009,Harold Ramis,"Jack Black, Michael Cera, Oliver Platt, David Cross","Action & Adventure, Comedy",97
2032,a1079,Year One,2009,Harold Ramis,"Jack Black, Michael Cera, Olivia Wilde","Adventure, Comedy",97
2033,a2025,Abominable,2006,Ryan Schifrin,"Matt McCoy, Haley Joel, Christien Tinsley","Horror, Thriller",94
2033,b1786,Abominable,2006,Ryan Schifrin,"Matt McCoy, Haley Joel, Hayley Joel, George Andrews",Horror,94
2034,d2371,hereafter,2010,Clint Eastwood,"Matt Damon,Cecile De France,Jay Mohr,Bryce Dallas Howard,Frankie McLaren,Thierry Neuvic,Marthe Keller,Derek Jacobi","Drama, Fantasy, Mystery, Thriller",129
2034,a350,Hereafter,2010,Clint Eastwood,"Matt Damon, Cécile De France, Bryce Dallas Howard","Drama, Fantasy",129
2034,b338,Hereafter,2010,Clint Eastwood,"Matt Damon, Bryce Dallas Howard, Jay Mohr, Richard Kind","Mystery & Suspense, Drama",126
2035,a2487,The Last Mimzy,2007,Robert Shaye,"Joely Richardson, Rainn Wilson, Timothy Hutton","Family, Sci-Fi",90
2035,b2267,The Last Mimzy,2007,Robert Shaye,"Chris O'Neil, Joely Richardson, Chris O'Neill, Timothy Hutton","Drama, Action & Adventure, Kids & Family",96
2036,a2522,Netherbeast Incorporated,2007,Dean Matthew Ronalds,"Darrell Hammond, Steve Burns, Judd Nelson","Comedy, Horror",93
2036,b2298,Netherbeast Incorporated,2007,Dean Matthew Ronalds,"Darrell Hammond, Judd Nelson, Dave Foley, Amy Davidson","Horror, Comedy",93
2037,a2169,The Fountain,2006,Darren Aronofsky,"Hugh Jackman, Rachel Weisz, Sean Patrick Thomas","Drama, Romance, Sci-Fi",96
2037,b1914,The Fountain,2006,Darren Aronofsky,"Hugh Jackman, Rachel Weisz, Ellen Burstyn, Mark Margolis","Drama, Science Fiction & Fantasy",95
2037,d3165,the fountain,2007,"Darren Aronofsky, Darren Aronofsky","Hugh Jackman,Rachel Weisz,Ellen Burstyn,Mark Margolis,Stephen McHattie,Sean Patrick Thomas","Adventure, Drama, Romance, Science Fiction",96
2038,c2664,Friday Night Lights,2004,Peter Berg,"Billy Bob Thornton, Jay Hernandez, Derek Luke","Action, Drama, Sport",118
2038,b1447,Friday Night Lights,2004,Peter Berg,"Billy Bob Thornton, Lucas Black, Derek Luke, Lee Thompson Young","Drama, Action & Adventure",117
2039,a463,Vampires Suck,2010,Jason Friedberg,"Jenn Proske, Matt Lanter, Diedrich Bader",Comedy,82
2039,b440,Vampires Suck,2010,Jason Friedberg,"Matt Lanter, Chris Riggi, Ken Jeong, Jenn Proske",Comedy,82
2040,a2060,Beerfest,2006,Jay Chandrasekhar,"Jay Chandrasekhar, Kevin Heffernan, Steve Lemme",Comedy,110
2040,b1817,Beerfest,2006,Jay Chandrasekhar,"Paul Soter, Erik Stolhanske, Steve Lemme, Kevin Heffernan","Sports & Fitness, Comedy",112
2041,b668,The Express,2008,Gary Fleder,"Dennis Quaid, Nelsan Ellis, Rob Brown (VI), Clancy Brown",Drama,130
2041,d2930,the express,2008,Gary Fleder,"Rob Brown,Dennis Quaid,Omar Benson Miller,Darrin DeWitt Henson,Charles S. Dutton",Drama,130
2041,a715,The Express,2008,Gary Fleder,"Rob Brown, Dennis Quaid, Clancy Brown","Biography, Drama, Sport",130
2042,b2155,The Assassination of Jesse James by the Coward Robert Ford,2007,Andrew Dominik,"Brad Pitt, Casey Affleck, Mary-Louise Parker, Brooklynn Proulx","Western, Drama, Action & Adventure",159
2042,d33,the assassination of jesse james by the coward robert ford,2007,Andrew Dominik,"Brad Pitt,Casey Affleck,Sam Shepard,Mary-Louise Parker,Paul Schneider,Jeremy Renner,Garret Dillahunt,Zooey Deschanel,Michael Parks,Ted Levine,Sam Rockwell,Alison Elliott,James Carville,Tom Aldredge,Kailin See,Hugh Ross","Action, Drama, Western",160
2042,a1108,The Assassination of Jesse James by the Coward Robert Ford,2007,Andrew Dominik,"Brad Pitt, Casey Affleck, Sam Shepard","Biography, Crime, Drama, History, Western",160
2043,c6200,The Wild Bunch,1969,Sam Peckinpah,"William Holden, Ernest Borgnine, Robert Ryan","Action, Adventure, Western",145
2043,d3478,the wild bunch,1969,Sam Peckinpah,"William Holden,Robert Ryan,Warren Oates,Jaime Sanchez","Action, Drama, Western",145
2044,a1106,Arctic Tale,2007,Adam Ravetch,"Queen Latifah, Katrina Agate, Zain Ali","Documentary, Family",96
2044,b2153,Arctic Tale,2007,Adam Ravetch,"Queen Latifah, Preston Bailey, Kwesi Boakye, Katrina Agate","Documentary, Special Interest",86
2045,a1516,Ocean's Eleven,2001,Steven Soderbergh,"George Clooney, Brad Pitt, Julia Roberts","Crime, Thriller",116
2045,b1318,Ocean's Eleven,2001,Steven Soderbergh,"George Clooney, Matt Damon, Andy Garcia, Brad Pitt","Drama, Action & Adventure, Comedy",117
2046,a1073,What Goes Up,2009,Jonathan Glatzer,"Steve Coogan, Hilary Duff, Olivia Thirlby",Drama,104
2046,b996,What Goes Up,2009,Jonathan Glatzer,"Steve Coogan, Hilary Duff, Molly Shannon, Josh Peck","Drama, Comedy",115
2047,a788,One Missed Call,2008,Eric Valette,"Edward Burns, Shannyn Sossamon, Ana Claudia Talancón","Horror, Mystery",87
2047,b733,One Missed Call,2008,Eric Valette,"Shannyn Sossamon, Edward Burns, Ana Claudia Talancn, Ray Wise","Mystery & Suspense, Horror",87
2048,a969,Inglourious Basterds,2009,Quentin Tarantino,"Brad Pitt, Diane Kruger, Eli Roth","Adventure, Drama, War",153
2048,b902,Inglourious Basterds,2009,Quentin Tarantino,"Brad Pitt, Mlanie Laurent, Christoph Waltz, Eli Roth","Drama, Action & Adventure",153
2048,d2715,inglourious basterds,2009,Quentin Tarantino,"Brad Pitt,Melanie Laurent,Christoph Waltz,Eli Roth,Michael Fassbender,Diane Kruger,Daniel Bruhl,Til Schweiger,Gedeon Burkhard,Jacky Ido,B.J. Novak,Omar Doom,August Diehl,Denis Menochet,Sylvester Groth,Martin Wuttke,Mike Myers,Julie Dreyfus,Richard Samuel,Rod Taylor","Action, Adventure, Drama, Thriller, War",153
2049,a166,House at the End of the Street,2012,Mark Tonderai,"Jennifer Lawrence, Elisabeth Shue, Max Thieriot","Horror, Mystery, Thriller",101
2049,b164,House at the End of the Street,2012,Mark Tonderai,"Jennifer Lawrence, Gil Bellows, Elisabeth Shue, Nolan Gerard Funk","Mystery & Suspense, Horror",101
2050,a1476,Joy Ride,2001,John Dahl,"Matthew Kimbrough, Leelee Sobieski, Steve Zahn","Mystery, Thriller",97
2050,b1285,Joy Ride,2001,John Dahl,"Steve Zahn, Paul Walker, Leelee Sobieski, Jessica Bowman","Mystery & Suspense, Action & Adventure",96
2051,b1038,Center Stage,2000,Nicholas Hytner,"Amanda Schull, Ethan Stiefel, Zoe Saldana, Eion Bailey","Musical & Performing Arts, Drama",115
2051,a1208,Center Stage,2000,Nicholas Hytner,"Amanda Schull, Ethan Stiefel, Sascha Radetsky","Drama, Music, Romance",115
2052,a2384,Take the Lead,2006,Liz Friedlander,"Antonio Banderas, Rob Brown, Yaya DaCosta","Drama, Music",118
2052,d191,take the lead,2006,Liz Friedlander,"Antonio Banderas,Rob Brown,Alfre Woodard,Dante Basco,Yaya DaCosta,John Ortiz,Laura Benanti,Marcus T. Paulk","Drama, Musical",108
2052,b2098,Take the Lead,2006,Liz Friedlander,"Antonio Banderas, Rob Brown (VI), Yaya DaCosta, Alfre Woodard","Musical & Performing Arts, Drama",108
2053,b2424,The Baytown Outlaws,2013,Barry Battles,"Billy Bob Thornton, Eva Longoria, Clayne Crawford, Thomas Sangster",Comedy,98
2053,c983,The Baytown Outlaws,2012,Barry Battles,"Billy Bob Thornton, Eva Longoria, Thomas Brodie-Sangster","Action, Comedy, Crime",98
2053,a2656,The Baytown Outlaws,2013,Barry Battles,"Billy Bob Thornton, Eva Longoria, Thomas Brodie-Sangster","Action, Comedy, Crime",98
2054,b2390,Year of the Fish,2007,David Kaplan,"An Nguyen, Ken Leung, Tsai Chin, Hettienne Park","Drama, Animation, Romance, Art House & International, Science Fiction & Fantasy",96
2054,a2622,Year of the Fish,2007,David Kaplan,"Tsai Chin, Ken Leung, Randall Duk Kim","Animation, Fantasy, Romance",96
2055,b2170,Breach,2007,Billy Ray,"Chris Cooper, Ryan Phillippe, Laura Linney, Caroline Dhavernas","Mystery & Suspense, Drama",110
2055,a1085,Breach,2007,Billy Ray,"Chris Cooper, Ryan Phillippe, Dennis Haysbert","Biography, Crime, Drama, History, Thriller",110
2056,a1063,True Adolescents,2011,Craig Johnson,"Mark Duplass, Bret Loehr, Carr Thompson","Comedy, Drama",88
2056,b986,True Adolescents,2011,Craig Johnson,"Mark Duplass, Brett Loehr, Bret Loehr, Melissa Leo",Comedy,88
2057,b2263,Knock Knock,2015,Eli Roth,"Keanu Reeves, Ana de Armas, Aaron Burns, Ignacia Allamand",Mystery & Suspense,95
2057,a2482,Knock Knock,2015,Eli Roth,"Keanu Reeves, Lorenza Izzo, Ana de Armas","Horror, Mystery, Thriller",99
2058,a1909,Jarhead,2005,Sam Mendes,"Jake Gyllenhaal, Jamie Foxx, Lucas Black","Drama, War",125
2058,b1680,Jarhead,2005,Sam Mendes,"Jake Gyllenhaal, Peter Sarsgaard, Lucas Black, Chris Cooper",Drama,122
2059,a614,Rango,2011,Gore Verbinski,"Johnny Depp, Isla Fisher, Timothy Olyphant","Animation, Adventure, Comedy, Family, Western",107
2059,b577,Rango,2011,Gore Verbinski,"Johnny Depp, Isla Fisher, Abigail Breslin, Ned Beatty","Action & Adventure, Animation, Kids & Family",107
2060,a2918,Short Term 12,2013,Destin Daniel Cretton,"Brie Larson, Frantz Turner, John Gallagher Jr.",Drama,96
2060,d1503,short term 12,2013,Destin Cretton,"Brie Larson,John Gallagher Jr.,Kaitlyn Dever,Melora Walters",,96
2060,b2665,Short Term 12,2013,Destin Daniel Cretton,"Brie Larson, John Gallagher Jr., John Andrew Gallaghe..., Kaitlyn Dever",Drama,21
2061,b301,Crazy on the Outside,2010,Tim Allen,"Tim Allen, Sigourney Weaver, Ray Liotta, J.K. Simmons",Comedy,96
2061,a312,Crazy on the Outside,2010,Tim Allen,"Tim Allen, Sigourney Weaver, Jeanne Tripplehorn","Comedy, Crime",96
2062,d1589,baggage claim,2013,David E. Talbert,"Paula Patton,Tia Mowry-Hardrict,Adam Brody,Djimon Hounsou,Christina Milian,Taye Diggs,Derek Luke,Lauren London,Trey Songz,Jill Scott,Affion Crockett,Estrella Nouri,Trae Ireland",Comedy,
2062,b2422,Baggage Claim,2013,David E. Talbert,"Paula Patton, Derek Luke, Taye Diggs, Djimon Hounsou",Comedy,96
2062,a2653,Baggage Claim,2013,David E. Talbert,"Paula Patton, Taye Diggs, Jill Scott",Comedy,96
2063,b2475,Dark Skies,2013,Scott Stewart,"Keri Russell, Josh Hamilton, Dakota Goyo, Kadan Rockett","Mystery & Suspense, Horror",97
2063,a2708,Dark Skies,2013,Scott Stewart,"Keri Russell, Jake Brennan, Josh Hamilton","Horror, Sci-Fi, Thriller",97
2063,d1743,dark skies,2012,Scott Stewart,"Keri Russell,Josh Hamilton,Dakota Goyo,Kaden Rockett,J.K. Simmons",,
2064,b1530,Scooby-Doo 2: Monsters Unleashed,2004,Raja Gosnell,"Freddie Prinze Jr., Sarah Michelle Gella..., Neil Fanning, Matthew Lillard","Drama, Action & Adventure, Kids & Family, Comedy",93
2064,a1750,Scooby-Doo 2: Monsters Unleashed,2004,Raja Gosnell,"Freddie Prinze Jr., Sarah Michelle Gellar, Matthew Lillard","Adventure, Comedy, Family, Fantasy, Horror, Mystery",93
2065,d2071,casa de mi padre,2012,Matt Piedmont,"Will Ferrell,Gael Garcia Bernal,Diego Luna,Genesis Rodriguez,Pedro Armendariz, Jr.","Comedy, Foreign",84
2065,a76,Casa de mi Padre,2012,Matt Piedmont,"Will Ferrell, Gael García Bernal, Diego Luna","Comedy, Western",84
2065,b76,Casa de mi padre,2012,Matt Piedmont,"Will Ferrell, Diego Luna, Efren Ramirez, Adrian Martinez","Art House & International, Comedy",84
2066,b1709,Murderball,2005,Henry Alex Rubin,"Joe Soares, Mark Zupan, Robert Soares, Bob Lujano","Documentary, Sports & Fitness, Special Interest",85
2066,a1944,Murderball,2005,Henry Alex Rubin,"Joe Soares, Keith Cavill, Mark Zupan","Documentary, Sport",88
2067,b1921,The Genius Club,2006,Timothy A. Chey,"Carol Abney, Stephen Baldwin, Jacob Bonnema, Jacob Bonneva","Mystery & Suspense, Drama",119
2067,a2177,The Genius Club,2006,Timothy A. Chey,"Tom Sizemore, Stephen Baldwin, Carol Abney","Drama, Thriller",119
2068,b2481,Drinking Buddies,2013,Joe Swanberg,"Olivia Wilde, Jake M. Johnson, Anna Kendrick, Ron Livingston","Drama, Comedy",90
2068,a2715,Drinking Buddies,2013,Joe Swanberg,"Olivia Wilde, Jake Johnson, Anna Kendrick","Comedy, Drama, Romance",90
2068,d1513,drinking buddies,2013,Joe Swanberg,"Olivia Wilde,Jake Johnson,Anna Kendrick,Ron Livingston,Ti West,Mike Brune,Jason Sudeikis,Frank V. Ross,Joe Swanberg","Comedy, Romance",90
2069,b1997,Mad Cowgirl,2006,Gregory Hatanaka,"Devon Odessa, Walter Koenig, James Duval, Jaason Simmons","Drama, Horror, Comedy, Special Interest",89
2069,a2262,Mad Cowgirl,2006,Gregory Hatanaka,"Sarah Lassez, James Duval, Devon Odessa","Drama, Horror, Romance, Thriller",89
2070,a1514,Novocaine,2001,David Atkins,"Steve Martin, Helena Bonham Carter, Chelcie Ross","Comedy, Crime, Drama, Thriller",95
2070,b1317,Novocaine,2001,David Atkins,"Steve Martin, Helena Bonham Carter, Laura Dern, Elias Koteas","Drama, Comedy",94
2071,a672,88 Minutes,2008,Jon Avnet,"Al Pacino, Alicia Witt, Ben McKenzie","Crime, Drama, Mystery, Thriller",108
2071,b628,88 Minutes,2008,Jon Avnet,"Al Pacino, Alicia Witt, Leelee Sobieski, Amy Brenneman","Mystery & Suspense, Drama",107
2072,b1261,Glitter,2001,Vondie Curtis-Hall,"Mariah Carey, Max Beesley, Da Brat, Tia Texada","Musical & Performing Arts, Drama",104
2072,a1451,Glitter,2001,Vondie Curtis-Hall,"Mariah Carey, Eric Benét, Max Beesley","Drama, Music, Romance",104
2073,a2884,Planes,2013,Klay Hall,"Carlos Alazraqui, Dane Cook, Stacy Keach","Animation, Adventure, Comedy, Family",91
2073,d1598,planes,2013,Klay Hall,"Dane Cook,Stacy Keach,Brad Garrett,Teri Hatcher,Julia Louis-Dreyfus,Priyanka Chopra,John Cleese,Carlos Alazraqui,Val Kilmer,Anthony Edwards,Sinbad,Gabriel Iglesias","Adventure, Animation, Comedy, Family",
2073,b2633,Planes,2013,Klay Hall,"Diogo Morgado, Manuel Marques, Dane Cook, Stacy Keach","Animation, Kids & Family, Comedy",92
2074,a606,Pearl Jam Twenty,2011,Cameron Crowe,"Eddie Vedder, Stone Gossard, Jeff Ament","Documentary, History, Music",109
2074,b570,Pearl Jam Twenty,2011,Cameron Crowe,"Jeff Ament, Matt Cameron, Chris Cornell, Eddie Vedder","Musical & Performing Arts, Documentary",120
2075,b1028,The Big Tease,2000,Kevin Allen,"Craig Ferguson, Frances Fisher, Chris Langham, Mary McCormack","Art House & International, Comedy",86
2075,a1196,The Big Tease,2000,Kevin Allen,"Craig Ferguson, Chris Langham, David Rasche",Comedy,86
2076,a678,Baby Mama,2008,Michael McCullers,"Tina Fey, Amy Poehler, Sigourney Weaver","Comedy, Romance",99
2076,b634,Baby Mama,2008,Michael McCullers,"Amy Poehler, Tina Fey, Greg Kinnear, Dax Shepard",Comedy,99
2077,d67,world trade center,2006,Oliver Stone,"Nicolas Cage,Maria Bello,Michael Pena,Maggie Gyllenhaal,Stephen Dorff,Jay Hernandez,Patti D'Arbanville","Action, Disaster, Drama, History",128
2077,a2418,World Trade Center,2006,Oliver Stone,"Nicolas Cage, Michael Peña, Maria Bello","Drama, History, Thriller",129
2077,b2129,World Trade Center,2006,Oliver Stone,"Nicolas Cage, Michael Pea, Maggie Gyllenhaal, Maria Bello",Drama,129
2078,b202,The Oranges,2012,Julian Farino,"Hugh Laurie, Catherine Keener, Oliver Platt, Allison Janney","Drama, Romance, Comedy",92
2078,a207,The Oranges,2012,Julian Farino,"Leighton Meester, Hugh Laurie, Catherine Keener","Comedy, Drama, Romance",90
2079,d24,children of men,2007,Alfonso Cuaron,"Clive Owen,Julianne Moore,Michael Caine,Chiwetel Ejiofor,Clare-Hope Ashitey,Pam Ferris","Action, Adventure, Drama, Foreign, Science Fiction, Thriller",109
2079,a2093,Children of Men,2007,Alfonso Cuarón,"Julianne Moore, Clive Owen, Chiwetel Ejiofor","Drama, Sci-Fi, Thriller",109
2079,b1846,Children of Men,2006,Alfonso Cuarn,"Clive Owen, Julianne Moore, Michael Caine, Chiwetel Ejiofor","Drama, Mystery & Suspense, Science Fiction & Fantasy",109
2080,d276,the family stone,2005,Thomas Bezucha,"Sarah Jessica Parker,Diane Keaton,Claire Danes,Rachel McAdams,Dermot Mulroney,Craig T. Nelson,Luke Wilson,Tyrone Giordano","Comedy, Drama, Holiday, Romance",103
2080,b1638,The Family Stone,2005,Tom Bezucha,"Claire Danes, Diane Keaton, Sarah Jessica Parker, Rachel McAdams","Drama, Comedy",103
2080,a1867,The Family Stone,2005,Thomas Bezucha,"Dermot Mulroney, Sarah Jessica Parker, Claire Danes","Comedy, Drama, Romance",103
2081,d1034,dawn of the planet of the apes,2014,Matt Reeves,"Andy Serkis,Jason Clarke,Gary Oldman,Keri Russell,Toby Kebbell,Kodi Smit-McPhee,Kirk Acevedo,Judy Greer","Action, Drama, Science Fiction, Thriller",130
2081,c257,Dawn of the Planet of the Apes,2014,Matt Reeves,"Gary Oldman, Keri Russell, Andy Serkis","Action, Drama, Sci-Fi",130
2082,c15,Run All Night,2015,Jaume Collet-Serra,"Liam Neeson, Ed Harris, Joel Kinnaman","Action, Crime, Drama",114
2082,d672,run all night,2015,Jaume Collet-Serra,"Liam Neeson,Joel Kinnaman,Ed Harris,Génesis Rodríguez,Vincent D'Onofrio,Common,Boyd Holbrook,Holt McCallany","Action, Crime, Drama, Mystery, Thriller",114
2083,d108,sunshine,2007,Danny Boyle,"Michelle Yeoh,Cillian Murphy,Chris Evans,Troy Garity,Rose Byrne,Cliff Curtis,Benedict Wong,Hiroyuki Sanada","Adventure, Foreign, Science Fiction, Thriller",107
2083,a2592,Sunshine,2007,Danny Boyle,"Cillian Murphy, Rose Byrne, Chris Evans","Adventure, Sci-Fi, Thriller",107
2084,d1227,noah,2014,Darren Aronofsky,"Russell Crowe,Jennifer Connelly,Emma Watson,Logan Lerman,Douglas Booth,Anthony Hopkins,Ray Winstone,Kevin Durand","Action, Drama, Fantasy",
2084,c242,Noah,2014,Darren Aronofsky,"Russell Crowe, Jennifer Connelly, Anthony Hopkins","Action, Adventure, Drama",138
2085,d1231,in the blood,2014,John Stockwell,"Gina Carano,Cam Gigandet,Luis Guzmán,Amaury Nolasco,Ismael Cruz Cordova,Treat Williams,Stephen Lang,Danny Trejo","Action, Crime, Drama, Thriller",90
2085,c256,In the Blood,2014,John Stockwell,"Gina Carano, Cam Gigandet, Danny Trejo","Action, Crime, Thriller",108
2086,b374,Love Ranch,2010,Taylor Hackford,"Helen Mirren, Joe Pesci, Sergio Peris-Menchet..., Gina Gershon",Drama,117
2086,d2418,love ranch,2010,Taylor Hackford,"Helen Mirren,Joe Pesci,Sergio Peris-Mencheta,Gina Gershon,Taryn Manning,Scout Taylor-Compton,Bai Ling","Drama, Indie",117
2086,a392,Love Ranch,2011,Taylor Hackford,"Helen Mirren, Joe Pesci, Sergio Peris-Mencheta","Comedy, Drama, Romance, Sport",117
2087,a29,The Avengers,2012,Joss Whedon,"Robert Downey Jr., Chris Evans, Scarlett Johansson","Action, Adventure, Sci-Fi",143
2087,d2037,the avengers,2012,Joss Whedon,"Robert Downey Jr.,Chris Evans,Mark Ruffalo,Chris Hemsworth,Scarlett Johansson,Jeremy Renner,Tom Hiddleston,Samuel L. Jackson","Action, Thriller",143
2088,d1413,oldboy,2013,Spike Lee,"Josh Brolin,Samuel L. Jackson,Elizabeth Olsen,Sharlto Copley,Lance Reddick,Michael Imperioli,Richard Portnow,Max Casella","Drama, Mystery, Thriller",
2088,c573,Oldboy,2013,Spike Lee,"Josh Brolin, Elizabeth Olsen, Samuel L. Jackson","Action, Drama, Mystery",104
2089,b221,Red Hook Summer,2012,Spike Lee,"Clarke Peters, Jules Brown, Toni Lysaith, Nate Parker",Drama,121
2089,d1825,red hook summer,2012,Spike Lee,"Clarke Peters,Jules Brown,Toni Lysaith,Heather Alicia Simms,De’Adre Aziza,Thomas Jefferson Byrd,Spike Lee",Drama,135
2089,a225,Red Hook Summer,2013,Spike Lee,"Jules Brown, Thomas Jefferson Byrd, Toni Lysaith",Drama,121
2090,c258,Into the Storm,2014,Steven Quale,"Richard Armitage, Sarah Wayne Callies, Matt Walsh","Action, Thriller",89
2090,d1064,into the storm,2014,Steven Quale,"Richard Armitage,Sarah Wayne Callies,Matt Walsh,Max Deacon,Nathan Kress,Alycia Debnam Carey,Jeremy Sumpter,Kyle Davis",Thriller,89
2091,d2851,coraline,2009,Henry Selick,"Dakota Fanning,Teri Hatcher,John Hodgman,Ian McShane,Robert Bailey Jr.,Jennifer Saunders,Dawn French,Keith David","Animation, Family, Fantasy, Science Fiction",100
2091,a913,Coraline,2009,Henry Selick,"Dakota Fanning, Teri Hatcher, John Hodgman","Animation, Fantasy",100
2092,d385,straight outta compton,2015,F. Gary Gray,"Paul Giamatti,Aldis Hodge,Keith Stanfield,R. Marcus Taylor,O'Shea Jackson Jr.,Neil Brown Jr.,Jason Mitchell,Corey Hawkins","Drama, Music",147
2092,a2936,Straight Outta Compton,2015,F. Gary Gray,"O'Shea Jackson Jr., Corey Hawkins, Jason Mitchell","Biography, Drama, Music",147
2093,b2469,Contracted: Phase II,2015,Josh Forbes,"Matt Mercer, Peter Cilella, Marianna Palka, Morgan Peter Brown","Drama, Horror, Mystery & Suspense",79
2093,d378,contracted: phase ii,2015,Josh Forbes,"Matt Mercer,Marianna Palka,Morgan Peter Brown,Caroline Williams,Anna Lore,Laurel Vail,Najarra Townsend",Horror,78
2094,d3178,before the devil knows you're dead,2007,Sidney Lumet,"Philip Seymour Hoffman,Ethan Hawke,Albert Finney,Marisa Tomei,Rosemary Harris,Michael Shannon,Bryan F. O'Byrne,Amy Ryan","Crime, Drama, Thriller",117
2094,a1115,Before the Devil Knows You're Dead,2007,Sidney Lumet,"Philip Seymour Hoffman, Ethan Hawke, Albert Finney","Crime, Drama, Thriller",117
2095,d1318,ride along,2014,Tim Story,"Kevin Hart,Tika Sumpter,Ice Cube,Jasmine Burke,David Banner,John Leguizamo,Laurence Fishburne,Jay Pharaoh","Action, Comedy",
2095,c218,Ride Along,2014,Tim Story,"Ice Cube, Kevin Hart, Tika Sumpter","Action, Comedy",99
2096,d2487,brooklyn's finest,2010,Antoine Fuqua,"Richard Gere,Don Cheadle,Ethan Hawke,Wesley Snipes,Lili Taylor,Will Patton,Ellen Barkin,Vincent D'Onofrio","Action, Adventure, Crime, Drama, Thriller",133
2096,a293,Brooklyn's Finest,2010,Antoine Fuqua,"Richard Gere, Don Cheadle, Ethan Hawke","Crime, Drama, Thriller",132
2097,d306,the pink panther,2006,Shawn Levy,"Steve Martin,Kevin Kline,Beyonce Knowles,Jean Reno,Emily Mortimer,Henry Czerny,Kristin Chenoweth,Roger Rees","Action, Comedy, Crime, Family, Mystery",93
2097,b2038,The Pink Panther,2006,David Silverman,"Steve Martin, Kevin Kline, Beyonce Knowles, Jean Reno","Drama, Action & Adventure, Comedy",93
2097,a2310,The Pink Panther,2006,Shawn Levy,"Steve Martin, Kevin Kline, Jean Reno","Adventure, Comedy, Crime, Mystery",93
2098,a1934,The Matador,2006,Richard Shepard,"Pierce Brosnan, Greg Kinnear, Hope Davis","Comedy, Crime, Drama, Thriller",96
2098,b1703,The Matador,2006,Bob Yari,"Pierce Brosnan, Greg Kinnear, Hope Davis, Philip Baker Hall","Drama, Action & Adventure, Mystery & Suspense, Comedy",97
2098,d290,the matador,2006,Richard Shepard,"Pierce Brosnan,Greg Kinnear,Hope Davis,Philip Baker Hall,Adam Scott,Dylan Baker,Portia Dawson,Maureen Muldoon","Action, Comedy, Crime, Drama, Indie, Thriller",96
2099,a1138,Charlie Wilson's War,2007,Mike Nichols,"Tom Hanks, Julia Roberts, Philip Seymour Hoffman","Biography, Comedy, Drama, History",102
2099,d3146,charlie wilson's war,2007,Mike Nichols,"Julia Roberts,Philip Seymour Hoffman,Amy Adams,Emily Blunt,Ned Beatty,John Slattery,Denis O'Hare,Tom Hanks","Comedy, Drama",102
2100,d1535,the colony,2013,Jeff Renfroe,"Laurence Fishburne,Kevin Zegers,Bill Paxton,Charlotte Sullivan,John Tench,Atticus Dean Mitchell,Dru Viergever,Romano Orzari","Action, Science Fiction, Thriller",95
2100,c569,The Colony,2013,Jeff Renfroe,"Kevin Zegers, Laurence Fishburne, Bill Paxton","Action, Horror, Sci-Fi",95
2101,c265,3 Days to Kill,2014,McG,"Kevin Costner, Hailee Steinfeld, Connie Nielsen","Action, Drama, Thriller",117
2101,d1366,3 days to kill,2014,McG,"Kevin Costner,Amber Heard,Hailee Steinfeld,Connie Nielsen,Richard Sammel,Tómas Lemarquis,Marc Andréoni,Eriq Ebouaney","Action, Crime, Drama, Thriller",113
2102,d450,magic mike xxl,2015,Gregory Jacobs,"Channing Tatum,Brandon Cyrus,Elizabeth Banks,Amber Heard,Matt Bomer,Jada Pinkett Smith,Joe Manganiello","Comedy, Drama, Music",115
2102,b2596,Magic Mike XXL,2015,Gregory Jacobs,"Channing Tatum, Matt Bomer, Joe Manganiello, Kevin Nash",Comedy,115
2103,d2293,the tempest,2010,Julie Taymor,"Helen Mirren,Felicity Jones,Ben Whishaw,Chris Cooper,Alan Cumming,Djimon Hounsou,Tom Conti","Drama, Fantasy, Science Fiction",110
2103,a452,The Tempest,2011,Julie Taymor,"Helen Mirren, Felicity Jones, Djimon Hounsou","Comedy, Drama, Fantasy, Romance",110
2103,b430,The Tempest,2010,Julie Taymor,"Helen Mirren, Ben Wishaw, Felicity Jones, Djimon Hounsou","Drama, Science Fiction & Fantasy, Comedy",110
2104,d1223,sabotage,2014,David Ayer,"Arnold Schwarzenegger,Sam Worthington,Joe Manganiello,Josh Holloway,Max Martini,Terrence Howard,Mireille Enos,Olivia Williams","Action, Crime, Drama, Thriller",110
2104,c230,Sabotage,2014,David Ayer,"Arnold Schwarzenegger, Sam Worthington, Terrence Howard","Action, Crime, Drama",109
2105,b575,Puncture,2011,Mark Kassen,"Chris Evans, Mark Kassen, Marshall Bell, Brett Cullen",Drama,99
2105,d2278,puncture,2011,"Adam Kassen,Mark Kassen","Chris Evans,Mark Kassen,Michael Biehn,Vinessa Shaw,Brett Cullen,Kate Burton,Jesse L. Martin","Drama, Mystery",100
2105,a612,Puncture,2012,Adam Kassen,"Chris Evans, Mark Kassen, Vinessa Shaw",Drama,100
2106,a1961,The Producers,2005,Susan Stroman,"Nathan Lane, Matthew Broderick, Uma Thurman","Comedy, Musical",134
2106,d269,the producers,2005,Susan Stroman,"Nathan Lane,Matthew Broderick,Uma Thurman,Will Ferrell,Roger Bart,Gary Beach,Andrea Martin,Debra Monk","Comedy, Music",134
2107,a1775,Superbabies: Baby Geniuses 2,2004,Bob Clark,"Jon Voight, Scott Baio, Vanessa Angel","Comedy, Family, Sci-Fi",88
2107,b1553,Superbabies: Baby Geniuses 2,2004,Bob Clark (III),"Jon Voight, Scott Baio, Vanessa Angel, Skyler Shaye","Drama, Action & Adventure, Kids & Family, Comedy",89
2108,d1506,the world's end,2013,Edgar Wright,"Simon Pegg,Nick Frost,Rosamund Pike,Paddy Considine,Eddie Marsan,Martin Freeman,David Bradley,Bill Nighy","Action, Comedy, Science Fiction",109
2108,c572,The World's End,2013,Edgar Wright,"Simon Pegg, Nick Frost, Martin Freeman","Action, Comedy, Sci-Fi",109
2109,a2887,The Pretty One,2014,Jenée LaMarque,"Zoe Kazan, Jake Johnson, Ron Livingston","Comedy, Drama",90
2109,b2636,The Pretty One,2014,Jene LaMarque,"Zoe Kazan, Jake M. Johnson, Ron Livingston, John Carroll Lynch","Drama, Comedy",90
2109,d1398,the pretty one,2014,Jenée LaMarque,"Jake M. Johnson,Zoe Kazan,Ron Livingston,Danny Pudi,Sterling Beaumon,Jeremy Howard","Comedy, Drama",
2110,b1157,Snatch,2001,Guy Ritchie,"Jason Statham, Brad Pitt, Benicio Del Toro, Dennis Farina","Drama, Action & Adventure, Mystery & Suspense, Comedy",103
2110,a1336,Snatch.,2001,Guy Ritchie,"Jason Statham, Brad Pitt, Benicio Del Toro","Comedy, Crime",102
2111,b761,Sex and the City,2008,Michael Patrick King,"Sarah Jessica Parker, Kim Cattrall, Cynthia Nixon, Kristin Davis","Comedy, Romance",142
2111,d3055,sex and the city,2008,Michael Patrick King,"Sarah Jessica Parker,Kim Cattrall,Kristin Davis,Cynthia Nixon,Chris Noth,David Eigenberg,Evan Handler,Jason Lewis,Candice Bergen,Willie Garson,Jennifer Hudson","Comedy, Drama, Romance",145
2112,b1593,Assault on Precinct 13,2005,Jean-Franois Richet,"Ethan Hawke, Laurence Fishburne, John Leguizamo, Maria Bello","Drama, Action & Adventure, Mystery & Suspense",108
2112,a1817,Assault on Precinct 13,2005,Jean-François Richet,"Ethan Hawke, Laurence Fishburne, Gabriel Byrne","Action, Crime, Drama, Thriller",109
2113,b1238,Delivering Milo,,Nick Castle Jr.,"Anton Yelchin, Albert Finney, Bridget Fonda, Campbell Scott","Drama, Comedy",94
2113,a1421,Delivering Milo,2001,Nick Castle,"Anton Yelchin, Albert Finney, Bridget Fonda","Comedy, Fantasy",94
2114,b752,Revolutionary Road,2008,Sam Mendes,"Leonardo DiCaprio, Kate Winslet, Michael Shannon, Kathryn Hahn",Drama,119
2114,a810,Revolutionary Road,2009,Sam Mendes,"Leonardo DiCaprio, Kate Winslet, Christopher Fitzgerald","Drama, Romance",119
2114,d2856,revolutionary road,2008,Sam Mendes,"Leonardo DiCaprio,Kate Winslet,Kathy Bates,Michael Shannon,Kathryn Hahn,David Harbour,Dylan Baker,Richard Easton,Zoe Kazan,Jay O. Sanders,Max Casella","Drama, Romance",119
2115,d1604,in a world...,2013,Lake Bell,"Lake Bell,Demetri Martin,Rob Corddry,Michaela Watkins,Ken Marino,Fred Melamed,Alexandra Holden,Nick Offerman,Geena Davis,Stephanie Allynne,Tig Notaro",,93
2115,b2548,In a World...,2013,Lake Bell,"Lake Bell, Fred Melamed, Rob Corddry, Michaela Watkins","Drama, Comedy",91
2116,b1323,The Others,2001,Alejandro Amenbar,"Nicole Kidman, Alakina Mann, James Bentley, Fionnula Flanagan","Mystery & Suspense, Horror",105
2116,a1522,The Others,2001,Alejandro Amenábar,"Nicole Kidman, Christopher Eccleston, Fionnula Flanagan","Horror, Thriller",104
2117,d59,"you, me and dupree",2006,"Anthony Russo,Joe Russo","Owen Wilson,Matt Dillon,Kate Hudson,Michael Douglas,Amanda Detmer,Seth Rogen","Comedy, Romance",108
2117,a2423,You Me and Dupree,2006,Anthony Russo,"Kate Hudson, Owen Wilson, Matt Dillon","Comedy, Romance",110
2118,b2612,Officer Down,2013,Brian A. Miller,"Stephen Dorff, Dominic Purcell, AnnaLynne McCord, David Boreanaz","Drama, Mystery & Suspense, Special Interest",97
2118,a2862,Officer Down,2013,Brian A Miller,"Stephen Dorff, Stephen Lang, David Boreanaz","Crime, Drama",98
2119,a1737,The Polar Express,2004,Robert Zemeckis,"Tom Hanks, Chris Coppola, Michael Jeter","Animation, Adventure, Family, Fantasy",100
2119,d262,the polar express,2004,Robert Zemeckis,"Peter Scolari,Nona Gaye,Eddie Deezen,Michael Jeter,Tom Hanks",,
2120,d1993,the girl from the naked eye,2012,David Ren,"Jason Yee,Samantha Streets,Gary Stretch,Dominique Swain,Sasha Grey","Action, Romance, Thriller",80
2120,c904,The Girl from the Naked Eye,2012,David Ren,"Jason Yee, Samantha Streets, Ron Yuan","Action, Crime, Mystery",84
2121,b173,Katy Perry: Part of Me,2012,Dan Cutforth,Katy Perry,"Musical & Performing Arts, Documentary",93
2121,a176,Katy Perry: Part of Me,2012,Dan Cutforth,"Katy Perry, Adam Marcello, Casey Hooper","Documentary, Music",93
2122,a786,Nothing But the Truth,2009,Rod Lurie,"Kate Beckinsale, Matt Dillon, Vera Farmiga","Crime, Drama, Mystery, Thriller",108
2122,d2756,nothing but the truth,2009,Rod Lurie,"Kate Beckinsale,Matt Dillon,Angela Bassett,Alan Alda,Vera Farmiga,David Schwimmer,Courtney B. Vance,Noah Wyle,Floyd Abrams",,
2122,b731,Nothing But the Truth,2008,Rob Lurie,"Kate Beckinsale, Matt Dillon, Angela Bassett, Vera Farmiga","Mystery & Suspense, Drama",107
2123,d1404,escape plan,2013,Mikael Håfström,"Sylvester Stallone,Arnold Schwarzenegger,Vinnie Jones,50 Cent,Matt Gerald,Christian Stokes,Jim Caviezel,Vincent D'Onofrio,Sam Neill","Action, Mystery, Thriller",
2123,b2490,Escape Plan,2013,Mikael Hfstrm,"Sylvester Stallone, Arnold Schwarzenegge..., Jim Caviezel, Vincent D'Onofrio","Action & Adventure, Mystery & Suspense, Science Fiction & Fantasy",115
2123,a2725,Escape Plan,2013,Mikael Håfström,"Sylvester Stallone, Arnold Schwarzenegger, 50 Cent","Action, Mystery, Thriller",115
2124,d314,why we fight,2006,Eugene Jarecki,"Dwight Eisenhower,Wilton Sekzer,Chalmers Johnson,William Solomon,Charles Lewis,Richard Perle,William Kristol,Lt","Documentary, Drama, History, Indie",98
2124,b1779,Why We Fight,2006,Eugene Jarecki,"Chalmers Johnson, Charles Lewis, Richard Perle, Joseph Ciricione","Documentary, Special Interest",98
2125,d1415,frozen,2013,"Chris Buck,Jennifer Lee","Kristen Bell,Idina Menzel,Jonathan Groff,Josh Gad,Alan Tudyk,Eva Bella,Livvy Stubenrauch,Santino Fontana,Christopher Williams","Adventure, Animation, Family, Musical",
2125,a337,Frozen,2013,Chris Buck,"Kristen Bell, Idina Menzel, Jonathan Groff","Animation, Adventure, Comedy, Family, Fantasy, Musical",102
2126,b569,Paul Blart: Mall Cop 2,2015,Andy Fickman,"Kevin James, Raini Rodriguez, Neal McDonough, Shirley Knight","Comedy, Kids & Family",94
2126,d632,paul blart: mall cop 2,2015,Andy Fickman,"Kevin James,Raini Rodriguez,Eduardo Verástegui,Daniella Alonso,Neal McDonough,David Henrie,D. B. Woodside,Nicholas Turturro",Comedy,94
2127,a2564,The Savages,2008,Tamara Jenkins,"Laura Linney, Philip Seymour Hoffman, Philip Bosco","Comedy, Drama",113
2127,d3143,the savages,2007,Tamara Jenkins,"Laura Linney,Philip Bosco,Peter Friedman,Cara Seymour","Drama, Indie",114
2127,b2338,The Savages,2007,Tamara Jenkins,"Laura Linney, Philip Seymour Hoffm..., Philip Bosco, Gbenga Akinnagbe","Drama, Comedy",114
2128,b2575,Lake Windfall,,Roger Vass,"Christopher B. Corri..., Alex Laferriere, Jasun Hicks",Mystery & Suspense,
2128,a2819,Lake Windfall,2013,Roger Vass,"Christopher B. Corrigan, Alex Laferriere, Jasun Hicks","Comedy, Drama, Thriller",105
2129,b2567,Kevin Hart: Let Me Explain,2013,Leslie Small,Kevin Hart,"Documentary, Musical & Performing Arts, Comedy",75
2129,a2812,Kevin Hart: Let Me Explain,2013,Leslie Small,"Kevin Hart, Harry Ratchford, Will 'Spank' Horton","Documentary, Comedy",75
2130,b1100,Maze Runner: The Scorch Trials,2015,Wes Ball,"Dylan O'Brien, Thomas Sangster, Kaya Scodelario, Aidan Gillen",Action & Adventure,129
2130,d421,maze runner: the scorch trials,2015,Wes Ball,"Dylan O'Brien,Thomas Brodie Sangster,Kaya Scodelario,Ki Hong Lee,Giancarlo Esposito,Aidan Gillen,Patricia Clarkson,Lili Taylor","Action, Mystery, Science Fiction, Thriller",131
2131,b504,Final Destination 5,2011,Steven Quale,"Nick D'Agosto, Emma Bell, Miles Fisher, Ellen Wroe",Horror,92
2131,a536,Final Destination 5,2011,Steven Quale,"Nicholas D'Agosto, Emma Bell, Arlen Escarpeta","Horror, Thriller",92
2131,d2203,final destination 5,2011,Steven Quale,"Nicholas D'Agosto,Emma Bell,Miles Fisher,Ellen Wroe,P.J. Byrne,Arlen Escarpeta,David Koechner,Courtney B. Vance,Tony Todd","Horror, Thriller",95
2132,b698,The Hottie and the Nottie,2008,Tom Putnam,"Paris Hilton, Joel David Moore, Christine Lakin, Adam Kulbersh","Comedy, Romance",91
2132,a747,The Hottie & the Nottie,2008,Tom Putnam,"Paris Hilton, Joel David Moore, Christine Lakin","Comedy, Romance",91
2133,d1238,non-stop,2014,Jaume Collet-Serra,"Liam Neeson,Julianne Moore,Scoot McNairy,Michelle Dockery,Anson Mount,Lupita Nyong'o,Corey Stoll,Linus Roache,Jon Abrahams","Action, Mystery, Thriller",106
2133,c248,Non-Stop,2014,Jaume Collet-Serra,"Liam Neeson, Julianne Moore, Scoot McNairy","Action, Mystery, Thriller",106
2134,d1512,parkland,2013,Peter Landesman,"Paul Giamatti,Colin Hanks,Zac Efron,Billy Bob Thornton,Marcia Gay Harden,Jacki Weaver,Tom Welling,Ron Livingston,Jackie Earle Haley","Drama, History",93
2134,a2876,Parkland,2013,Peter Landesman,"Zac Efron, Tom Welling, Billy Bob Thornton","Drama, History, Mystery, Thriller",93
2134,b2626,Parkland,2013,Peter Landesman,"James Badge Dale, Zac Efron, Marcia Gay Harden, Brett Stimely",Drama,93
2135,d3032,kit kittredge: an american girl,2008,Patricia Rozema,"Abigail Breslin,Julia Ormond,Chris O'Donnell,Stanley Tucci,Max Thieriot","Comedy, Drama, Family",101
2135,a757,Kit Kittredge: An American Girl,2008,Patricia Rozema,"Abigail Breslin, Stanley Tucci, Joan Cusack","Drama, Family",101
2136,a2834,The Lords of Salem,2013,Rob Zombie,"Sheri Moon Zombie, Meg Foster, Bruce Davison","Horror, Thriller",101
2136,b2590,The Lords of Salem,2013,Rob Zombie,"Bruce Dern, Bruce Davison, Bruce Davidson, Billy Drago","Mystery & Suspense, Horror",101
2136,d1707,the lords of salem,2013,Rob Zombie,"Sheri Moon Zombie,Bruce Davison,Sid Haig,Dee Wallace,Maria Conchita Alonso","Horror, Thriller",101
2137,d1659,this is the end,2013,"Seth Rogen,Evan Goldberg","Jonah Hill,James Franco,Jay Baruchel,Craig Robinson,Jason Segel,Danny McBride,Seth Rogen,Rihanna,Emma Watson,Mindy Kaling,Christopher Mintz-Plasse,Paul Rudd","Action, Comedy",
2137,a2946,This Is the End,2013,Evan Goldberg,"James Franco, Jonah Hill, Seth Rogen","Comedy, Fantasy",107
2137,b2693,This Is the End,2013,Seth Rogen,"James Franco, Jonah Hill, Seth Rogen, Jay Baruchel","Drama, Action & Adventure, Horror, Comedy",107
2138,b2638,The Stanford Prison Experiment,2015,Kyle Patrick Alvarez,"Billy Crudup, Ezra Miller, Michael Angarano, Tye Sheridan",Drama,120
2138,d474,the stanford prison experiment,2015,Kyle Patrick Alvarez,"Billy Crudup,Ezra Miller,Michael Angarano,Tye Sheridan,Olivia Thirlby,Johnny Simmons,Gaius Charles,James Wolk,Thomas Mann,Moisés Arias,Keir Gilchrist,Nelsan Ellis","Drama, Thriller",122
2139,a2583,Stardust,2007,Matthew Vaughn,"Charlie Cox, Claire Danes, Sienna Miller","Adventure, Family, Fantasy, Romance",127
2139,d124,stardust,2007,Matthew Vaughn,"Claire Danes,Charlie Cox,Robert De Niro,Sienna Miller,Michelle Pfeiffer,Jason Flemyng,Peter O'Toole,Rupert Everett,Ian McKellen","Action, Adventure, Comedy, Family, Fantasy, Foreign, Romance, Science Fiction",127
2140,d239,united 93,2006,Paul Greengrass,"J.J. Johnson,Gregg Henry,David Alan Basche,Christian Clemenson,Becky London,Trish Gates,Cheyenne Jackson,Chip Zien","Drama, Foreign, History",111
2140,b2113,United 93,2006,Paul Greengrass,"Becky London, Cheyenne Jackson, Chip Zien, Ben Sliney","Drama, Action & Adventure",111
2140,a2402,United 93,2006,Paul Greengrass,"David Alan Basche, Olivia Thirlby, Liza Colón-Zayas","Action, Crime, Drama, History, Thriller",111
2141,d2838,new in town,2009,Jonas Elmer,"Renee Zellweger,Harry Connick Jr.,Siobhan Fallon Hogan,J.K. Simmons,Frances Conroy","Comedy, Romance",97
2141,b937,New In Town,2009,Jonas Elmer,"Rashida Jones, Siobhan Fallon, J.K. Simmons, Frances Conroy","Comedy, Romance",96
2141,a1007,New in Town,2009,Jonas Elmer,"Renée Zellweger, Harry Connick Jr., Siobhan Fallon Hogan","Comedy, Romance",97
2142,d2223,captain america: the first avenger,2011,Joe Johnston,"Chris Evans,Hayley Atwell,Sebastian Stan,Tommy Lee Jones,Hugo Weaving,Dominic Cooper,Stanley Tucci,Samuel L. Jackson,Toby Jones","Action, Adventure, Science Fiction, Thriller",124
2142,a505,Captain America: The First Avenger,2011,Joe Johnston,"Chris Evans, Hugo Weaving, Samuel L. Jackson","Action, Adventure, Sci-Fi",124
2143,c309,Rage,2014,Paco Cabezas,"Nicolas Cage, Rachel Nichols, Max Ryan","Action, Crime, Thriller",92
2143,d1033,rage,2014,Paco Cabezas,"Nicolas Cage,Rachel Nichols,Aubrey Peeples,Danny Glover,Peter Stormare","Action, Crime, Thriller",92
2144,d91,for your consideration,2006,Christopher Guest,"Catherine O'Hara,Harry Shearer,Bob Balaban,Ricky Gervais,Christopher Guest,Eugene Levy,Michael McKean,Parker Posey,Fred Willard","Comedy, Documentary, Drama",86
2144,b1912,For Your Consideration,2006,Christopher Guest,"Bob Balaban, Jennifer Coolidge, Christopher Guest, John Michael Higgins",Comedy,86
2144,a2167,For Your Consideration,2006,Christopher Guest,"Catherine O'Hara, Parker Posey, Christopher Guest",Comedy,86
2145,c30,The Gunman,2015,Pierre Morel,"Sean Penn, Idris Elba, Jasmine Trinca","Action, Crime, Drama",115
2145,d645,the gunman,2015,Pierre Morel,"Sean Penn,Javier Bardem,Ray Winstone,Jasmine Trinca,Peter Franzén","Action, Crime, Drama, Thriller",115
2146,d1271,need for speed,2014,Scott Waugh,"Aaron Paul,Dominic Cooper,Imogen Poots,Scott Mescudi,Rami Malek,Ramón Rodríguez,Harrison Gilbertson,Dakota Johnson,Michael Keaton","Action, Crime, Drama, Thriller",102
2146,c297,Need for Speed,2014,Scott Waugh,"Aaron Paul, Dominic Cooper, Imogen Poots","Action, Crime, Drama",132
2147,a1111,Awake,2007,Joby Harold,"Hayden Christensen, Jessica Alba, Terrence Howard","Crime, Mystery, Thriller",84
2147,d3109,awake,2007,Joby Harold,"Hayden Christensen,Jessica Alba,Terrence Howard,Lena Olin,Christopher McDonald,Sam Robards,Arliss Howard,Fisher Stevens,Georgina Chapman","Drama, Thriller",84
2148,a436,She's Out of My League,2010,Jim Field Smith,"Jay Baruchel, Alice Eve, T.J. Miller","Comedy, Romance",104
2148,d2570,she's out of my league,2010,Jim Field Smith,"Jay Baruchel,Alice Eve,T.J. Miller,Mike Vogel,Nate Torrence,Lindsay Sloane,Kyle Bornheimer,Debra Jo Rupp,Adam LeFevre","Comedy, Romance",104
2149,c629,Frankenstein's Army,2013,Richard Raaphorst,"Robert Gwilym, Hon Ping Tang, Alexander Mercury","Action, Horror, Sci-Fi",84
2149,d1635,frankenstein's army,2013,Richard Raaphorst,"Karel Roden,Joshua Sasse,Robert Gwilym,Alexander Mercury,Luke Newberry","Action, Horror",84
2150,c362,Lucy,2014,Luc Besson,"Scarlett Johansson, Morgan Freeman, Min-sik Choi","Action, Sci-Fi, Thriller",89
2150,d1054,lucy,2014,Luc Besson,"Scarlett Johansson,Morgan Freeman,Choi Min-Sik,Analeigh Tipton,Amr Waked","Action, Science Fiction",90
2151,a2532,Ocean's Thirteen,2007,Steven Soderbergh,"George Clooney, Brad Pitt, Matt Damon","Crime, Thriller",122
2151,d142,ocean's thirteen,2007,Steven Soderbergh,"George Clooney,Brad Pitt,Matt Damon,Ellen Barkin,Elliott Gould,Al Pacino,Bernie Mac,Don Cheadle,Andy Garcia","Action, Comedy, Crime",122
2152,b911,Heaven Knows What,2015,Ben Safdie,"Arielle Holmes, Caleb Landry Jones, Eleonore Hendricks, Necro",Drama,94
2152,d583,heaven knows what,2015,"Ben Safdie,Joshua Safdie","Arielle Holmes,Caleb Landry Jones,Eléonore Hendricks,Yuri Pleskun",Drama,94
2153,d406,digging for fire,2015,Joe Swanberg,"Jake Johnson,Rosemarie DeWitt,Orlando Bloom,Brie Larson,Sam Rockwell,Mike Birbiglia,Anna Kendrick,Chris Messina",Drama,85
2153,b1429,Digging For Fire,2015,Joe Swanberg,"Jake M. Johnson, Rosemarie DeWitt, Anna Kendrick, Brie Larson",Drama,85
2154,a664,Winnie the Pooh,2011,Stephen J. Anderson,"Jim Cummings, Craig Ferguson, John Cleese","Animation, Adventure, Comedy, Family, Musical",63
2154,d2220,winnie the pooh,2011,Stephen J. Anderson,"Jim Cummings,John Cleese,Bud Luckey,Craig Ferguson,Jack Boulter,Travis Oates,Kristen Anderson-Lopez,Wyatt Dean Hall,Tom Kenny","Adventure, Animation, Family",69
2155,d17,ratatouille,2007,Brad Bird,"Patton Oswalt,Ian Holm,Lou Romano,Peter O'Toole,Brad Garrett,Janeane Garofalo,Peter Sohn,Brian Dennehy,Will Arnett","Animation, Comedy, Family",111
2155,a2550,Ratatouille,2007,Brad Bird,"Brad Garrett, Lou Romano, Patton Oswalt","Animation, Comedy, Family, Fantasy",111
2156,c666,Welcome to the Jungle,2013,Rob Meltzer,"Jean-Claude Van Damme, Adam Brody, Rob Huebel","Action, Adventure, Comedy",95
2156,b2708,Welcome to the Jungle,2014,Rob Meltzer,"Adam Brody, Jean-Claude Van Damm..., Rob Huebel, Kristen Schaal","Action & Adventure, Comedy",95
2156,d1396,welcome to the jungle,2013,Rob Meltzer,"Kristen Schaal,Megan Boone,Jean-Claude Van Damme,Adam Brody,Rob Huebel,Aaron Takahashi,Bianca Bree,Eric Edelstein,Robert Peters",Comedy,95
2157,d2742,the answer man,2009,John Hindman,"Jeff Daniels,Lauren Graham,Lou Taylor Pucci,Olivia Thirlby,Kat Dennings,Nora Dunn,Tony Hale,Annie Corly,Max Antisell","Comedy, Drama, Indie, Romance",97
2157,a881,The Answer Man,2009,John Hindman,"Jeff Daniels, Lauren Graham, Lou Taylor Pucci","Comedy, Romance",95
2157,b822,The Answer Man (Arlen Faber),2009,John Hindman,"Jeff Daniels, Lauren Graham, Lou Taylor Pucci, Olivia Thirlby","Drama, Romance, Comedy",95
2158,a986,Life During Wartime,2010,Todd Solondz,"Shirley Henderson, Allison Janney, Ally Sheedy","Comedy, Drama",98
2158,d2470,life during wartime,2010,Todd Solondz,"Shirley Henderson,Gaby Hoffman,Ciaran Hinds,Allison Janney,Michael Lerner,Charlotte Rampling,Paul Reubens,Ally Sheedy,Renee Taylor","Comedy, Drama, Indie",97
2158,b917,Life During Wartime,2010,Todd Solondz,"Shirley Henderson, Michael K. Williams, Roslyn Ruff, Rosalyn Ruff","Drama, Comedy",97
2159,b2318,Persepolis,2007,Marjane Satrapi,"Chiara Mastroianni, Catherine Deneuve, Gena Rowlands, Danielle Darrieux","Drama, Animation",95
2159,a2544,Persepolis,2008,Vincent Paronnaud,"Chiara Mastroianni, Catherine Deneuve, Gena Rowlands","Animation, Biography, Drama, War",96
2159,d3115,persepolis,2008,"Marjane Satrapi, Vincent Paronnaud","Chiara Mastroianni,Catherine Deneuve,Simon Abkarian,Danielle Darrieux,Francois Jerosme","Animation, Drama, Foreign",95
2160,b2421,August: Osage County,2013,John Wells,"Meryl Streep, Julia Roberts, Juliette Lewis, Ewan McGregor",Drama,121
2160,a2652,August: Osage County,2014,John Wells,"Meryl Streep, Dermot Mulroney, Julia Roberts",Drama,121
2160,d1341,august: osage county,2013,John Wells,"Meryl Streep,Julia Roberts,Juliette Lewis,Julianne Nicholson,Sam Shepard,Benedict Cumberbatch,Ewan McGregor,Abigail Breslin,Chris Cooper,Margo Martindale,Dermot Mulroney,Misty Upham","Comedy, Drama",130
2161,b1477,Devil's Knot,2014,Atom Egoyan,"Reese Witherspoon, Colin Firth, Amy Ryan, Mireille Enos",Drama,114
2161,d1138,devil's knot,2014,Atom Egoyan,"Colin Firth,Reese Witherspoon,Mireille Enos,Dane DeHaan,Stephen Moyer,Kevin Durand,Collette Wolfe,Elias Koteas,Bruce Greenwood,Amy Ryan,Alessandro Nivola,Martin Henderson","Crime, Drama, Thriller",114
2162,d448,the vatican tapes,2015,Mark Neveldine,"Michael Peña,Kathleen Robertson,Djimon Hounsou,Dougray Scott,John Patrick Amedori,Olivia Taylor Dudley,Peter Andersson,Cas Anvar","Horror, Thriller",91
2162,b1366,The Vatican Tapes,2015,Mark Neveldine,"Olivia Taylor Dudley, Michael Pea, Djimon Hounsou, Dougray Scott","Drama, Horror, Mystery & Suspense",88
2163,d2417,the twilight saga: eclipse,2010,David Slade,"Kristen Stewart,Robert Pattinson,Taylor Lautner,Bryce Dallas Howard,Billy Burke,Dakota Fanning,Peter Facinelli,Jackson Rathbone,Elizabeth Reaser","Adventure, Drama, Fantasy, Foreign, Romance, Thriller",124
2163,a325,The Twilight Saga: Eclipse,2010,David Slade,"Kristen Stewart, Robert Pattinson, Taylor Lautner","Adventure, Drama, Fantasy, Romance",124
2164,b2334,Rocket Science,2007,Jeff Blitz,"Reece Daniel Thompso..., Nick D'Agosto, Anna Kendrick, Roland Branford Gome...","Drama, Art House & International, Comedy",101
2164,d3,rocket science,2007,Jeffrey Blitz,"Reece Daniel Thompson,Anna Kendrick,Nicholas D'Agosto,Vincent Piazza,Denis O'Hare","Comedy, Drama, Indie",101
2164,a2560,Rocket Science,2007,Jeffrey Blitz,"Reece Thompson, Anna Kendrick, Nicholas D'Agosto","Comedy, Drama",101
2165,b1353,Someone Like You,2001,Tony Goldwyn,"Ashley Judd, Greg Kinnear, Hugh Jackman, Marisa Tomei","Comedy, Romance",97
2165,a1554,Someone Like You...,2001,Tony Goldwyn,"Ashley Judd, Greg Kinnear, Hugh Jackman","Comedy, Romance",97
2166,a1894,Hostage,2005,Florent-Emilio Siri,"Bruce Willis, Kevin Pollak, Serena Scott Thomas","Crime, Drama, Mystery, Thriller",113
2166,b1665,Hostage,2005,Florent Emilio Siri,"Bruce Willis, Kevin Pollak, Jimmy Bennett, Michelle Horn","Mystery & Suspense, Drama",73
2167,d1425,inside llewyn davis,2013,"Joel Coen,Ethan Coen","Oscar Isaac,Carey Mulligan,Justin Timberlake,John Goodman,Ethan Phillips,Robin Bartlett,Max Casella,Jerry Grayson,Jeanine Serralles,Adam Driver,Stark Sands,Alex Karpovsky,Garrett Hedlund",Drama,105
2167,a2795,Inside Llewyn Davis,2014,Ethan Coen,"Oscar Isaac, Carey Mulligan, John Goodman","Drama, Music",104
2167,b2553,Inside Llewyn Davis,2013,Ethan Coen,"Oscar Isaac, Carey Mulligan, John Goodman, Garrett Hedlund",Drama,105
2168,b737,Pathology,2008,Marc Scholermann,"Milo Ventimiglia, Michael Weston, Alyssa Milano, Lauren Lee Smith","Mystery & Suspense, Drama",94
2168,a792,Pathology,2008,Marc Schölermann,"Alyssa Milano, Milo Ventimiglia, Keir O'Donnell","Crime, Horror, Thriller",95
2169,a2836,Lovelace,2013,Rob Epstein,"Amanda Seyfried, James Franco, Peter Sarsgaard","Biography, Drama",93
2169,b2591,Lovelace,2013,Jeffrey Friedman,"Amanda Seyfried, Peter Sarsgaard, Hank Azaria, Sharon Stone",Drama,92
2169,d1606,lovelace,2013,"Rob Epstein,Jeffrey Friedman","Amanda Seyfried,Wes Bentley,James Franco,Hank Azaria,Juno Temple,Chloë Sevigny,Sarah Jessica Parker,Sharon Stone,Peter Sarsgaard,Eric Roberts,Adam Brody,Bobby Cannavale,Robert Patrick","Documentary, History",92
2170,b396,Percy Jackson & the Olympians: The Lightning Thief,2010,Chris Columbus,"Logan Lerman, Brandon T. Jackson, Alexandra Daddario, Jake Abel","Drama, Action & Adventure, Science Fiction & Fantasy, Comedy",83
2170,d2555,percy jackson & the olympians: the lightning thief,2010,Chris Columbus,"Logan Lerman,Alexandra Daddario,Brandon T. Jackson,Pierce Brosnan,Steve Coogan,Catherine Keener,Uma Thurman,Sean Bean,Kevin McKidd,Rosario Dawson","Adventure, Drama, Family, Fantasy, Mystery, Science Fiction",118
2170,a414,Percy Jackson & the Olympians: The Lightning Thief,2010,Chris Columbus,"Logan Lerman, Kevin McKidd, Steve Coogan","Adventure, Family, Fantasy",118
2171,d338,derailed,2005,Mikael Hafstrom,"Clive Owen,Jennifer Aniston,Melissa George,Vincent Cassel,RZA,Xzibit","Drama, Thriller",108
2171,a1849,Derailed,2005,Mikael Håfström,"Clive Owen, Jennifer Aniston, Vincent Cassel","Drama, Thriller",108
2172,a2502,Meet the Robinsons,2007,Stephen J. Anderson,"Daniel Hansen, Wesley Singerman, Angela Bassett","Animation, Adventure, Comedy, Family, Sci-Fi",95
2172,b2281,Meet the Robinsons,2007,Steve Anderson (V),"Angela Bassett, Daniel Hansen, Jordan Fry, Wesley Singerman","Action & Adventure, Animation, Kids & Family",96
2173,d552,a pigeon sat on a branch reflecting on existence,2015,Roy Andersson,"Holger Andersson,Nisse Vestblom,Viktor Gyllenberg,Lotti Törnros,Jonas Gerholm,Ola Stensson,Oscar Salomonsson,Roger Olsen Likvern,Charlotta Larsson","Comedy, Drama",100
2173,b1422,A Pigeon Sat on a Branch Reflecting on Existence,2015,Roy Andersson,"Holger Andersson, Nisse Vestblom, Nils Westblom, Charlotta Larsson","Drama, Art House & International, Comedy",100
2174,c208,300: Rise of an Empire,2014,Noam Murro,"Sullivan Stapleton, Eva Green, Lena Headey","Action, Drama, Fantasy",102
2174,d1255,300: rise of an empire,2014,Noam Murro,"Lena Headey,Sullivan Stapleton,Eva Green,Jack O'Connell,Rodrigo Santoro,David Wenham,Callan Mulvey,Andrew Tiernan,Ashraf Barhom,Andrew Pleavin",Action,
2175,a2456,The Hoax,2007,Lasse Hallström,"Richard Gere, Alfred Molina, David Aaron Baker","Comedy, Drama",116
2175,b2240,The Hoax,2007,Lasse Hallstrom,"Richard Gere, Alfred Molina, Marcia Gay Harden, Julie Delpy","Drama, Comedy",115
2176,d219,marilyn hotchkiss' ballroom dancing and charm school,2006,Randall Miller,"Marisa Tomei,John Goodman,Donnie Wahlberg,Sonia Braga,Robert Carlyle,Mary Steenburgen","Comedy, Drama, Indie, Romance",103
2176,a1933,Marilyn Hotchkiss' Ballroom Dancing & Charm School,2006,Randall Miller,"Robert Carlyle, Marisa Tomei, Mary Steenburgen","Comedy, Drama, Musical, Romance",103
2177,a2841,Tyler Perry's A Madea Christmas,2013,Tyler Perry,"Tyler Perry, Chad Michael Murray, Tika Sumpter","Comedy, Drama",100
2177,d1324,tyler perry's a madea christmas,2013,Tyler Perry,"Tyler Perry,Anna Maria Horsford,Tika Sumpter,Eric Lively,JR Lemon,Chad Michael Murray,Alicia Witt,Lisa Whelchel,Jonathan Chase,Larry the Cable Guy",Comedy,
2178,a2643,Anchorman 2: The Legend Continues,2013,Adam McKay,"Will Ferrell, Christina Applegate, Paul Rudd",Comedy,119
2178,d1329,anchorman 2: the legend continues,2013,Adam McKay,"Will Ferrell,Christina Applegate,Steve Carell,Paul Rudd,Kristen Wiig,Luke Wilson,David Koechner,Harrison Ford,James Marsden,Meagan Good",Comedy,
2179,a775,The Midnight Meat Train,2008,Ryûhei Kitamura,"Vinnie Jones, Bradley Cooper, Leslie Bibb","Horror, Thriller",100
2179,b725,The Midnight Meat Train,2008,Ryuhei Kitamura,"Bradley Cooper, Brooke Shields, Leslie Bibb, Roger Bart","Drama, Horror, Mystery & Suspense",98
2180,a2859,No One Lives,2013,Ryûhei Kitamura,"Luke Evans, Gary Grubbs, Adelaide Clemens","Horror, Thriller",86
2180,b2609,No One Lives,2013,Ryuhei Kitamura,"Luke Evans, Adelaide Clemens, Lee Tergesen, Derek Magyar","Mystery & Suspense, Horror",86
2181,d201,cars,2006,"Joe Ranft, John Lasseter","Owen Wilson,Paul Newman,Bonnie Hunt,Cheech Marin,Tony Shalhoub,Richard Petty,Paul Dooley,Jeremy Piven,George Carlin,Michael Keaton","Animation, Family",117
2181,a2086,Cars,2006,John Lasseter,"Owen Wilson, Bonnie Hunt, Paul Newman","Animation, Adventure, Comedy, Family, Sport",117
2182,c200,Dracula Untold,2014,Gary Shore,"Luke Evans, Dominic Cooper, Sarah Gadon","Action, Drama, Fantasy",92
2182,d947,dracula untold,2014,Gary Shore,"Luke Evans,Sarah Gadon,Dominic Cooper,Art Parkinson,Charles Dance,Diarmaid Murtagh,Paul Kaye,William Houston,Noah Huntley,Ronan Vibert","Action, Drama, Fantasy, Horror, War",92
2183,b229,Safelight,2015,Tony Aloupis,"Evan Peters, Juno Temple, Kevin Alejandro, Meaghan Martin",Drama,84
2183,d472,safelight,2015,Tony Aloupis,"Juno Temple,Evan Peters,Kevin Alejandro,Meaghan Jette Martin,Jason Beghe,Christine Lahti,Ariel Winter,William Peltz,Don Stark",Drama,84
2184,b2457,CBGB,2013,Randall Miller,"Alan Rickman, Rupert Grint, Ashley Greene, Joel David Moore","Musical & Performing Arts, Drama",101
2184,d1559,cbgb,2013,Randall Miller,"Alan Rickman,Rupert Grint,Malin Åkerman,Johnny Galecki,Stana Katic,Ashley Greene,Justin Bartha,Ryan Hurst,Kyle Gallner","Drama, History, Music",
2184,a2687,CBGB,2013,Randall Miller,"Alan Rickman, Malin Akerman, Justin Bartha","Drama, Music",101
2185,d1373,g.b.f.,2014,Darren Stein,"Michael J. Willett,Paul Iacono,Sasha Pieterse,Evanna Lynch,Megan Mullally,Natasha Lyonne,Rebecca Gayheart,Jonathan Silverman,JoJo,Andrea Bowen",Comedy,92
2185,a2740,G.B.F.,2014,Darren Stein,"Michael J. Willett, Paul Iacono, Sasha Pieterse","Comedy, Romance",92
2186,b1713,The New World,2005,Terrence Malick,"Colin Farrell, Q'Orianka Kilcher, Christopher Plummer, Christian Bale","Drama, Action & Adventure, Romance",150
2186,d297,the new world,2006,Terrence Malick,"Colin Farrell,Q'orianka Kilcher,Christopher Plummer,Christian Bale,August Schellenberg,Wes Studi,David Thewlis,Yorick Van Wageningen,Irene Bedard,John Savage","Drama, History, Romance",135
2186,a1948,The New World,2006,Terrence Malick,"Colin Farrell, Q'orianka Kilcher, Christopher Plummer","Biography, Drama, History, Romance",135
2187,a2506,Mister Lonely,2008,Harmony Korine,"Diego Luna, Samantha Morton, Denis Lavant","Comedy, Drama",112
2187,d3047,mister lonely,2008,Harmony Korine,"Diego Luna,Samantha Morton,Denis Lavant,Esme Creed-Miles,James Fox,Melita Morgan,Jason Pennycooke,Richard Strange,Anita Pallenberg,Werner Herzog","Comedy, Drama, Foreign",112
2187,b2286,Mister Lonely,2007,Harmony Korine,"Diego Luna, Samantha Morton, Denis Lavant, James Fox","Drama, Art House & International, Comedy, Special Interest",112
2188,d263,"the chronicles of narnia: the lion, the witch and the wardrobe",2005,Andrew Adamson,"Tilda Swinton,Georgie Henley,Skandar Keynes,William Moseley,Anna Popplewell,Liam Neeson,Ray Winstone,Dawn French,Rupert Everett","Adventure, Family, Fantasy, Science Fiction",143
2188,a1838,The Chronicles of Narnia: The Lion the Witch and the Wardrobe,2005,Andrew Adamson,"Tilda Swinton, Georgie Henley, William Moseley","Adventure, Family, Fantasy",143
2189,c1991,RocknRolla,2008,Guy Ritchie,"Gerard Butler, Tom Wilkinson, Idris Elba","Action, Crime, Thriller",114
2189,d2892,rocknrolla,2008,Guy Ritchie,"Gerard Butler,Tom Wilkinson,Thandie Newton,Tom Hardy,Jeremy Piven,Toby Kebbell","Action, Adventure, Comedy, Crime, Foreign, Thriller",114
2190,d3144,sweeney todd: the demon barber of fleet street,2007,Tim Burton,"Johnny Depp,Alan Rickman,Timothy Spall,Sacha Baron Cohen,Jayne Wisener,Jamie Campbell Bower","Drama, Horror, Music",116
2190,a2595,Sweeney Todd: The Demon Barber of Fleet Street,2007,Tim Burton,"Johnny Depp, Helena Bonham Carter, Alan Rickman","Drama, Horror, Musical, Thriller",116
2191,a2406,Vanaja,2007,Rajnesh Domalpalli,"Mamatha Bhukya, Urmila Dammannagari, Ramachandriah Marikanti",Drama,111
2191,d3164,vanaja,2007,Rajnesh Domalpalli,"Mamatha Bhukya,Urmila Dammannagari,Karan Singh,Khishna Garlapati,Bhavani Renukunta,Prabhu Garlapati","Drama, Foreign",111
2191,b2116,Vanaja,2006,Rajnesh Domalpalli,"Mamatha Bhukya, Urmila Dammannagari, Ramachandriah Marika..., Krishnamma Gundimall...","Art House & International, Drama",111
2192,b1803,Aquamarine,2006,Elizabeth Allen (II),"Emma Roberts, Sara Paxton, Jake McDorman, Arielle Kebbel","Drama, Kids & Family, Science Fiction & Fantasy, Comedy",103
2192,d325,aquamarine,2006,Elizabeth Allen,"Sara Paxton,Emma Roberts,Joanna ""JoJo"" Levesque,Jake McDorman,Arielle Kebbel,Tammin Sursok,Dichen Lachman,Julia Blake","Drama, Family, Fantasy, Romance, Science Fiction",104
2192,a2043,Aquamarine,2006,Elizabeth Allen Rosenbaum,"Emma Roberts, Joanna 'JoJo' Levesque, Sara Paxton","Comedy, Family, Fantasy, Romance",104
2193,b3069,Ride,2015,Helen Hunt,"Helen Hunt, Brenton Thwaites, Julie Dretzin, Jordan Lane Price",Comedy,93
2193,d539,ride,2015,Helen Hunt,"Helen Hunt,Brenton Thwaites,Luke Wilson,David Zayas,Callum Keith Rennie",,93
2194,b2640,The Punk Singer,2013,Sini Anderson,"Kathleen Hanna, Tobi Vail, Joan Jett, Adam Horowitz","Musical & Performing Arts, Documentary",80
2194,d1431,the punk singer,2013,Sini Anderson,"Kathleen Hanna,Adam Horovitz,Joan Jett,Jennifer Baumgardner,Johanna Fateman",Documentary,80
2194,a2892,The Punk Singer,2013,Sini Anderson,"Kathleen Hanna, Carrie Brownstein, Kim Gordon","Documentary, Biography, Music",81
2195,b1585,The 40 Year Old Virgin,2005,Judd Apatow,"Steve Carell, Catherine Keener, Paul Rudd, Romany Malco",Comedy,132
2195,a1808,The 40-Year-Old Virgin,2005,Judd Apatow,"Steve Carell, Catherine Keener, Paul Rudd","Comedy, Romance",116
2196,c34,Blackhat,2015,Michael Mann,"Chris Hemsworth, Viola Davis, Wei Tang","Action, Crime, Drama",133
2196,d747,blackhat,2015,Michael Mann,"Chris Hemsworth,Viola Davis,Tang Wei,Leehom Wang,Manny Montana,William Mapother","Action, Crime, Thriller",135
2197,d1532,phata poster nikhla hero,2013,Rajkumar Santoshi,"Shahid Kapoor,Ileana D'Cruz,Padmini Kolhapure,Darshan Jariwala,Saurab Shukhla,Sanjay Mishra","Action, Comedy",146
2197,c784,Phata Poster Nikhla Hero,2013,Rajkumar Santoshi,"Shahid Kapoor, Ileana, Padmini Kolhapure","Action, Comedy",146
2198,a1114,Bee Movie,2007,Steve Hickner,"Jerry Seinfeld, Renée Zellweger, Matthew Broderick","Animation, Adventure, Comedy, Family",91
2198,d3186,bee movie,2007,"Steve Hickner,Simon J. Smith","Jerry Seinfeld,Renee Zellweger,Matthew Broderick,John Goodman,Chris Rock,Oprah Winfrey","Adventure, Animation, Comedy, Family",91
2199,d274,fun with dick and jane,2005,Dean Parisot,"Jim Carrey,Tea Leoni,Alec Baldwin,Richard Jenkins,Angie Harmon,Jeff Garlin","Action, Comedy, Crime",90
2199,a1876,Fun with Dick and Jane,2005,Dean Parisot,"Jim Carrey, Téa Leoni, Alec Baldwin","Comedy, Crime",90
2200,d859,happy new year,2014,Farah Khan,"Shahrukh Khan,Deepika Padukone,Abhishek Bachchan,Jackie Shroff,Boman Irani,Sonu Sood","Action, Comedy, Drama, Romance",180
2200,c319,Happy New Year,2014,Farah Khan,"Shah Rukh Khan, Deepika Padukone, Abhishek Bachchan","Action, Comedy, Crime",180
2201,a2334,Strangeland,1998,John Pieplow,"Kevin Gage, Elizabeth Peña, Dee Snider","Horror, Thriller",85
2201,b3102,Strangeland,1998,John Pipelow,"Dee Snider, Kevin Gage, Elizabeth Pea, Brett Harrelson","Mystery & Suspense, Horror",86
2202,a832,Step Up 2: The Streets,2008,Jon M. Chu,"Robert Hoffman, Briana Evigan, Cassie Ventura","Drama, Music, Musical, Romance",98
2202,b775,Step Up 2 the Streets,2008,Jon M. Chu,"Briana Evigan, Robert Hoffman, Adam G. Sevani, Will Kemp","Drama, Romance",97
2203,d1557,hell baby,2013,"Robert Ben Garant,Thomas Lennon","Rob Corddry,Leslie Bibb,Rob Huebel,Keegan Michael Key,Paul Scheer,Thomas Lennon,Michael Ian Black,Brittney Alger,Dave Holmes,Alex Berg","Comedy, Horror",98
2203,b2530,Hell Baby,2013,Robert Ben Garant,"Leslie Bibb, Rob Corddry, Paul Scheer, Riki Lindhome","Horror, Comedy",98
2203,a2769,Hell Baby,2014,Robert Ben Garant,"Rob Corddry, Leslie Bibb, Alex Berg","Comedy, Horror",98
2204,d2872,the boy in the striped pajamas,2008,Mark Herman,"Asa Butterfield,David Thewlis,Vera Farmiga,Rupert Friend,David Hayman,Jack Scanlon,Amber Beattie,Sheila Hancock,Richard Johnson,Jim Norton,Cara Horgan","Drama, Foreign, History, War",94
2204,a689,The Boy in the Striped Pajamas,2008,Mark Herman,"Asa Butterfield, David Thewlis, Rupert Friend","Drama, War",94
2205,b2496,The Fifth Estate,2013,Bill Condon,"Benedict Cumberbatch, Dan Stevens (IV), Alicia Vikander, Daniel Brhl","Documentary, Drama",124
2205,d1412,the fifth estate,2013,Bill Condon,"Benedict Cumberbatch,Daniel Brühl,Alicia Vikander,Peter Capaldi,Jamie Blackley,Stanley Tucci,Dan Stevens,Laura Linney,Carice van Houten,David Thewlis,Peter Capaldi,Moritz Bleibtreu",Drama,124
2205,a2731,The Fifth Estate,2013,Bill Condon,"Benedict Cumberbatch, Daniel Brühl, Carice van Houten","Biography, Drama, Thriller",128
2206,d246,the sisters,2006,Arthur Allan Seidelman,"Maria Bello,Mary Stuart Masterson,Erika Christensen,Eric McCormack,Chris O'Donnell,Tony Goldwyn,Steven Culp,Alessandro Nivola,Elizabeth Banks,Rip Torn","Drama, Foreign, Horror",113
2206,b1744,The Sisters,2006,Arthur Allan Seidelman,"Maria Bello, Mary Stuart Masterso..., Erika Christensen, Eric McCormack","Drama, Comedy",113
2207,d2217,harry potter and the deathly hallows: part 2,2011,David Yates,"Daniel Radcliffe,Rupert Grint,Emma Watson,Helena Bonham-Carter,Robbie Coltrane,Ralph Fiennes,Michael Gambon,Maggie Smith,Gary Oldman,Alan Rickman,David Thewlis","Adventure, Drama, Family, Fantasy, Science Fiction",130
2207,a352,Harry Potter and the Deathly Hallows: Part 2,2011,David Yates,"Daniel Radcliffe, Emma Watson, Rupert Grint","Adventure, Drama, Fantasy, Mystery",130
2208,d2363,life as we know it,2010,Greg Berlanti,"Katherine Heigl,Josh Duhamel,Josh Lucas,Hayes MacArthur,Christina Hendricks","Comedy, Romance",115
2208,b369,Life as We Know It,2010,Gary Berlanti,"Katherine Heigl, Josh Duhamel, Josh Lucas, Alexis Clagett","Drama, Comedy",112
2209,d1121,how to train your dragon 2,2014,Dean Deblois,"Jay Baruchel,Cate Blanchett,Gerard Butler,Craig Ferguson,America Ferrera,Jonah Hill,Christopher Mintz-Plasse,T. J. Miller,Kristen Wiig,Djimon Hounsou,Kit Harington","Action, Adventure, Animation",102
2209,c222,How to Train Your Dragon 2,2014,Dean DeBlois,"Jay Baruchel, Cate Blanchett, Gerard Butler","Animation, Action, Adventure",102
2210,b306,Death at a Funeral,2010,Neil LaBute,"Chris Rock, Keith David, Loretta Devine, Peter Dinklage","Drama, Comedy",92
2210,d2523,death at a funeral,2010,Neil Labute,"Chris Rock,James Marsden,Loretta Devine,Peter Dinklage,Martin Lawrence,Regina Hall,Zoe Saldana,Kevin Hart,Danny Glover,Keith David,Ron Glass,Tracy Morgan,Columbus Short,Luke Wilson,Regine Nehy",Comedy,92
2211,b342,How to Train Your Dragon,2010,Peter Hastings,"Jay Baruchel, Gerard Butler, Craig Ferguson, America Ferrera","Animation, Kids & Family, Science Fiction & Fantasy",98
2211,a356,How to Train Your Dragon,2010,Dean DeBlois,"Jay Baruchel, Gerard Butler, Christopher Mintz-Plasse","Animation, Adventure, Family, Fantasy",98
2211,d2502,how to train your dragon,2010,,"Jay Baruchel,Gerard Butler,Craig Ferguson,Jonah Hill,Christopher Mintz-Plasse,America Ferrara,Kristen Wiig,T.J. Miller","Animation, Family",98
2212,a2227,Jackass Number Two,2006,Jeff Tremaine,"Johnny Knoxville, Steve-O, Chris Pontius","Documentary, Action, Comedy",92
2212,b1965,Jackass: Number Two,2006,Jeff Tremaine,"Johnny Knoxville, Stephen 'Steve-O' Gl..., Chris Pontius, Ryan Dunn","Documentary, Comedy",92
2213,a1171,For the Bible Tells Me So,2007,Daniel G. Karslake,"Imogene Robinson, Victor Robinson, Gene Robinson",Documentary,95
2213,b2210,For the Bible Tells Me So,2007,Daniel Karslake,"Genevieve Robinson, Imogene Robinson, Victor Robinson, Isabella 'Boo' McDan...","Documentary, Faith & Spirituality, Special Interest",101
2214,b1957,Infamous,2006,Dogulas McGrath,"Toby Jones, Sandra Bullock, Daniel Craig, Peter Bogdanovich",Drama,118
2214,d82,infamous,2006,Douglas McGrath,"Toby Jones,Sandra Bullock,Daniel Craig,Lee Pace,Juliet Stevenson,Sigourney Weaver,Jeff Daniels,Peter Bogdanovich,Hope Davis,Gwyneth Paltrow,Isabella Rossellini",Drama,110
2215,d1960,hick,2012,Derick Martini,"Chloe Grace Moretz,Blake Lively,Alec Baldwin,Eddie Redmayne,Juliette Lewis,Anson Mount,Rory Culkin","Comedy, Drama",99
2215,a161,Hick,2012,Derick Martini,"Chloë Grace Moretz, Blake Lively, Rory Culkin","Comedy, Drama",99
2216,c226,Vampire Academy,2014,Mark Waters,"Zoey Deutch, Lucy Fry, Danila Kozlovsky","Action, Comedy, Fantasy",104
2216,d1394,vampire academy,2014,Mark Waters,"Zoey Deutch,Lucy Fry,Danila Kozlovskiy,Gabriel Byrne,Sarah Hyland,Olga Kurylenko,Joely Richardson","Action, Adventure, Drama, Fantasy, Romance",
2217,c202,The Legend of Hercules,2014,Renny Harlin,"Kellan Lutz, Gaia Weiss, Scott Adkins","Action, Adventure, Fantasy",99
2217,d1309,the legend of hercules,2014,Renny Harlin,"Kellan Lutz,Gaia Weiss,Scott Adkins,Roxanne McKee,Liam McIntyre,Liam Garrigan,Jukka Hilden,Rade Serbedzija,Johnathon Schaech,Luke Newberry,Kenneth Cranham,Sarai Givaty","Action, Adventure",
2218,a942,Ghosts of Girlfriends Past,2009,Mark Waters,"Matthew McConaughey, Jennifer Garner, Emma Stone","Comedy, Fantasy, Romance",100
2218,d2761,ghosts of girlfriends past,2009,Mark Waters,"Matthew McConaughey,Jennifer Garner,Michael Douglas,Breckin Meyer,Lacey Chabert,Robert Forster,Anne Archer","Comedy, Fantasy, Romance, Science Fiction",100
2219,c6676,Red River,1948,Howard Hawks,"John Wayne, Montgomery Clift, Joanne Dru","Action, Adventure, Romance",133
2219,d3487,red river,1948,Howard Hawks,"John Wayne,Montgomery Clift,Joanne Dru Groot,Walter Brennan,Coleen Gray,John Ireland,Noah Beery Jr.","Action, Western",133
2220,b1835,Breaking and Entering,2007,Anthony Minghella,"Jude Law, Juliette Binoche, Robin Wright, Martin Freeman (II)",Drama,118
2220,a2080,Breaking and Entering,2006,Anthony Minghella,"Jude Law, Robin Wright, Vera Farmiga","Drama, Romance",120
2220,d103,breaking and entering,2007,Anthony Minghella,"Jude Law,Juliette Binoche,Robin Wright Penn,Vera Farmiga,Rafi Gavron,Poppy Rogers","Drama, Foreign, Romance",129
2221,a2606,Walk Hard: The Dewey Cox Story,2007,Jake Kasdan,"John C. Reilly, Jenna Fischer, David Krumholtz","Comedy, Music",96
2221,d3140,walk hard: the dewey cox story,2007,Jake Kasdan,"John C. Reilly,Jenna Fischer,Raymond J. Barry,Kristen Wiig,Tim Meadows,Harold Ramis,Chris Parnell","Comedy, Music",96
2222,c285,22 Jump Street,2014,Phil Lord,"Channing Tatum, Jonah Hill, Ice Cube","Action, Comedy, Crime",112
2222,d1122,22 jump street,2014,"Phil Lord,Chris Miller","Jonah Hill,Channing Tatum,Ice Cube,Dave Franco,Nick Offerman,Peter Stormare,Rob Riggle,Wyatt Russell,Richard Grieco,Amber Stevens,Jillian Bell,Jimmy Tatro","Action, Comedy",112
2223,d1452,i'm in love with a church girl,2013,Steve Race,"Adrienne Bailon,Ja Rule,Michael Madsen,Stephen Baldwin,Vincent Pastore,Martin Kove,Adrian Bustamante",Drama,
2223,a2784,I'm in Love with a Church Girl,2013,Steve Race,"Michael Madsen, Stephen Baldwin, Zahn McClarnon","Drama, Romance",118
2224,d1063,teenage mutant ninja turtles,2014,Jonathan Liebesman,"Megan Fox,Alan Ritchson,Will Arnett,Noel Fisher,Johnny Knoxville,William Fichtner,Minae Noji,Jeremy Howard,Whoopi Goldberg,Danny Woodburn,Abby Elliott,Tony Shalhoub","Action, Adventure, Comedy, Fantasy, Science Fiction",101
2224,c211,Teenage Mutant Ninja Turtles,2014,Jonathan Liebesman,"Megan Fox, Will Arnett, William Fichtner","Action, Adventure, Comedy",101
2225,d304,the world's fastest indian,2006,Roger Donaldson,"Anthony Hopkins,Christopher Lawford,Bruce Greenwood,Paul Rodriguez,Diane Ladd,Patrick Flueger,Aaron Murphy","Drama, Foreign, Indie",127
2225,a2014,The World's Fastest Indian,2006,Roger Donaldson,"Anthony Hopkins, Diane Ladd, Iain Rea","Biography, Drama, Sport",127
2226,d1699,disconnect,2013,Henry Alex Rubin,"Jason Bateman,Hope Davis,Alexander Skarsgård,Paula Patton,Colin Ford,Andrea Riseborough",Drama,108
2226,a2711,Disconnect,2013,Henry Alex Rubin,"Jason Bateman, Jonah Bobo, Haley Ramm","Drama, Thriller",115
2226,b2478,Disconnect,2013,Henry Alex Rubin,"Jason Bateman, Hope Davis, Frank Grillo, Michael Nyqvist","Mystery & Suspense, Drama",115
2227,d2174,fireflies in the garden,2011,Dennis Lee,"Ryan Reynolds,Willem Dafoe,Emily Watson,Carrie-Anne Moss,Julia Roberts,Hayden Panettiere","Drama, Indie",108
2227,b672,Fireflies in the Garden,2011,Dennis Lee,"Emily Watson, Julia Roberts, Cayden Boyd, Frank Ertl",Drama,98
2228,a1943,Munich,2006,Steven Spielberg,"Eric Bana, Daniel Craig, Marie-Josée Croze","Drama, History, Thriller",164
2228,d279,munich,2005,Steven Spielberg,"Eric Bana,Daniel Craig,Geoffrey Rush,Mathieu Kassovitz,Ciaran Hinds,Hanns Zischler,Mathieu Amalric,Michael Lonsdale,Marie-Josee Croze,Gila Almagor,Lynn Cohen","Action, Drama, History, Thriller",164
2228,b1708,Munich,2005,Steven Spielberg,"Eric Bana, Daniel Craig, Ciarn Hinds, Mathieu Kassovitz","Mystery & Suspense, Drama",163
2229,d1220,the raid 2,2014,Gareth Evans,"Iko Uwais,Julie Estelle,Arifin Putra,Tio Pakusodewo,Oka Antara,Ryuhei Matsuda,Ken'ichi Endô","Action, Crime, Thriller",
2229,c279,The Raid 2,2014,Gareth Evans,"Iko Uwais, Yayan Ruhian, Arifin Putra","Action, Crime, Thriller",150
2230,b2829,Magnolia,1999,Paul Thomas Anderson,"Tom Cruise, Jason Robards, Julianne Moore, Melinda Dillon",Drama,188
2230,d2903,magnolia,1999,Paul Thomas Anderson,"Jason Robards,Julianne Moore,Tom Cruise,Philip Seymour Hoffman,John C. Reilly,William H. Macy,Philip Baker Hall,Ricky Jay,Melora Walters,Alfred Molina,Jeremy Blackman","Drama, Indie, Romance",188
2231,b845,Cloudy With a Chance of Meatballs,2009,Chris Miller,"Bill Hader, Anna Faris, James Caan, Andy Samberg","Animation, Kids & Family, Comedy",81
2231,a909,Cloudy with a Chance of Meatballs,2009,Phil Lord,"Anna Faris, Bill Hader, Bruce Campbell","Animation, Comedy, Family, Romance, Sci-Fi",90
2231,d2707,cloudy with a chance of meatballs,2009,"Phil Lord,Chris Miller","Bill Hader,Anna Faris,Mr. T,Benjamin Bratt,Neil Patrick Harris,Al Roker,Lauren Graham","Animation, Comedy, Family",90
2232,a2578,Slipstream,2008,Anthony Hopkins,"Anthony Hopkins, Stella Arroyave, Christian Slater","Comedy, Drama, Fantasy, Mystery",96
2232,d3173,slipstream,2007,,"Anthony Hopkins,Stella Arroyave,Christian Slater,Jeffrey Tambor,Michael Clarke Duncan,Gavin Grazer,Camryn Manheim,John Turturro,Christopher Lawford,S. Epatha Merkerson,Finolla Flanagan","Comedy, Drama, Fantasy, Science Fiction",96
2232,b2351,Slipstream,2007,Anthony Hopkins,"Anthony Hopkins, Gavin Grazer, Stella Arroyave, Christian Slater","Drama, Art House & International, Science Fiction & Fantasy, Comedy",96
2233,c320,Left Behind,2014,Vic Armstrong,"Nicolas Cage, Lea Thompson, Cassi Thomson","Action, Sci-Fi, Thriller",110
2233,d983,left behind,2014,Vic Armstrong,"Nicolas Cage,Lea Thompson,Chad Michael Murray,Nicky Whelan,Jordin Sparks,Martin Klebba,Cassi Thompson","Action, Science Fiction",105
2234,b1603,A LEGO Brickumentary,2015,Daniel Junge,"Jason Bateman, Jamie Berard, Alice Finch Lee, Adam Reed Tucker","Documentary, Special Interest",95
2234,d491,a lego brickumentary,2015,"Kief Davidson,Daniel Junge",Jason Bateman,Documentary,93
2235,d1257,the den,2014,Zachary Donohue,"Melanie Papalia,David Schlactenhaufen,Matt Riedy,Adam Shapiro,Bill Oberst Jr.,Katija Pevec,Lilly Holleman",,81
2235,a1422,The Den,2014,Zachary Donohue,"Melanie Papalia, David Schlachtenhaufen, Adam Shapiro","Horror, Mystery, Thriller",81
2236,b650,College,2008,Deb Hagen,"Drake Bell, Andrew Caldwell, Haley Bennett, Ryan Pinkston",Comedy,94
2236,a698,College,2008,Deb Hagan,"Drake Bell, Kevin Covais, Andrew Caldwell",Comedy,94
2237,a2680,Lee Daniels' The Butler,2013,Lee Daniels,"Forest Whitaker, Oprah Winfrey, John Cusack","Biography, Drama",132
2237,d1611,lee daniels' the butler,2013,Lee Daniels,"Forest Whitaker,Oprah Winfrey,John Cusack,Robin Williams,James Marsden,Alan Rickman,Minka Kelly,Liev Schreiber,Jesse Williams,Cuba Gooding Jr.,Terrence Howard,Jane Fonda,Mariah Carey",Drama,
2238,a2627,12 Years a Slave,2013,Steve McQueen,"Chiwetel Ejiofor, Michael Kenneth Williams, Michael Fassbender","Biography, Drama, History",134
2238,d1409,12 years a slave,2013,Steve McQueen,"Chiwetel Ejiofor,Michael Fassbender,Michael Kenneth Williams,Paul Dano,Benedict Cumberbatch,Garret Dillahunt,Ruth Negga,Sarah Paulson,Paul Giamatti,Brad Pitt,Alfre Woodard,Scoot McNairy,Taran Killam","Drama, History",133
2238,b2396,12 Years a Slave,2013,Steve McQueen (III),"Chiwetel Ejiofor, Michael Fassbender, Benedict Cumberbatch, Paul Giamatti","Drama, Special Interest",134
2239,a2239,Kurt Cobain About a Son,2007,AJ Schnack,"Kurt Cobain, Michael Azerrad, Courtney Love","Documentary, Music",96
2239,b1975,Kurt Cobain: About a Son,2007,AJ Schnack,Kurt Cobain,"Musical & Performing Arts, Documentary",97
2240,b899,The Imaginarium of Doctor Parnassus,2009,Terry Gilliam,"Christopher Plummer, Heath Ledger, Johnny Depp, Jude Law","Action & Adventure, Mystery & Suspense, Science Fiction & Fantasy",123
2240,a966,The Imaginarium of Doctor Parnassus,2010,Terry Gilliam,"Christopher Plummer, Lily Cole, Heath Ledger","Adventure, Fantasy, Mystery",123
2240,d2639,the imaginarium of dr. parnassus,2010,Terry Gilliam,"Heath Ledger,Christopher Plummer,Verne Troyer,Lily Cole,Tom Waits","Adventure, Fantasy, Mystery, Science Fiction",123
2241,d1893,the twilight saga: breaking dawn - part 2,2012,Bill Condon,"Kristen Stewart,Robert Pattinson,Taylor Lautner,Billy Burke,Peter Facinelli,Elizabeth Reaser,Kellan Lutz,Nikki Reed,Jackson Rathbone,Ashley Greene,Michael Sheen,Dakota Fanning,Mackenzie Foy","Adventure, Drama, Family, Fantasy, Romance",115
2241,a501,The Twilight Saga: Breaking Dawn - Part 2,2012,Bill Condon,"Kristen Stewart, Robert Pattinson, Taylor Lautner","Adventure, Drama, Fantasy, Romance",115
2241,d2135,the twilight saga: breaking dawn - part 1,2011,Bill Condon,"Kristen Stewart,Robert Pattinson,Taylor Lautner,Billy Burke,Peter Facinelli,Elizabeth Reaser,Kellan Lutz,Nikki Reed,Jackson Rathbone,Ashley Greene","Adventure, Drama, Family, Fantasy, Romance, Science Fiction",117
2242,d352,stonewall,2015,Roland Emmerich,"Jeremy Irvine,Jonathan Rhys-Meyers,Ron Perlman,Caleb Landry Jones,Karl Glusman,Joey King,Matt Craven,Atticus Mitchell,David Cubitt,Mark Camacho,Andrea Frankle,Joanne Vannicola",Drama,129
2242,b426,Stonewall,2015,Roland Emmerich,"Jonathan Rhys Meyers, Ron Perlman, Caleb Landry Jones, Jeremy Irvine",Drama,129
2243,d5,death at a funeral,2007,Frank Oz,"Matthew MacFadyen,Keeley Hawes,Daisy Donovan,Alan Tudyk,Jane Asher,Rupert Graves,Peter Egan,Peter Dinklage","Comedy, Drama, Foreign",90
2243,a316,Death at a Funeral,2007,Frank Oz,"Matthew Macfadyen, Peter Dinklage, Ewen Bremner",Comedy,90
2244,d2153,new year's eve,2011,Garry Marshall,"Halle Berry,Hilary Swank,Robert De Niro,Michelle Pfeiffer,Jon Bon Jovi,Zac Efron,Sarah Jessica Parker,Ashton Kutcher","Comedy, Romance",118
2244,a600,New Year's Eve,2011,Garry Marshall,"Sarah Jessica Parker, Jessica Biel, Ashton Kutcher","Comedy, Romance",113
2245,c1769,Black Dynamite,2009,Scott Sanders,"Arsenio Hall, Tommy Davidson, Phyllis Applegate","Action, Comedy",84
2245,d2668,black dynamite,2009,Scott Sanders,"Michael Jai White,Tommy Davidson,Bokeem Woodbine,Arsenio Hall,John Salley,Mykelti Williamson,James McManus,Nicole Sullivan","Action, Comedy",90
2246,a562,Hugo,2011,Martin Scorsese,"Asa Butterfield, Chloë Grace Moretz, Christopher Lee","Adventure, Drama, Family, Mystery",126
2246,b528,Hugo,2011,Martin Scorsese,"Ben Kingsley, Sacha Baron Cohen, Asa Butterfield, Ray Winstone","Mystery & Suspense, Kids & Family",126
2246,d2138,hugo,2011,Martin Scorsese,"Asa Butterfield,Emily Mortimer,Jude Law,Ray Winstone,Christopher Lee,Helen McCrory,Michael Stuhlbarg,Richard Griffiths","Adventure, Drama, Family, Fantasy, Mystery",126
2247,b2560,Jackass Presents: Bad Grandpa,2013,Jeff Tremaine,"Johnny Knoxville, Jackson Nicoll, Spike Jonze, Georgina Cates","Documentary, Comedy",92
2247,d1454,jackass presents: bad grandpa,2013,Jeff Tremaine,"Johnny Knoxville,Jackson Nicoll,Bam Margera,Chris Pontius,Preston Lacy,Dave England,Ehren McGhehey","Comedy, Documentary",
2248,a396,Marmaduke,2010,Tom Dey,"Owen Wilson, Judy Greer, Lee Pace","Comedy, Family",87
2248,b378,Marmaduke,2010,Tom Dey,"Owen Wilson, Emma Stone, George Lopez, Christopher Mintz-Pl...","Comedy, Kids & Family",88
2248,d2394,marmaduke,2010,,"Lee Pace,Judy Greer,Owen Wilson,Emma Stone,George Lopez,Christopher,Steve Coogan,Kiefer Sutherland,Sam Elliott","Comedy, Family",87
2249,d2771,fired up,2009,Will Gluck,"Nicholas D'Agosto,Eric Christian Olsen,Sarah Roemer,Molly Sims,Philip Baker Hall,Hayley Marie Norman,Amber Stevens","Comedy, Family, Romance",90
2249,b871,Fired Up,2009,Will Gluck,"Nick D'Agosto, Eric Christian Olsen, Sarah Roemer, Danneel Harriss",Comedy,90
2250,d1578,jayne mansfield's car,2013,Billy Bob Thornton,"Kevin Bacon,Shawnee Smith,Ray Stevenson,John Hurt,Robert Duvall,Billy Bob Thornton,Frances O'Connor,Robert Patrick",Drama,122
2250,a2805,Jayne Mansfield's Car,2013,Billy Bob Thornton,"Tippi Hedren, Kevin Bacon, Ray Stevenson",Drama,122
2251,b876,G-Force,2009,Hoyt Yeatman,"Nicolas Cage, Sam Rockwell, Jon Favreau, Steve Buscemi","Action & Adventure, Kids & Family, Science Fiction & Fantasy, Comedy",90
2251,d2724,g-force,2009,,"Nicolas Cage,Sam Rockwell,Jon Favreau,Steve Buscemi,Bill Nighy,Will Arnett,Zach Galifianakis,Kelli Garner,Tyler Patrick Jones,Piper Mackenzie Harris,Gabriel Casseus,Jack Conley","Action, Adventure, Animation, Family",88
2252,a1935,Match Point,2006,Woody Allen,"Scarlett Johansson, Jonathan Rhys Meyers, Emily Mortimer","Drama, Romance, Thriller",124
2252,d288,match point,2006,Woody Allen,"Scarlett Johansson,Jonathan Rhys-Meyers,Emily Mortimer,Matthew Goode,Brian Cox,Penelope Wilton,Ewen Bremner,James Nesbitt","Crime, Drama, Romance, Thriller",124
2252,b1704,Match Point,2005,Woody Allen,"Jonathan Rhys Meyers, Scarlett Johansson, Matthew Goode, Emily Mortimer","Mystery & Suspense, Drama",124
2253,d1456,the counselor,2013,Ridley Scott,"Michael Fassbender,Brad Pitt,Penelope Cruz,Javier Bardem,Cameron Diaz,Rosie Perez,Goran Višnjić,Bruno Ganz",Thriller,
2253,a2704,The Counselor,2013,Ridley Scott,"Michael Fassbender, Penélope Cruz, Cameron Diaz","Crime, Drama, Thriller",117
2254,d3059,southland tales,2007,Richard Kelly,"Dwayne Johnson,Seann William Scott,Sarah Michelle Gellar,Curtis Armstrong,Mandy Moore,Kevin Smith,Justin Timberlake","Action, Adventure, Comedy, Drama, Science Fiction, Thriller",160
2254,b1356,Southland Tales,2007,Richard Kelly,"Seann William Scott, Sarah Michelle Gella..., Curtis Armstrong, Joe Campana","Musical & Performing Arts, Mystery & Suspense, Science Fiction & Fantasy, Comedy",144
2255,d1970,ted,2012,Seth MacFarlane,"Mark Wahlberg,Mila Kunis,Giovanni Ribisi,Patrick Stewart,Joel McHale,Patrick Warburton,Aedin Mincks,Matt Walsh","Comedy, Fantasy",106
2255,a254,Ted,2012,Seth MacFarlane,"Mark Wahlberg, Mila Kunis, Seth MacFarlane","Comedy, Fantasy",106
2256,d2173,the thing,2011,,"Mary Elizabeth Winstead,Joel Edgerton,Ulrich Thomsen,Eric Christian Olsen","Horror, Mystery, Science Fiction",103
2256,b608,The Thing,2011,Matthijs van Heijningen,"Joel Edgerton, Mary Elizabeth Winst..., Ulrich Thomsen, Adewale Akinnuoye-Ag...","Drama, Horror, Mystery & Suspense, Science Fiction & Fantasy",103
2257,a2935,Stoker,2013,Chan-wook Park,"Mia Wasikowska, Nicole Kidman, Matthew Goode","Drama, Thriller",99
2257,b2682,Stoker,2013,Park Chan-wook,"Mia Wasikowska, Matthew Goode, Nicole Kidman, Dermot Mulroney","Drama, Horror, Mystery & Suspense",98
2257,d1747,stoker,2012,Park Chan-wook,"Mia Wasikowska,Matthew Goode,Nicole Kidman,Dermot Mulroney,Harmony Korine","Drama, Horror, Thriller",98
2258,d2710,fame,2009,Kevin Tancharoen,"Naturi Naughton,Kay Panabaker,Megan Mullally,Bebe Neuwirth,Charles S. Dutton,Kherington Payne,Debbie Allen,Walter Perez,Paul McGill,Paul Iacono,Asher Book,Collins Pennie,Kelsey Grammer","Comedy, Drama, Music",107
2258,b866,Fame,2009,Kevin Tancharoen,"Collins Pennie, Kristy Flores, Asher Book, Paul Iacono","Drama, Romance, Musical & Performing Arts",107
2259,b2294,My Sexiest Year,,Howard Himelstein,"Frankie Muniz, Amber Valletta, Frances Fisher, Ryan Cabrera","Drama, Comedy",93
2259,a2517,My Sexiest Year,2007,Howard Himelstein,"Frankie Muniz, Harvey Keitel, Amber Valletta","Comedy, Drama",93
2260,b823,Arcadia Lost,,Phedon Papamichael,"Nick Nolte, Haley Bennett, Carter Jenkins, Dato Bakhtadze",Drama,95
2260,a882,Arcadia Lost,2010,Phedon Papamichael,"Dato Bakhtadze, Haley Bennett, Lachlan Buchanan",Drama,
2261,b1821,Bickford Shmeckler's Cool Ideas,,Scott Lew,"Patrick Fugit, Olivia Wilde, Matthew Lillard, John Cho",Comedy,75
2261,a2065,Bickford Shmeckler's Cool Ideas,2008,Scott Lew,"Patrick Fugit, Olivia Wilde, Fran Kranz","Comedy, Romance",79
2262,a1694,The Ladykillers,2004,Ethan Coen,"Tom Hanks, Marlon Wayans, Irma P. Hall","Comedy, Crime, Thriller",104
2262,b1479,The Ladykillers,2004,Joel Coen,"Tom Hanks, Irma P. Hall, Marlon Wayans, J.K. Simmons","Drama, Comedy",104
2263,d1523,c.o.g.,2013,Kyle Patrick Alvarez,"Jonathan Groff,Troian Bellisario,Corey Stoll,Dale Dickey,Dennis O'Hare,Dean Stockwell,Casey Wilson,Danny Belrose,Tommy Hestmark",,92
2263,a2681,C.O.G.,2013,Kyle Patrick Alvarez,"Jonathan Groff, Denis O'Hare, Corey Stoll","Comedy, Drama",88
2264,b877,Gallowwalkers,,Andrew Goth,"Wesley Snipes, Riley Smith, Tanit Phoenix, Patrick Bergin","Western, Action & Adventure, Horror, Mystery & Suspense",90
2264,a939,Gallowwalkers,2014,Andrew Goth,"Wesley Snipes, Kevin Howarth, Riley Smith","Action, Fantasy, Horror, Thriller, Western",90
2264,c899,Gallowwalkers,2012,Andrew Goth,"Wesley Snipes, Kevin Howarth, Riley Smith","Action, Fantasy, Horror",90
2265,b2543,I Know That Voice,,Lawrence Shapiro,"Corey Burton, Gregg Berger, Jim Cummings, John DiMaggio","Documentary, Special Interest",90
2265,a2785,I Know That Voice,2013,Lawrence Shapiro,"John DiMaggio, Kevin Conroy, Jim Cummings",Documentary,90
2266,a1261,Just One Night,2000,Alan Jacobs,"Timothy Hutton, Maria Grazia Cucinotta, Udo Kier",Comedy,90
2266,b1086,Just One Night,,Alan Jacobs,"Timothy Hutton, Maria Grazia Cucinot..., Udo Kier, Michael O'Keefe","Drama, Comedy",90
2267,b2539,House of Dust,,A.D. Calvo,"Eddie Hassell, Holland Roden, Inbar Lavi, John Lee Ames","Mystery & Suspense, Horror",88
2267,a2779,House of Dust,2013,A.D. Calvo,"Inbar Lavi, Steven Grayhm, Eddie Hassell","Horror, Thriller",90
2268,a2733,Foodfight!,2013,Lawrence Kasanoff,"Hilary Duff, Haylie Duff, Charlie Sheen","Animation, Action, Comedy, Family, Fantasy",91
2268,c895,Foodfight!,2012,Lawrence Kasanoff,"Hilary Duff, Haylie Duff, Charlie Sheen","Animation, Action, Comedy",91
2268,b2498,Foodfight!,,Lawrence Kasanoff,"Charlie Sheen, Wayne Brady, Chris Kattan, Hilary Duff","Action & Adventure, Animation, Kids & Family, Comedy",91
2269,a72,California Winter,,Odin Ozdil,"Michael Ironside, Rutina Wesley, Erick Avari","Drama, History",
2269,b72,California Winter,,Odin Ozdil,"Elizabeth Dominguez, Michael Ironside, A Martinez, Rutina Wesley",Drama,82
2270,b1313,My Big Break,,Tony Zierra,"Brad Rowe, Chad Lindberg, Gregory Fawcett, Tony Zierra","Documentary, Special Interest",101
2270,a1510,My Big Break,2009,Tony Zierra,"Wes Bentley, Chad Lindberg, Brad Rowe",Documentary,101
2271,a952,He's Just Not That Into You,2009,Ken Kwapis,"Jennifer Aniston, Jennifer Connelly, Morgan Lily","Comedy, Drama, Romance",129
2271,d2846,he's just not that into you,2009,Ken Kwapis,"Ben Affleck,Jennifer Aniston,Drew Barrymore,Scarlett Johansson,Jennifer Connelly,Ginnifer Goodwin,Bradley Cooper,Kevin Connolly,Justin Long","Comedy, Drama, Romance",129
2272,c1144,40 Days and Nights,2012,Peter Geiger,"Alex Carter, Monica Keena, Alex Arleo","Action, Adventure, Sci-Fi",86
2272,b5,40 Days And Nights,,Peter Geiger,"Monica Keena, Alex Carter, Christianna Carmine, Emily Sandifer","Mystery & Suspense, Action & Adventure",90
2273,b119,Dracula Reborn,,Attila Luca,"Tina Balthazar, Yves Carlevaris, Chlo Dumas, Eric Kara","Art House & International, Horror",102
2273,a121,Dracula Reborn,2015,Attila Luca,"Tina Balthazar, Yves Carlevaris, Chloé Dumas",Horror,102
2274,d737,unbroken,2014,Angelina Jolie,"Jack O'Connell,Takamasa Ishihara,Garrett Hedlund,Jai Courtney,Domhnall Gleeson,Finn Wittrock,John Magaro,Alex Russell,Luke Treadaway","Drama, War",137
2274,a2222,Unbroken,2014,Angelina Jolie,"Jack O'Connell, Miyavi, Domhnall Gleeson","Biography, Drama, Sport, War",137
2275,b2010,Moonshine,,Roger Ingraham,"Brian Greer, Sarah Ingraham, Ginny Fitzpatrick, Carol Neiman","Horror, Comedy",77
2275,a2278,Moonshine,2006,Roger Ingraham,"Brian Greer, Sarah Ingraham, Gareth Duvall","Comedy, Horror",73
2276,d498,wild city,2015,Ringo Lam,"Shawn Yue,Louis Koo,Tong Liya,Joseph Chang,Jack Kao Kuo-Hsin,Simon Yam,Sam Lee,Philip Ng,Dave Wong",Action,120
2276,c115,Wild City,2015,Ringo Lam,"Louis Koo, Shawn Yue, Liya Tong","Action, Crime, Thriller",120
2277,d2754,fighting,2009,Dito Montiel,"Channing Tatum,Terrence Howard,Zulay Henao,Altagracia Guzman,Luis Guzman,Roger Guenveur Smith,Michael Rivera,Flaco Navaja,Peter Tambakis","Action, Adventure, Crime, Drama, Thriller",105
2277,a932,Fighting,2009,Dito Montiel,"Channing Tatum, Terrence Howard, Luis Guzmán","Action, Drama, Sport",105
2278,a2695,Company of Heroes,2013,Don Michael Paul,"Tom Sizemore, Alastair Mackenzie, Chad Michael Collins","Action, War",100
2278,b2462,Company of Heroes,,Don Michael Paul,"Tom Sizemore, Neal McDonough, Chad Michael Collins, Jrgen Prochnow","Mystery & Suspense, Action & Adventure",90
2279,a2729,Far Marfa,2013,Cory Van Dyke,"Johnny Sneed, Jolyn Janis, Julie Mintz","Comedy, Drama",86
2279,b2494,Far Marfa,,Cory Van Dyke,"Johnny Sneed, Jesse Bernstein, Julie Mintz, Ty Mitchell","Drama, Comedy",86
2280,a2794,The Inevitable Defeat of Mister & Pete,2013,George Tillman Jr.,"Skylan Brooks, Ethan Dizon, Jordin Sparks",Drama,108
2280,d1550,the inevitable defeat of mister and pete,2013,George Tillman Jr,"Skylan Brooks,Ethan Dizon,Jennifer Hudson,Jordin Sparks,Anthony Mackie,Jeffrey Wright",,120
2281,d88,borat: cultural learnings of america for make benefit glorious nation of kazakhstan,2006,Larry Charles,"Sacha Baron Cohen,Ken Vavitian,Herself",Comedy,82
2281,a2078,Borat: Cultural Learnings of America for Make Benefit Glorious Nation of Kazakhstan,2006,Larry Charles,"Sacha Baron Cohen, Ken Davitian, Luenell",Comedy,84
2282,b419,Small Town Saturday Night,,Ryan Craig,"Chris Pine, Bre Blair, John Hawkes, Lin Shaye",Drama,94
2282,a440,Small Town Saturday Night,2010,Ryan Craig,"Shawn Christian, Chris Pine, Bre Blair",Drama,94
2283,a2919,Shotgun Wedding,2013,Danny Roew,"Mike Damus, Kim Shaw, Joel McKinnon Miller","Comedy, Horror, Romance",92
2283,b2666,Shotgun Wedding,,Danny Roew,"Mike Damus, Kim Shaw, James Eckhouse, Bonita Friedericy","Horror, Comedy",70
2284,a2847,Masterminds,,Jared Hess,"Kristen Wiig, Mary Elizabeth Ellis, Jason Sudeikis","Action, Comedy, Crime",94
2284,b2599,Masterminds,2016,Jared Hess,"Zach Galifianakis, Owen Wilson, Kristen Wiig, Jason Sudeikis",Comedy,90
2285,a2792,Indescribable,2013,Stacie Graber,"Seth Pruski, Rich Swingle, J.C. Scott","Drama, Family, History",94
2285,b2551,Indescribable,,Stacie Graber,"Rich Swingle, Seth Pruski, Garry Nation, JC Scott",Drama,94
2286,b547,Life in a Day,2011,Kevin Macdonald,"Cindy Baer, Drake Shannon, Ashley Meeks","Documentary, Special Interest",90
2286,a582,Life in a Day,2011,Kevin Macdonald,"Hiroaki Aikawa, Cindy Baer, Teagan Bentley","Documentary, Drama",95
2287,a462,Valentine's Day,2010,Garry Marshall,"Julia Roberts, Jamie Foxx, Anne Hathaway","Comedy, Romance",125
2287,d2558,valentine's day,2010,Garry Marshall,"Jessica Alba,Jessica Biel,Bradley Cooper,Eric Dane,Patrick Dempsey,Jamie Foxx,Jennifer Garner,Topher Grace,Anne Hathaway,Ashton Kutcher,Queen Latifah,Taylor Lautner,George Lopez,Shirley MacLaine,Julia Roberts,Taylor Swift","Comedy, Romance",125
2288,c1624,Rakhta Charitra,2010,Ram Gopal Varma,"Vivek Oberoi, Shatrughan Sinha, Sudeep","Action, Biography, Crime",125
2288,c1638,Rakhta Charitra 2,2010,Ram Gopal Varma,"Shatrughan Sinha, Vivek Oberoi, Suriya","Action, Crime, Drama",135
2289,a2466,I'm Not There.,2007,Todd Haynes,"Christian Bale, Cate Blanchett, Heath Ledger","Biography, Drama, Music",135
2289,d3066,i'm not there,2007,Todd Haynes,"Christian Bale,Cate Blanchett,Marcus Carl Franklin,Richard Gere,Heath Ledger,Ben Whishaw,Charlotte Gainsbourg,Julianne Moore",,
2290,a1118,Blades of Glory,2007,Josh Gordon,"Will Ferrell, Jon Heder, Amy Poehler","Comedy, Sport",93
2290,b2164,Blades of Glory,2007,Will Speck & Josh Gordon,"Will Ferrell, Jon Heder, Will Arnett, Amy Poehler",Comedy,93
2291,c292,The Expendables 3,2014,Patrick Hughes,"Sylvester Stallone, Jason Statham, Jet Li","Action, Adventure, Thriller",126
2291,d1078,the expendables 3,2014,Patrick Hughes,"Sylvester Stallone,Jason Statham,Terry Crews,Randy Couture,Antonio Banderas,Jet Li,Wesley Snipes,Dolph Lundgren,Glen Powell,Mel Gibson,Harrison Ford,Arnold Schwarzenegger,Kellan Lutz,Kelsey Grammer,Robert Davi,Ronda Rousey,Victor Ortiz","Action, Adventure, Thriller",126
2292,d1462,man of tai chi,2013,Keanu Reeves,"Keanu Reeves, Tiger Hu Chen,Jeremy Marinas,Steven Dasz,Karen Mok Man-Wai,Michael Chan,Qing Ye,Yu Hai,Sam Lee,Iko Uwais",Action,105
2292,c639,Man of Tai Chi,2013,Keanu Reeves,"Tiger Hu Chen, Keanu Reeves, Karen Mok","Action, Drama",105
2293,a1067,The Uninvited,2009,Charles Guard,"Emily Browning, Arielle Kebbel, Elizabeth Banks","Drama, Horror, Mystery, Thriller",87
2293,b990,The Uninvited,2009,The Guard Brothers,"Emily Browning, Arielle Kebbel, David Strathairn, Elizabeth Banks","Drama, Horror, Mystery & Suspense",87
2293,d2842,the uninvited,2009,"Charles,Thomas Guard","Emily Browning,Arielle Kebbel,David Strathairn,Elizabeth Banks,Maya Massar","Drama, Horror, Thriller",87
2294,b1013,American Psycho,2000,Mary Harron,"Christian Bale, Willem Dafoe, Jared Leto, Reese Witherspoon","Drama, Horror, Mystery & Suspense, Comedy",97
2294,a1182,American Psycho,2000,Mary Harron,"Christian Bale, Justin Theroux, Josh Lucas","Drama, Horror",102
2295,b135,The Fitzgerald Family Christmas,2012,Edward Burns,"Kerry Bish, Edward Burns, Heather Burns, Marsha Dietlein Benn...",Drama,99
2295,a140,The Fitzgerald Family Christmas,2012,Edward Burns,"Kerry Bishé, Connie Britton, Edward Burns",Drama,99
2296,c1685,The Perfect Sleep,2009,Jeremy Alter,"Anton Pardoe, Anthony Dilio, David Beck","Action, Drama, Romance",99
2296,d2744,the perfect sleep,2009,Jeremy Alter,"Anton Pardoe,Roselyn Sanchez,Patrick Bauchau,Tony Amendola","Action, Adventure, Drama, Indie, Thriller",99
2297,a1439,Festival in Cannes,2002,Henry Jaglom,"Anouk Aimée, Rachel Bailit, Greta Scacchi",Comedy,100
2297,b1252,Festival in Cannes,2002,Henry Jaglom,"Anouk Aime, Greta Scacchi, Maximilian Schell, Ron Silver","Drama, Comedy",99
2298,a2547,The Poughkeepsie Tapes,2009,John Erick Dowdle,"Stacy Chbosky, Ben Messmer, Samantha Robson","Horror, Mystery, Thriller",86
2298,b2319,The Poughkeepsie Tapes,2009,John Erick Dowdle,"Luke Wilson, Radha Mitchell, Amy Lyndon, Ben Messmer","Mystery & Suspense, Horror",86
2299,a1154,Dirty Country,2007,Joe Pickett,"Red Peters, Larry Pierce, Clarence Reid",Documentary,70
2299,b2196,Dirty Country,2007,Joe Pickett,"Larry Pierce, Doug Clark's Hot Nut..., Blowfly, John Valby","Documentary, Musical & Performing Arts, Special Interest",70
2300,a1532,Recess: School's Out,2001,Chuck Sheetz,"Andrew Lawrence, Rickey D'Shon Collins, Jason Davis","Animation, Family, Comedy, Mystery, Sci-Fi",82
2300,b1333,Recess: School's Out,2001,Chuck Sheetz,"Andrew Lawrence, James Woods, Dabney Coleman, Ashley Johnson","Animation, Kids & Family, Comedy, Special Interest",82
2301,b146,Fun Size,2012,Josh Schwartz,"Victoria Justice, Thomas Mann, Jane Levy, Thomas McDonell",Comedy,86
2301,a149,Fun Size,2012,Josh Schwartz,"Victoria Justice, Johnny Knoxville, Chelsea Handler","Adventure, Comedy",86
2302,d2213,a better life,2011,Chris Weitz,"Demian Bichir,Jose Julian,Joaquin Cosio,Delores Heredia,Gabriel Chavarria",Drama,98
2302,a497,A Better Life,2011,Chris Weitz,"Demian Bichir, José Julián, Eddie 'Piolin' Sotelo",Drama,98
2302,b472,A Better Life,2011,Chris Weitz,"Demian Bichir, Jos Julin, Dolores Heredia, Joaqun Cosio",Drama,98
2303,b2276,Lust Caution,2007,Ang Lee,"Tony Leung Chiu Wai, Tang Wei, Joan Chen, Leehom Wang","Drama, Romance, Mystery & Suspense",158
2303,d31,"lust, caution",2007,Ang Lee,"Tony Leung,Joan Chen,Tang Wei,Chu Tsz-ying,Wang Lee Hom","Action, Drama, Foreign, Indie, Romance, Thriller",156
2303,a2496,Lust Caution,2007,Ang Lee,"Tony Chiu Wai Leung, Wei Tang, Joan Chen","Drama, Romance, Thriller, War",157
2304,a2473,Itty Bitty Titty Committee,2007,Jamie Babbit,"Melonie Diaz, Ana Mercedes, Cecile Rivore","Comedy, Drama, Romance",87
2304,b2256,Itty Bitty Titty Committee,2007,Jamie Babbit,"Nicole Vicius, Clea DuVall, Melonie Diaz, Daniela Sea","Gay & Lesbian, Comedy",86
2305,c6194,Pit Stop,1969,Jack Hill,"Brian Donlevy, Richard Davalos, Ellen Burstyn","Action, Drama, Sport",92
2305,b2631,Pit Stop,1969,Jack Hill,"Beverly Washburn, George Washburn, Ellen Burstyn, Ellen McRae","Action & Adventure, Classics, Comedy, Cult Movies",92
2306,a1298,Passion of Mind,2000,Alain Berliner,"Demi Moore, Eloise Eonnet, Hadrian Dagannaud-Brouard","Drama, Mystery, Romance, Sci-Fi, Thriller",105
2306,b1121,Passion of Mind,2000,Alain Berliner,"Demi Moore, William Fichtner, Stellan Skarsgard, Sinead Cusack","Drama, Romance",105
2307,b684,Garden Party,2008,Jason Freeland,"Vinessa Shaw, Willa Holland, Richard Gunn, Patrick Fischler","Art House & International, Drama",90
2307,a732,Garden Party,2008,Jason Freeland,"Erik Smith, Tierra Abbott, Vinessa Shaw",Drama,88
2308,b1236,The Curse of the Jade Scorpion,2001,Woody Allen,"Woody Allen, Dan Aykroyd, Helen Hunt, Charlize Theron","Drama, Art House & International, Comedy",102
2308,a1420,The Curse of the Jade Scorpion,2001,Woody Allen,"Greg Stebner, Woody Allen, John Tormey","Comedy, Crime, Mystery",103
2309,a79,Changing the Game,2012,Rel Dowdell,"Jakobi Alvin, Suzzanne Douglas, Thomas Staten",Action,
2309,b79,Changing the Game,2012,Rel Dowdell,"Sean Riggs, Irma P. Hall, Kirk 'Sticky Fingaz'..., Suzzanne Douglas",Drama,103
2310,b1964,Irish Jam,2006,John Eyres,"Eddie Griffin, Anna Friel, Roger Ashton-Griffit..., Kevin McNally",Comedy,90
2310,a2226,Irish Jam,2006,John Eyres,"Dudley Sutton, Tom Georgeson, Anna Friel",Comedy,94
2311,a1718,The Motorcycle Diaries,2004,Walter Salles,"Gael García Bernal, Rodrigo De la Serna, Mía Maestro","Adventure, Biography, Drama",126
2311,b1501,The Motorcycle Diaries,2004,Walter Salles,"Gael Garca Bernal, Rodrigo De la Serna, Mia Maestro, Mercedes Morn",Drama,128
2312,a2030,Al Franken: God Spoke,2006,Nick Doob,"Al Franken, Franni Bryson, Katherine Lanpher",Documentary,90
2312,b1791,Al Franken: God Spoke,2006,Nick Doob,"Al Franken, Franni Franken, Ann Coulter, Michael Moore","Documentary, Musical & Performing Arts, Special Interest",90
2313,a514,Courageous,2011,Alex Kendrick,"Alex Kendrick, Ken Bevel, Kevin Downes",Drama,129
2313,b486,Courageous,2011,Alex Kendrick,"Alex Kendrick, Renee Jewell, Rusty Martin Sr., Rusty Martin Jr.","Drama, Faith & Spirituality",129
2314,a1967,Rize,2005,David LaChapelle,"Tommy the Clown, Larry Berry, Dragon","Documentary, Music",86
2314,b1733,Rize,2005,David LaChapelle,"Lil C, Tommy the Clown, Lil Tommy, Larry","Documentary, Musical & Performing Arts, Special Interest",85
2315,c2614,King Arthur,2004,Antoine Fuqua,"Clive Owen, Stephen Dillane, Keira Knightley","Action, Adventure, Drama",126
2315,b1475,King Arthur,2004,Antoine Fuqua,"Clive Owen, Ioan Gruffudd, Mads Mikkelsen, Joel Edgerton","Drama, Action & Adventure",126
2316,a386,Letters to God,2010,David Nixon,"Tanner Maguire, Jeffrey Johnson, Robyn Lively","Drama, Family",110
2316,b367,Letters To God,2010,David Nixon,"Lisa Curtis, Christopher Schmidt, Lyanna Tumaneng, Tanner Maguire","Drama, Faith & Spirituality, Kids & Family",110
2317,b1240,Domestic Disturbance,2001,Harold Becker,"John Travolta, Vince Vaughn, Matt O'Leary, Teri Polo","Drama, Action & Adventure, Mystery & Suspense",89
2317,a1424,Domestic Disturbance,2001,Harold Becker,"John Travolta, Nick Loren, James Lashly","Crime, Mystery, Thriller",89
2318,b1765,Undiscovered,2005,Meiert Avis,"Pell James, Steven Strait, Shannyn Sossamon, Ashlee Simpson","Drama, Romance, Comedy",98
2318,a2000,Undiscovered,2005,Meiert Avis,"Kip Pardue, Carrie Fisher, Shannyn Sossamon","Comedy, Music, Romance",97
2319,a933,The Final Destination,2009,David R. Ellis,"Nick Zano, Krista Allen, Andrew Fiscella","Horror, Thriller",82
2319,b870,The Final Destination,2009,David R. Ellis,"Bobby Campo, Shantel VanSanten, Mykelti Williamson, Nick Zano","Action & Adventure, Horror",82
2320,b89,Cloud Atlas,2012,Larry Wachowski,"Tom Hanks, Halle Berry, Jim Broadbent, Hugo Weaving","Drama, Science Fiction & Fantasy",172
2320,d1869,cloud atlas,2012,Lana Wachowski,"Halle Berry,Hugh Grant,Jim Broadbent,Hugh Weaving,Susan Sarandon,Tom Hanks","Drama, Science Fiction",172
2321,a1759,Silver City,2004,John Sayles,"Chris Cooper, Thora Birch, Maria Bello","Comedy, Drama, Mystery, Thriller",128
2321,b1538,Silver City,2004,John Sayles,"Chris Cooper, Michael Murphy, Richard Dreyfuss, Danny Huston","Drama, Mystery & Suspense, Comedy",133
2322,b2291,Mr. Untouchable,2007,Marc Levin,"Leon ""Scrap"" Batts, Thelma Grant, Joseph ""Jazz"" Hayden, Jackie Hayden",Documentary,92
2322,a2514,Mr. Untouchable,2007,Marc Levin,"Leroy 'Nicky' Barnes, Don Ferrarone, Thelma Grant","Documentary, Crime",92
2323,d1978,the do-deca-pentathlon,2012,"Jay, Mark Duplass","Mark Kelly,Steve Zissis,Jennifer Lafleur,Reid Williams,Julie Vorus,Noel Wells",Comedy,76
2323,a119,The Do-Deca-Pentathlon,2012,Jay Duplass,"Mark Kelly, Steve Zissis, Jennifer Lafleur",Comedy,76
2324,b1552,Super Size Me,2004,Morgan Spurlock,"Morgan Spurlock, Dr. Daryl Isaacs, Lisa Ganjhu, Stephen Siegel","Documentary, Special Interest",96
2324,a1774,Super Size Me,2004,Morgan Spurlock,"Morgan Spurlock, Daryl Isaacs, Chemeeka Walker","Documentary, Comedy, Drama",100
2325,a2077,Bobby,2006,Emilio Estevez,"Anthony Hopkins, Demi Moore, Sharon Stone","Drama, History",117
2325,b1832,Bobby,2006,Emilio Estevez,"Laurence Fishburne, Heather Graham, Anthony Hopkins, Harry Belafonte",Drama,119
2326,c2336,Smokin' Aces,2006,Joe Carnahan,"Jeremy Piven, Ryan Reynolds, Ray Liotta","Action, Crime, Drama",108
2326,b2353,Smokin' Aces,2007,Joe Carnahan,"Jeremy Piven, Ben Affleck, Sharon Bruneau, Andy Garcia","Drama, Action & Adventure, Comedy",109
2326,a2580,Smokin' Aces,2007,Joe Carnahan,"Jeremy Piven, Ryan Reynolds, Ray Liotta","Action, Crime, Drama, Thriller",108
2327,b1899,Fatwa,2006,John Carter,"Lauren Holly, Roger Guenveur Smith, Angus Macfadyen, Billy Warlock","Mystery & Suspense, Drama",91
2327,a2154,Fatwa,2006,John Carter,"Lacey Chabert, John Doman, Lauren Holly","Drama, Thriller",91
2328,b1404,Brother to Brother,2004,Rodney Evans,"Anthony Mackie, Lawrence Gilliard Jr..., Daniel Sunjata, Larry Gilliard",Drama,90
2328,a1618,Brother to Brother,2004,Rodney Evans,"Anthony Mackie, Lawrence Gilliard Jr., Duane Boutte",Drama,94
2329,a1415,The Center of the World,2001,Wayne Wang,"Shane Edelman, Balthazar Getty, Molly Parker",Drama,88
2329,b1231,The Center of the World,2001,Wayne Wang,"Peter Sarsgaard, Molly Parker, Mel Gorham, Jason McCabe Calacan...","Drama, Romance, Art House & International",86
2330,b1540,Sleepover,2004,Joe Nussbaum,"Alexa Vega, Mika Boorem, Jane Lynch, Sam Huntington","Comedy, Kids & Family",89
2330,a1761,Sleepover,2004,Joe Nussbaum,"Alexa PenaVega, Mika Boorem, Scout Taylor-Compton",Comedy,89
2331,a1710,Melinda and Melinda,2005,Woody Allen,"Will Ferrell, Vinessa Shaw, Chiwetel Ejiofor","Comedy, Drama, Romance",99
2331,b1494,Melinda and Melinda,2005,Woody Allen,"Radha Mitchell, Wallace Shawn, Will Ferrell, Jonny Lee Miller","Drama, Romance, Comedy",108
2332,a2799,iSteve,2013,Ryan Perez,"Justin Long, Art Evans, Juzo Yoshida","Biography, Comedy",79
2332,b2557,iSteve,2013,Ryan Perez,"Justin Long, Jorge Garcia, James Urbaniak, Michaela Watkins","Comedy, Special Interest",
2333,a718,Felon,2008,Ric Roman Waugh,"Stephen Dorff, Marisol Nichols, Vincent Miller","Crime, Drama",104
2333,b671,Felon,2008,Ric Roman Waugh,"Stephen Dorff, Val Kilmer, Harold Perrineau Jr., Sam Shepard","Drama, Action & Adventure, Mystery & Suspense",102
2334,b863,Every Little Step,2009,Adam Del Deo,"Baayork Lee, Donna McKechnie, Charlotte D'Amboise, Bob Avian","Documentary, Drama, Musical & Performing Arts",93
2334,a926,Every Little Step,2009,Adam Del Deo,"German Alexander, Bob Avian, Justin Bellero","Documentary, Music",96
2335,b2500,The Frankenstein Theory,2013,Andrew Weiner,"Kris Lemche, Heather Stephens, Eric Zuckerman, Brian Henderson","Science Fiction & Fantasy, Horror",87
2335,a2735,The Frankenstein Theory,2013,Andrew Weiner,"Kris Lemche, Joe Egender, Timothy V. Murphy","Horror, Sci-Fi",87
2336,a2599,There Will Be Blood,2008,Paul Thomas Anderson,"Daniel Day-Lewis, Paul Dano, Ciarán Hinds",Drama,158
2336,b2371,There Will Be Blood,2007,Paul Thomas Anderson,"Daniel Day-Lewis, Paul Dano, Kevin J. O'Connor, Ciarn Hinds",Drama,158
2336,d3102,there will be blood,2008,Paul Thomas Anderson,"Daniel Day-Lewis,Paul Dano,Kevin J. O'Connor,Ciaran Hinds,Dillon Freasier,Sydney McCallister,David Willis,David Warshofsky,Colton Woodward,Sunday Colleen Foy,Russell Harvard","Drama, Thriller",158
2337,a2365,Snow Blind,2006,Christopher J. Scott,"Molly Aguirre, Tina Basich, Tricia Byrnes",Documentary,105
2337,b2083,Snow Blind,2006,Christopher J. Scott,"Lindsey Jacobellis, Molly Aguirre, Sherman Poppen, Jeff Meyer","Documentary, Sports & Fitness",92
2338,a2216,Idlewild,2006,Bryan Barber,"Big Boi, Terrence Howard, André Benjamin","Crime, Drama, Musical, Romance",121
2338,b1954,Idlewild,2006,Bryan Barber,"Antwan 'Big Boi' Pat..., Paula Patton, Terrence Howard, Faizon Love","Musical & Performing Arts, Drama",121
2339,b1671,Ice Princess,2005,Tim Fywell,"Joan Cusack, Kim Cattrall, Michelle Trachtenber..., Hayden Panettiere","Drama, Kids & Family, Comedy",98
2339,a1900,Ice Princess,2005,Tim Fywell,"Michelle Trachtenberg, Kim Cattrall, Trevor Blumas","Comedy, Drama, Family, Sport",98
2340,b1587,Aliens of the Deep,2005,James Cameron,"James Cameron, Pamela Conrad, Pan Conrad, Dijanna Figueroa","Documentary, Special Interest",47
2340,a1812,Aliens of the Deep,2005,James Cameron,"James Cameron, Anatoly M. Sagalevitch, Genya Chernaiev","Documentary, Family",100
2341,a1879,Goal,2007,Kamal,"Rajith Menon, Aksha Pardasany, Aksha Pardesi","Drama, Romance, Sport",
2341,b1649,Goal,2007,Kamal,"Ranjith Menon, Aksha Pardesi, Muktha George, Rahman","Drama, Comedy",
2342,a2743,Generation Iron,2013,Vlad Yudin,"Arnold Schwarzenegger, Mickey Rourke, Michael Jai White","Documentary, Drama, Sport",106
2342,b2506,Generation Iron,2013,Vlad Yudin,"Mickey Rourke, Kai Greene, Phil Heath, Dennis Wolff","Documentary, Drama, Sports & Fitness, Special Interest",107
2343,a1075,Where the Wild Things Are,2009,Spike Jonze,"Max Records, Catherine O'Hara, Forest Whitaker","Adventure, Drama, Family, Fantasy",101
2343,d2576,where the wild things are,2009,,"Max Records,Pepita Emmerichs,Catherine Keener,Steve Mouzakis,Mark Ruffalo,James Gandolfini,Paul Dano,Catherine O'Hara,Forest Whitaker,Michael Berry Jr.,Chris Cooper,Lauren Ambrose","Adventure, Drama, Family, Fantasy, Science Fiction",101
2343,b998,Where the Wild Things Are,2009,Spike Jonze,"Max Records, Catherine Keener, Benicio Del Toro, Mark Ruffalo","Action & Adventure, Animation, Comedy, Drama, Kids & Family, Science Fiction & Fantasy",101
2344,b2149,American Pastime,2007,Desmond Nakano,"Aaron Yoo, Gary Cole, Leonardo Nam, Masatoshi Nakamura",Drama,107
2344,a1102,American Pastime,2007,Desmond Nakano,"Aaron Yoo, Olesya Rulin, Carlton Bluford","Drama, Romance, Sport",105
2345,b1114,Nothin' 2 Lose,2000,Barry Bowles,"Brian Hooks, Shani Bayet, Carl Gilliard, Michael LaMelle","Comedy, Romance",120
2345,a1290,Nothin' 2 Lose,2000,Barry Bowles,"Brian Hooks, Shani Bayeté, Cedric Pendleton","Comedy, Romance",98
2346,b2363,Suburban Girl,2007,Marc Klein,"Sarah Michelle Gella..., Alec Baldwin, James Naughton, Chris Carmack","Drama, Comedy",97
2346,a2590,Suburban Girl,2007,Marc Klein,"Sarah Michelle Gellar, Alec Baldwin, Maggie Grace","Comedy, Drama, Romance",97
2347,b2119,The War Tapes,2006,Deborah Scranton,"Steve Pink, Mike Moriarty, Zack Bazzi, Lindsay Coletti","Documentary, Special Interest",96
2347,a2408,The War Tapes,2006,Deborah Scranton,"Zack Bazzi, Duncan Domey, Ben Flanders","Documentary, War",97
2348,b651,College Road Trip,2008,Roger Kumble,"Martin Lawrence, Raven, Raven Symone, Donny Osmond",Comedy,82
2348,a699,College Road Trip,2008,Roger Kumble,"Raven-Symoné, Martin Lawrence, Kym Whitley","Adventure, Comedy, Drama, Family",83
2349,b2084,So Much So Fast,2006,Steven Ascher,"Robert Bonazoli, Benjamin Heywood, John Heywood, Melinda Marsh Heywoo...","Documentary, Sports & Fitness, Special Interest",87
2349,a2366,So Much So Fast,2006,Steven Ascher,"Jesse Abbott-Dallamora, Robert Bonazoli, Tyler DiVittorio",Documentary,87
2350,d1956,what to expect when you're expecting,2012,Kirk Jones,"Cameron Diaz,Jennifer Lopez,Elizabeth Banks,Chace Crawford,Brooklyn Decker,Anna Kendrick,Matthew Morrison,Ben Falcone,Dennis Quaid,Chris Rock,Rodrigo Santoro","Comedy, Drama, Romance",110
2350,a272,What to Expect When You're Expecting,2012,Kirk Jones,"Cameron Diaz, Matthew Morrison, J. Todd Smith","Comedy, Drama, Romance",110
2351,b803,Witless Protection,2008,Charles Robert Carner,"Larry The Cable Guy, Ivana Milicevic, Yaphet Kotto, Peter Stormare",Comedy,97
2351,a859,Witless Protection,2008,Charles Robert Carner,"Larry the Cable Guy, Jenny McCarthy, Richard Bull","Comedy, Crime",97
2352,b1621,Daltry Calhoun,2005,Katrina Holden Bronson,"Johnny Knoxville, Juliette Lewis, Kick Gurry, David Koechner",Comedy,93
2352,a1847,Daltry Calhoun,2005,Katrina Holden Bronson,"Johnny Knoxville, Elizabeth Banks, Beth Grant","Comedy, Drama, Music, Romance",100
2353,b121,Dysfunctional Friends,2012,Corey Grant,"Stacey Dash, Terrell Owens, Meagan Good, Persia White",Comedy,111
2353,a123,Dysfunctional Friends,2012,Corey Grant,"Stacey Dash, Wesley Jonathan, Jason Weaver","Comedy, Drama",111
2354,b1802,Apocalypto,2006,Mel Gibson,"Rudy Youngblood, Dalia Hernandez, Jonathan Brewer, Raoul Trujillo","Drama, Action & Adventure, Classics",138
2354,a2042,Apocalypto,2006,Mel Gibson,"Gerardo Taracena, Raoul Trujillo, Dalia Hernández","Action, Adventure, Drama, Thriller",139
2355,a2164,Flourish,2006,Kevin Palys,"Jennifer Morrison, Jesse Spencer, Leighton Meester","Comedy, Drama, Mystery",95
2355,b1909,Flourish,2006,Kevin Palys,"Daniel Roebuck, Victoria L. Kelleher, Ian Brennan, Jesse Spencer","Drama, Art House & International, Mystery & Suspense, Comedy",95
2356,b2382,Whisper,2007,Stewart Hendler,"Josh Holloway, Sarah Wayne Callies, Blake Woodruff, Joel Edgerton","Mystery & Suspense, Drama",95
2356,a2614,Whisper,2007,Stewart Hendler,"Jennifer Shirley, Blake Woodruff, Michael Rooker","Crime, Drama, Horror, Thriller",94
2357,d1603,chennai express,2013,Rohit Shetty,"Deepika Padukone,Shahrukh Khan,Sathyaraj,Nikitin Dheer",,
2357,c651,Chennai Express,2013,Rohit Shetty,"Deepika Padukone, Shah Rukh Khan, Satyaraj","Action, Comedy, Romance",141
2358,a540,From Prada to Nada,2011,Angel Gracia,"Camilla Belle, Alexa PenaVega, Kuno Becker","Comedy, Drama, Romance",107
2358,b508,From Prada to Nada,2011,Angel Gracia,"Alexa Vega, Camilla Belle, Adriana Barraza, Wilmer Valderrama","Drama, Romance, Comedy",106
2359,a2556,Reno 911!: Miami,2007,Robert Ben Garant,"Thomas Lennon, Robert Ben Garant, Kerri Kenney","Comedy, Crime",84
2359,b2330,Reno 911!: Miami,2007,Robert Ben Garant,"Carlos Alazraqui, Lennie Loftin, Mary Birdsong, Robert Ben Garant",Comedy,81
2360,b1026,Best in Show,2000,Christopher Guest,"Christopher Guest, Parker Posey, Eugene Levy, Michael McKean",Comedy,91
2360,a1194,Best in Show,2000,Christopher Guest,"Fred Willard, Eugene Levy, Catherine O'Hara",Comedy,90
2361,a1523,Out Cold,2001,Brendan Malloy,"Flex Alexander, David Denman, A.J. Cook","Comedy, Sport",89
2361,b1324,Out Cold,2001,Brendan Malloy,"Jason London, Lee Majors, A.J. Cook, Willie Garson",Comedy,89
2362,a2345,Scary Movie 4,2006,David Zucker,"Anna Faris, Regina Hall, Craig Bierko","Comedy, Horror",83
2362,b2064,Scary Movie 4,2006,David Zucker,"Anthony Anderson, Craig Bierko, Carmen Electra, Chris Elliott",Comedy,83
2363,b48,The Beauty Inside,2015,Jong-Yeol Baek,"Beom-su Lee, Han Hyo-joo, Ji-han Do, Chun Woo-hee",Comedy,127
2363,a46,The Beauty Inside,2015,Jong-Yeol Baek,"Woo-hee Chun, Ji-han Do, Hyo-ju Han","Drama, Romance",127
2364,b1865,Danika,2006,Ariel Vromen,"Marisa Tomei, Craig Bierko, Regina Hall, Kyle Gallner","Drama, Horror, Mystery & Suspense",79
2364,a2114,Danika,2006,Ariel Vromen,"Marisa Tomei, Hannah Marks, Guy Camilleri","Drama, Horror, Mystery, Thriller",79
2365,b1418,Control Room,2004,Jehane Noujaim,"Sameer Khader, Lt. Josh Rushing, Jamil Azar, George W. Bush","Documentary, Special Interest",83
2365,a1636,Control Room,2004,Jehane Noujaim,"Samir Khader, Josh Rushing, George W. Bush",Documentary,84
2366,a2411,When I Came Home,2006,Dan Lohaus,"Nicole Goodwin, Anthony Manto, Herold Noel",Documentary,70
2366,b2122,When I Came Home,2006,Dan Lohaus,"Herod Noel, Nicole Goodwin, Nicole Prince, Paul Rieckhoff","Documentary, Special Interest",70
2367,a2157,Fifty Pills,2006,Theo Avgerinos,"Diora Baird, Kristen Bell, Michael Masini","Comedy, Crime, Drama",85
2367,b1902,Fifty Pills,2006,Theo Avgerinos,"Lou Taylor Pucci, Kristen Bell, John Hensley, Nora Zehetner","Drama, Comedy",86
2368,a1100,An American Crime,2007,Tommy O'Haver,"Ellen Page, Hayley McFarland, Nick Searcy","Biography, Crime, Drama",98
2368,b2147,An American Crime,2007,Tommy O'Haver,"Catherine Keener, Ellen Page, James Franco, Ari Graynor",Drama,98
2369,b1159,Songcatcher,2001,Maggie Greenwald,"Janet McTeer, Aidan Quinn, Pat Carroll, Jane Adams (II)","Drama, Romance, Musical & Performing Arts",112
2369,a1338,Songcatcher,2001,Maggie Greenwald,"Janet McTeer, Michael Q. Davis, Michael Goodwin","Drama, Music",109
2370,b1695,Lords of Dogtown,2005,Catherine Hardwicke,"John Robinson (IX), Emile Hirsch, Rebecca De Mornay, William Mapother","Drama, Action & Adventure",107
2370,a1926,Lords of Dogtown,2005,Catherine Hardwicke,"Heath Ledger, Emile Hirsch, Victor Rasuk","Biography, Drama, Sport",107
2371,c1059,Drug War,2012,Johnnie To,"Louis Koo, Honglei Sun, Yi Huang","Action, Crime, Drama",107
2371,d1631,drug war,2012,Johnnie To,"Louis Koo,Michelle Ye Xuan,Sun Hong-Lei,Crystal Huang Yi","Action, Drama",107
2372,a711,Drillbit Taylor,2008,Steven Brill,"Owen Wilson, Josh Peck, Alex Frost","Comedy, Drama",110
2372,b665,Drillbit Taylor,2008,Steven Brill,"Owen Wilson, Troy Gentile, Nate Hartley, Casey Boersma",Comedy,101
2373,c618,Dhoom:3,2013,Vijay Krishna Acharya,"Aamir Khan, Katrina Kaif, Abhishek Bachchan","Action, Crime, Thriller",172
2373,d1334,dhoom: 3,2013,Vijay Krishna Acharya,"Aamir Khan,Katrina Kaif,Abhishek Bachchan,Uday Chopra,Riya Ray,Elizabeth Reiners",Action,
2374,a2570,Shooter,2007,Antoine Fuqua,"Mark Wahlberg, Michael Peña, Rhona Mitra","Action, Crime, Drama, Mystery, Thriller",124
2374,b2344,Shooter,2007,Antoine Fuqua,"Mark Wahlberg, Michael Pea, Danny Glover, Kate Mara","Drama, Action & Adventure, Mystery & Suspense",125
2375,a1189,The Beach,2000,Danny Boyle,"Leonardo DiCaprio, Daniel York, Patcharawan Patarakijjanon","Adventure, Drama, Thriller",119
2375,b1020,The Beach,2000,Danny Boyle,"Leonardo DiCaprio, Tilda Swinton, Virginie Ledoyen, Guillaume Canet","Drama, Action & Adventure, Romance",119
2376,a1531,Rat Race,2001,Jerry Zucker,"Breckin Meyer, Amy Smart, Whoopi Goldberg","Adventure, Comedy",112
2376,b1332,Rat Race,2001,Jerry Zucker,"John Cleese, Rowan Atkinson, Breckin Meyer, Jon Lovitz",Comedy,112
2377,a2161,Flags of Our Fathers,2006,Clint Eastwood,"Ryan Phillippe, Barry Pepper, Joseph Cross","Drama, History, War",135
2377,b1906,Flags of Our Fathers,2006,Clint Eastwood,"Ryan Phillippe, Jesse Bradford, Adam Beach, John Benjamin Hickey","Drama, Action & Adventure",131
2378,d2683,"the goods: live hard, sell hard",2009,Neal Brennan,"Jeremy Piven,Ving Rhames,James Brolin,David Koechner,Kathryn Hahn,Ed Helms,Jordana Spiro,Charles Napier,Tony Hale,Ken Jeong,Rob Riggle,Alan Thicke",Comedy,90
2378,a945,The Goods: Live Hard Sell Hard,2009,Neal Brennan,"Jeremy Piven, Ving Rhames, David Koechner",Comedy,89
2379,b1898,Fast Food Nation,2006,Richard Linklater,"Greg Kinnear, Patricia Arquette, Bobby Cannavale, Luis Guzman","Drama, Comedy",106
2379,a2153,Fast Food Nation,2006,Richard Linklater,"Greg Kinnear, Bruce Willis, Catalina Sandino Moreno","Comedy, Drama, Romance",116
2380,a82,Chernobyl Diaries,2012,Bradley Parker,"Jesse McCartney, Jonathan Sadowski, Olivia Taylor Dudley","Horror, Mystery, Thriller",86
2380,b82,Chernobyl Diaries,2012,Bradley Parker,"Ingrid Bols Berdal, Ingrid Bolso Berdal, Dimitri Diatchenko, Olivia Taylor Dudley","Drama, Horror",86
2381,b2448,Bridegroom,2013,Linda Bloodworth-Thomason,"Cindy Bitney, David Crone, Jessica Mitchell, Lizzy Mohl","Documentary, Special Interest",79
2381,a2677,Bridegroom,2013,Linda Bloodworth-Thomason,"Sasha Andreev, Cindy Bitney, Thomas Bridegroom",Documentary,
2382,a2621,Year of the Dog,2007,Mike White,"Molly Shannon, John C. Reilly, Peter Sarsgaard","Comedy, Drama",97
2382,b2389,Year of the Dog,2007,Mike White,"Molly Shannon, Laura Dern, Regina King, Josh Pais","Drama, Art House & International, Comedy",96
2383,b51,Bending the Rules,2012,Artie Mandelberg,"Edge, Jamie Kennedy, Philip Baker Hall, Jessica Walter","Drama, Action & Adventure, Sports & Fitness",83
2383,a49,Bending the Rules,2012,Artie Mandelberg,"Jamie Kennedy, Adam Copeland, Jennifer Esposito","Comedy, Crime",83
2384,a2751,Grace Unplugged,2013,Brad J. Silverman,"AJ Michalka, Kelly Thiebaud, James Denton","Drama, Music",102
2384,b2514,Grace Unplugged,2013,Brad J. Silverman,"Amanda Michalka, James Denton, Kevin Pollak, Shawnee Smith","Drama, Faith & Spirituality",101
2385,a509,The Chaperone,2011,Stephen Herek,"Paul Levesque, Kevin Corrigan, José Zúñiga","Action, Comedy, Family",103
2385,b481,The Chaperone,2011,Stephen Herek,"Triple H, Ariel Winter, Kevin Corrigan, Annabeth Gish","Comedy, Kids & Family",104
2386,b1583,The Year of the Yao,2005,Adam Del Deo,"Yao Ming, Charles Barkley, Michael Irvin, Shaquille O'Neal","Documentary, Sports & Fitness, Special Interest",88
2386,a1806,The Year of the Yao,2005,Adam Del Deo,"Ming Yao, Colin Pine, Shaquille O'Neal",Documentary,88
2387,a1807,You Got Served,2004,Chris Stokes,"Omarion Grandberry, J-Boog, Raz B","Drama, Music",95
2387,b1584,You Got Served,2004,Chris Stokes,"Omari Grandberry, Omarion Grandberry, Marques Houston, Jennifer Nicole Free...","Drama, Musical & Performing Arts, Comedy",95
2388,d1209,nymphomaniac: vol. i,2014,Lars von Trier,"Charlotte Gainsbourg,Stellan Skarsgård,Stacy Martin,Shia LaBeouf,Christian Slater,Uma Thurman,Sophie Kennedy Clark,Connie Nielsen",Drama,118
2388,d1287,nymphomaniac: vol. ii,2014,Lars von Trier,"Charlotte Gainsbourg,Stellan Skarsgård,Shia LaBeouf,Jean-Marc Barr,Udo Kier,Jamie Bell,Willem Dafoe,Mia Goth,Michael Pas,Stacy Martin","Drama, Mystery",123
2389,a1215,Coyote Ugly,2000,David McNally,"Piper Perabo, Adam Garcia, John Goodman","Comedy, Drama, Music, Romance",100
2389,b1045,Coyote Ugly,2000,David McNally (II),"Piper Perabo, Maria Bello, Melanie Lynskey, Adam Garcia","Drama, Comedy",100
2390,a416,Piranha 3D,2010,Alexandre Aja,"Elisabeth Shue, Jerry O'Connell, Richard Dreyfuss","Comedy, Horror",88
2390,b398,Piranha 3-D,2010,Alexandre Aja,"Adam Scott, Elisabeth Shue, Jerry O'Connell, Ving Rhames","Horror, Mystery & Suspense, Comedy",89
2391,a1127,Broken English,2008,Zoe R. Cassavetes,"Parker Posey, Melvil Poupaud, Gena Rowlands","Comedy, Drama, Romance",93
2391,d113,broken english,2007,Zoe Cassavetes,"Parker Posey,Melvil Poupaud,Drea de Matteo,Justin Theroux,Josh Hamilton,Tim Guinee,Gena Rowlands,Peter Bogdanovich,Roy Thinnes","Comedy, Drama, Indie, Romance",97
2391,b2172,Broken English,2007,Zoe R. Cassavetes,"Parker Posey, Melvil Poupaud, Drea de Matteo, Nadia Dajani","Drama, Art House & International, Comedy",96
2392,d404,sinister 2,2015,Ciaran Foy,"Shannyn Sossamon,James Ransone,Tate Ellington,Nicholas King,Lucas Jade Zumann,Caden M. Fritz,Jaden Klein,Delphine Pontvieux,Olivia Rainey,Laila Haley,Dartanian Sloan,Robert Daniel Sloan",Horror,97
2392,b239,Sinister 2,2015,Ciaran Foy,"James Ransone, Shannyn Sossamon, Lea Coco, Robert Sloan",Horror,90
2393,c3314,Simon Sez,1999,Kevin Alyn Elders,"Dennis Rodman, Dane Cook, John Pinette","Action, Comedy",85
2393,b2875,Simon Sez,1999,Kevin Elders,"Dennis Rodman, Xin Xin Xiong, Dane Cook, Natalia Cigliuti","Action & Adventure, Art House & International, Comedy",84
2394,d2608,"bad lieutenant: port of call, new orleans",2009,Werner Herzog,"Nicolas Cage,Eva Mendes,Val Kilmer,Fairuza Balk,Shawn Hatosy,Jennifer Coolidge,Vondie Curtis-Hall,Brad Dourif,Irma P. Hall","Drama, Thriller",122
2394,a888,Bad Lieutenant: Port of Call New Orleans,2009,Werner Herzog,"Nicolas Cage, Eva Mendes, Russell M. Haeuser","Crime, Drama",122
2395,d2451,waiting for superman,2010,Davis Guggenheim,"Geoffrey Canada,Michelle Rhee,Daisy Esparza,Bianca Hill,Anthony Black,Bill Strickland",Documentary,102
2395,b441,Waiting for Superman,2010,Davis Guggenheim,"Geoffrey Canada, George Reeves","Documentary, Special Interest",103
2396,b1696,The Lost City,2005,Andy Garcia,"Andy Garcia, Dustin Hoffman, Bill Murray, Ins Sastre",Drama,143
2396,d162,the lost city,2006,Andy Garcia,"Andy Garcia,Bill Murray,Ines Sastre,Dustin Hoffman,Tomas Milian,Steven Bauer,Nestor Carbonell,William Marquez,Julio Oscar Mechoso,Enrique Murciano,Elizabeth Pena,Millie Perkins,Tony Plana","Drama, Romance",144
2396,a1927,The Lost City,2006,Andy Garcia,"Andy Garcia, Inés Sastre, Bill Murray",Drama,144
2397,d1488,the hunger games: catching fire,2013,Francis Lawrence,"Jennifer Lawrence,Josh Hutcherson,Liam Hemsworth,Sam Claflin,Elizabeth Banks,Alan Ritchson,Jena Malone,Stanley Tucci,Willow Shields,Woody Harrelson,Philip Seymour Hoffman,Donald Sutherland,Amanda Plummer,Meta Golding,Lenny Kravitz,Lynn Cohen,Toby Jones,Stephanie Leigh Schlund,Bruno Gunn,Maria Howell,E. Roger Mitchell,Patrick St. Esprit","Action, Adventure, Science Fiction, Thriller",146
2397,a2782,The Hunger Games: Catching Fire,2013,Francis Lawrence,"Jennifer Lawrence, Josh Hutcherson, Liam Hemsworth","Adventure, Sci-Fi, Thriller",146
2398,a2062,Bella,2007,Alejandro Monteverde,"Eduardo Verástegui, Tammy Blanchard, Manny Perez","Drama, Romance",91
2398,d3174,bella,2007,Alejandro Gomez Monteverde,"Eduardo Verastegui,Tammy Blanchard,Manny Perez,Ali Landry,Ramon Rodriguez","Drama, Foreign, Romance",86
2399,b719,Man on Wire,2008,James Marsh,"Alan Welner, Annie Allix, Jim Moore, Jean Franois Heckel","Documentary, Special Interest",94
2399,a769,Man on Wire,2008,James Marsh,"Philippe Petit, Jean François Heckel, Jean-Louis Blondeau","Documentary, Biography, History",94
2399,d2991,man on wire,2008,James Marsh,"Jean-Louis Blondeau,Paul McGill,Annie Allix,Ardis Campbell,David Demato","Documentary, Indie",94
2400,a2778,Hours,2013,Eric Heisserer,"Paul Walker, Genesis Rodriguez, Nancy Nave","Drama, Thriller",97
2400,d1433,hours,2013,Eric Heisserer,"Paul Walker,Génesis Rodríguez,Nick Gomez,Judd Lormand,Lena Clark,Tony Bentley","Drama, Thriller",97
2401,a2800,It's a Disaster,2013,Todd Berger,"Rachel Boston, Laura Adkin, Kevin M. Brennan","Comedy, Drama",88
2401,d1708,it's a disaster,2013,Todd Berger,"Julia Stiles,David Cross,America Ferrera,Blaise Miller,Erinn Hayes,Jeff Grace,Kevin M. Brennan","Comedy, Disaster",88
2402,a2772,The Hobbit: The Desolation of Smaug,2013,Peter Jackson,"Ian McKellen, Martin Freeman, Richard Armitage","Adventure, Fantasy",161
2402,d1320,the hobbit: the desolation of smaug,2013,Peter Jackson,"Martin Freeman,Andy Serkis,Elijah Wood,Hugo Weaving,Ian McKellen,Ian Holm,Christopher Lee,Mikael Persbrandt,Sylvester McCoy,Stephen Fry,Benedict Cumberbatch,John Bell,Dean O'Gorman,Terry Notary,Lee Pace,Evangeline Lilly,Orlando Bloom,Richard Armitage,Luke Evans,Manu Bennett,Billy Connolly,Adam Brown,Peter Hambleton,Stephen Hunter,William Kircher,Aidan Turner","Adventure, Fantasy",170
2403,a35,Barbie: The Princess & the Popstar,2012,Ezekiel Norton,"Kelly Sheridan, Jennifer Waris, Ashleigh Ball","Animation, Family",86
2403,b37,Barbie: The Princess & the Popstar,,Ezekiel Norton,Kelly Sheridan,"Animation, Kids & Family",76
2404,a205,ParaNorman,2012,Chris Butler,"Kodi Smit-McPhee, Anna Kendrick, Christopher Mintz-Plasse","Animation, Adventure, Comedy, Family, Fantasy",92
2404,b205,ParaNorman,2012,Chris Butler (XII),"Kodi Smit-McPhee, Tucker Albrizzi, Casey Affleck, Anna Kendrick","Action & Adventure, Animation, Kids & Family, Comedy",93
2405,d2176,paranormal activity 3,2011,"Henry Joost,Ariel Schulmani","Chris Smith,Katie Featherston,Sprague Grayden,Lauren Bittner,Chloe Csengery,Brian Boland,Dustin Ingram,Mark Fredrichs",Horror,83
2405,a604,Paranormal Activity 3,2011,Henry Joost,"Chloe Csengery, Jessica Tyler Brown, Christopher Nicholas Smith",Horror,83
2406,a2467,In the Land of Women,2007,Jon Kasdan,"Adam Brody, Kristen Stewart, Meg Ryan","Comedy, Drama, Romance",97
2406,b2250,In the Land of Women,2007,Jonathan Kasdan,"Adam Brody, Meg Ryan, Olympia Dukakis, Makenzie Vega","Drama, Comedy",98
2407,a531,Everything Must Go,2011,Dan Rush,"Will Ferrell, Rebecca Hall, Christopher Jordan Wallace","Comedy, Drama",97
2407,b500,Everything Must Go,2011,Daniela Rush,"Will Ferrell, Rebecca Hall, Michael Pea, Christopher Jordan W...","Drama, Comedy",97
2408,a239,Silent Hill: Revelation 3D,2012,Michael J. Bassett,"Adelaide Clemens, Kit Harington, Sean Bean","Horror, Mystery, Thriller",95
2408,b236,Silent Hill: Revelation,2012,Michael J. Bassett,"Adelaide Clemens, Kit Harington, Deborah Kara Unger, Martin Donovan","Mystery & Suspense, Horror",94
2409,d2914,nick & norah's infinite playlist,2008,Peter Sollett,"Michael Cera,Kat Dennings,Ari Graynor,Alexis Dziena","Comedy, Drama, Family, Romance",90
2409,a783,Nick and Norah's Infinite Playlist,2008,Peter Sollett,"Michael Cera, Kat Dennings, Aaron Yoo","Comedy, Drama, Music, Romance",90
2410,c753,Ip Man: The Final Fight,2013,Herman Yau,"Anthony Chau-Sang Wong, Gillian Chung, Jordan Chan","Action, Biography, Drama",100
2410,d1533,ip man: the final fight,2013,Herman Yau,"Anthony Wong Chau-Sang,Gillian Chung,Eric Tsang,Zhou Chu-Chu,Timmy Hung,Jiang Lu-Xia,Xiong Xin-Xin,Anita Yuen,Jordan Chan Siu-Chun","Action, Drama",100
2411,b869,Love at First Fight,2015,Thomas Cailley,"Adle Haenel, Kvin Azas, William Lebghil, Brigitte Roan","Drama, Romance, Comedy",98
2411,d575,love at first fight,2015,Thomas Cailley,"Adèle Haenel,Kevin Azais,Antoine Laurent,Brigitte Roüan,William Lebghil,Thibaut Berducat,Nicolas Wanczycki,Frédéric Pellegeay,Steve Tientcheu","Comedy, Romance",98
2412,d582,survivor,2015,James McTeigue,"Milla Jovovich,Pierce Brosnan,Dylan McDermott,Angela Bassett,Robert Forster,James D'Arcy,Roger Rees,Genevieve O'Reilly,Frances de la Tour,Sonya Cassidy","Action, Thriller",96
2412,c67,Survivor,2015,James McTeigue,"Dylan McDermott, Royce Pierreson, Ben Starr","Action, Crime, Thriller",96
2413,a532,Extremely Loud & Incredibly Close,2012,Stephen Daldry,"Thomas Horn, Tom Hanks, Sandra Bullock","Adventure, Drama, Mystery",129
2413,d2010,extremely loud and incredibly close,2012,Stephen Daldry,"Thomas Horn,Sandra Bullock,Viola Davis,John Goodman,Jeffrey Wright,Max von Sydow,Zoe Caldwell,Tom Hanks",Drama,129
2414,b777,Strange Wilderness,2008,Fred Wolf (II),"Steve Zahn, Allen Covert, Jonah Hill, Kevin Heffernan",Comedy,87
2414,a833,Strange Wilderness,2008,Fred Wolf,"Steve Zahn, Allen Covert, Justin Long","Adventure, Comedy",87
2415,a1611,The Blue Butterfly,2004,Léa Pool,"Marc Donato, William Hurt, Pascale Bussières","Drama, Adventure",97
2415,b1399,The Blue Butterfly,2004,La Pool,"William Hurt, Pascale Bussieres, Raoul Trujillo, Steve Adams","Drama, Action & Adventure, Kids & Family",100
2416,c215,Revenge of the Green Dragons,2014,Wai-Keung Lau,"Justin Chon, Kevin Wu, Harry Shum Jr.","Action, Crime, Drama",94
2416,d897,revenge of the mekons,2014,Joe Angio,,"Documentary, Music",95
2416,d860,revenge of the green dragons,2014,"Andrew Lau Wai-Keung,Andrew Loo","Justin Chon,Kevin Wu,Harry Shum Jr.,Ray Liotta","Action, Crime, Drama",94
2417,a2457,Honeydripper,2008,John Sayles,"Danny Glover, LisaGay Hamilton, Yaya DaCosta","Crime, Drama, History, Music, Musical",124
2417,d3112,honeydripper,2008,,"Danny Glover,Lisa Gay Hamilton,Charles S. Dutton,Vondie Curtis-Hall,Mary Steenburgen,Gary Clark Jr.,Mable John,Stacy Keach,Yaya DaCosta","Drama, Music",124
2417,b2241,Honeydripper,2007,John Sayles,"Danny Glover, Lisa Gay Hamilton, Yaya DaCosta, Charles S. Dutton",Drama,122
2418,a294,Buried,2010,Rodrigo Cortés,"Ryan Reynolds, José Luis García Pérez, Robert Paterson","Drama, Mystery, Thriller",95
2418,d2444,buried,2010,Rodrigo Cortes,"Robert Paterson,Stephen Tobolowsky,Samantha Mathis,Ivana Mino","Drama, Foreign, Mystery, Thriller",95
2419,d68,quinceañera,2006,,"Emily Rios,Jesse Garcia,Chalo Gonzalez,David W. Ross,J.R. Cruz,Araceli Guzman-Rico,Jesus Castanos-Chima,Johnny Chavez,Alicia Sixtos",Drama,
2419,a2324,Quinceañera,2006,Richard Glatzer,"Emily Rios, Jesse Garcia, Chalo González",Drama,90
2420,d1655,20 feet from stardom,2013,Morgan Neville,"Darlene Love,Patti Austin,Merry Clayton,Lisa Fischer,Bette Midler,Mick Jagger,Sting,Sheryl Crow,Bruce Springsteen,Stevie Wonder,Lou Adler,Stevvi Alexander,Chris Botti",,89
2420,b2397,20 Feet From Stardom,2013,Morgan Neville,"Bette Midler, Lesley Miller, Arnold McCuller, Janice Pendarvis","Musical & Performing Arts, Documentary",89
2421,a1445,Freddy Got Fingered,2001,Tom Green,"Tom Green, Rip Torn, Marisa Coughlan",Comedy,87
2421,b1257,Freddy Got Fingered,2001,Tom Green (III),"Tom Green (III), Rip Torn, Marisa Coughlan, Eddie Kaye Thomas",Comedy,92
2422,b2524,Hansel and Gretel Get Baked,2013,Duane Journey,"Molly Quinn, Michael Welch, Lara Flynn Boyle, Cary Elwest","Action & Adventure, Horror, Comedy",100
2422,a2761,Hansel & Gretel Get Baked,2013,Duane Journey,"Molly C. Quinn, Michael Welch, Lara Flynn Boyle","Comedy, Horror",86
2423,b1659,Herbie: Fully Loaded,2005,Angela Robinson (III),"Lindsay Lohan, Michael Keaton, Matt Dillon, Breckin Meyer","Comedy, Kids & Family",100
2423,a1888,Herbie Fully Loaded,2005,Angela Robinson,"Lindsay Lohan, Michael Keaton, Cheryl Hines","Adventure, Comedy, Family, Fantasy, Romance, Sport",101
2424,a2037,American Hardcore,2006,Paul Rachman,"Greg Ginn, Ian MacKaye, Lucky Lehrer","Documentary, History, Music",100
2424,b1796,American Hardcore,2006,Paul Rachman,"The Circle Jerks, Flea, M.D.C., Poison Idea","Musical & Performing Arts, Documentary",98
2425,a1687,Johnson Family Vacation,2004,Christopher Erskin,"Cedric the Entertainer, Shannon Elizabeth, Shad Moss",Comedy,97
2425,b1472,Johnson Family Vacation,2004,Christopher Erskin,"Cedric the Entertain..., Vanessa L. Williams, Bow Wow, Steve Harvey",Comedy,97
2426,a2917,She Wants Me,2012,Rob Margolies,"Aaron Yoo, Alex Solowitz, Brennan Murray",Comedy,85
2426,b2664,She Wants Me,2012,Rob Margolies,"Josh Gad, Kristen Ruhlin, Hilary Duff, Johnny Messner",Comedy,85
2427,b1511,Otaku Unite!,2004,Eric Bresler,"Carl Macek, Gilles Poitras, Helen McCarthy, Mike Tatsugawa","Documentary, Animation, Musical & Performing Arts, Special Interest",70
2427,a1730,Otaku Unite!,2004,Eric Bresler,"Steven R. Bennett, Stephanie Brown, Jonathan David Cook",Documentary,70
2428,a1373,Woman on Top,2000,Fina Torres,"Penélope Cruz, Murilo Benício, Harold Perrineau","Comedy, Fantasy, Romance",92
2428,b1193,Woman on Top,2000,Fina Torres,"Penelope Cruz, Murilo Bencio, Anne Ramsey, Harold Perrineau Jr.","Drama, Romance, Comedy",83
2429,b1160,Sound and Fury,2000,Josh Aronson,"Scott Davidson, Chris Artinian, Mari Artinian, Nita Artinian","Documentary, Special Interest",77
2429,a1339,Sound and Fury,2000,Josh Aronson,"Jaime Leigh Allen, Jemma Braham, Freeda Cat",Documentary,80
2430,a2525,No End in Sight,2007,Charles Ferguson,"Campbell Scott, Gerald Burke, Ali Fadhil","Documentary, War",102
2430,d3171,no end in sight,2007,Charles Ferguson,With Campbell Scott,"Documentary, Indie",102
2430,b2301,No End in Sight,2007,Charles Ferguson,"Barbara Bodine, Chris Allbritton, Col. Lawrence Wilker..., Colonel Paul Hughes","Documentary, Special Interest",102
2431,b1735,Roll Bounce,2005,Malcolm D. Lee,"Bow Wow, Chi McBride, Wesley Jonathan, Jurnee Smollett","Drama, Comedy",118
2431,a1969,Roll Bounce,2005,Malcolm D. Lee,"Shad Moss, Nick Cannon, Meagan Good","Comedy, Drama, Music, Romance",112
2432,b1853,Color of the Cross,2006,Jean-Claude La Marre,"Jean Claude Lamarre, Debbi Morgan, David Gianopoulos, Elya Baskin","Drama, Faith & Spirituality",88
2432,a2102,Color of the Cross,2006,Jean-Claude La Marre,"Jean-Claude La Marre, Johann John Jean, Adam Green",Drama,108
2433,b2710,White Reindeer,2013,Zach Clark,"Anna Margaret Hollym..., Laura Lemar-Goldsbor..., Laura Lemar, Nathan Williams",Comedy,82
2433,a2966,White Reindeer,2013,Zach Clark,"Anna Margaret Hollyman, Laura Lemar-Goldsborough, Lydia Hyslop","Comedy, Drama",82
2434,a44,BearCity 2: The Proposal,2012,Douglas Langway,"Kevin Smith, Kathy Najimy, Richard Riehle",Comedy,110
2434,b45,BearCity 2: The Proposal,2012,Douglas Langway,"Gerald McCullouch, Joe Conti, Stephen Guarino, Brian Keane",Comedy,105
2435,b2222,Glass Lips,2007,Lech Majewski,"Grzegorz Przybyl, Patryk Czajka, Joanna Litwin, Misia Rutkowska","Drama, Art House & International, Special Interest",99
2435,a2434,Glass Lips,2007,Lech Majewski,"Anna Banasik, Marzena Bartoszek, Jerzy Bereznicki",Drama,100
2436,a286,BearCity,2010,Douglas Langway,"Alex Di Dio, Kevin E. Smith, Joe Conti",Comedy,104
2436,b280,Bearcity,2010,Doug Langway,"Gerald McCullough, Chris March, Joe Conti, Gerald McCullouch",Comedy,100
2437,a2697,Computer Chess,2013,Andrew Bujalski,"Kriss Schludermann, Tom Fletcher, Wiley Wiggins",Comedy,92
2437,b2464,Computer Chess,2013,Andrew Bujalski,"Patrick Riester, Myles Paige, Gordon Kindlmann, Robin Schwartz",Comedy,92
2438,b1526,Riding Giants,2004,Stacy Peralta,"Sean Penn, Sam George, Dick Brewer, Buzzy Kerbox","Documentary, Sports & Fitness, Special Interest",105
2438,a1746,Riding Giants,2004,Stacy Peralta,"Laird John Hamilton, Darrick Doerner, Dave Kalama","Documentary, History, Sport",105
2439,a633,The Smurfs,2011,Raja Gosnell,"Hank Azaria, Katy Perry, Jonathan Winters","Animation, Adventure, Comedy, Family, Fantasy",103
2439,b595,The Smurfs,2011,Raja Gosnell,"Neil Patrick Harris, Sofa Vergara, Jayma Mays, Tim Gunn","Action & Adventure, Animation, Kids & Family, Science Fiction & Fantasy, Comedy",103
2440,b1825,Black Christmas,2006,Glen Morgan,"Katie Cassidy, Michelle Trachtenber..., Kristen Cloke, Crystal Lowe","Mystery & Suspense, Horror",84
2440,a2070,Black Christmas,2006,Glen Morgan,"Michelle Trachtenberg, Mary Elizabeth Winstead, Lacey Chabert","Horror, Thriller",84
2441,b2008,Monster House,2006,Gil Kenan,"Steve Buscemi, Nick Cannon, Maggie Gyllenhaal, Jon Heder","Action & Adventure, Animation, Kids & Family",91
2441,a2276,Monster House,2006,Gil Kenan,"Mitchel Musso, Sam Lerner, Spencer Locke","Animation, Comedy, Family, Fantasy, Mystery",91
2442,d3128,the kite runner,2007,Marc Forster,"Khalid Abdalla,Ahmad Khan Mahmoodzada,Homayoun Ershadi,Nabi Tanha,Elham Ehsas",Drama,128
2442,b2262,The Kite Runner,2007,Marc Forster,"Shaun Toub, Atossa Leoni, Homayon Ershadi, Ahmad Khan Mahmoodza...",Drama,127
2443,a73,Call Me Kuchu,2013,Katherine Fairfax Wright,"David Kato, Christopher Senyonjo","Documentary, Drama",87
2443,b73,Call Me Kuchu,2013,Katherine Fairfax Wright,"Bishop Senyonjo, David Kato Kisule, Naome Ruzindana, Stosh","Documentary, Drama, Special Interest",87
2444,a1962,Racing Stripes,2005,Frederik Du Chau,"Frankie Muniz, David Spade, Snoop Dogg","Adventure, Comedy, Drama, Family, Sport",102
2444,b1727,Racing Stripes,2005,Frederik Du Chau,"Bruce Greenwood, Hayden Panettiere, M. Emmet Walsh, Wendie Malick","Drama, Kids & Family, Comedy",101
2445,b1966,Jack Smith and the Destruction of Atlantis,2006,Mary Jordan,"Agosto Machado, Ari Roussimoff, Billy Name, Ela Troyano","Documentary, Television, Musical & Performing Arts",95
2445,a2228,Jack Smith and the Destruction of Atlantis,2006,Mary Jordan,"Jack Smith, Nayland Blake, Ira Cohen",Documentary,94
2446,a2926,Sound City,2013,Dave Grohl,"Trent Reznor, Tom Petty, Mick Fleetwood","Documentary, Music",107
2446,b2673,Sound City,2013,Dave Grohl,"Dave Grohl, Joe Barresi, Butch Vig, Kevin Cronin","Musical & Performing Arts, Documentary",108
2447,b2009,The Monster of Phantom Lake,2006,Christopher R. Mihm,"Christopher R. Mihm, Rachel Grubb, Brad Tracy, Lindsay Holmes","Horror, Comedy",97
2447,a2277,The Monster of Phantom Lake,2006,Christopher R. Mihm,"Josh Craig, Leigha Horton, Deanne McDonald","Comedy, Horror, Sci-Fi",97
2448,a1929,Mad Hot Ballroom,2005,Marilyn Agrelo,"Heather Berman, Emma Therese Biegacki, Eva Carrozza","Documentary, Family, Music",105
2448,b1698,Mad Hot Ballroom,2005,Marilyn Agrelo,"Madeleine Hackney, Rodney Lopez, Wilson Castillo, Victoria Malvagno","Documentary, Kids & Family, Musical & Performing Arts, Special Interest",110
2449,b2676,Spirit Of The Marathon II,2013,Jon Dunham,"Bill Rodgers, Frank Shorter, Gelindo Bordin, Grete Waitz","Documentary, Sports & Fitness",115
2449,a2929,Spirit of the Marathon II,2013,Jon Dunham,"Domenico Anzini, Epiphanie Nyirabarame, Domenico Scipioni",Documentary,115
2450,a1704,Maria Full of Grace,2004,Joshua Marston,"Catalina Sandino Moreno, Guilied Lopez, Orlando Tobón","Crime, Drama",101
2450,b1488,Maria Full of Grace,2004,Joshua Marston,"Catalina Sandino Mor..., Yenny Paola Vega, Virgina Ariza, Virginia Ariza","Art House & International, Drama",101
2451,d2998,star wars: the clone wars,2008,Dave Filoni,"Matt Manter,Catherine Taber,James Arnold Taylor,Christopher Lee,Samuel L. Jackson","Action, Animation, Family, Science Fiction",98
2451,c2041,Star Wars: The Clone Wars,2008,Dave Filoni,"Matt Lanter, Nika Futterman, Tom Kane","Animation, Action, Adventure",98
2452,b1425,A Day Without a Mexican,2004,Sergio Arau,"Yareli Arizmendi, John Getz, Maureen Flannigan, Muse Watson","Drama, Mystery & Suspense, Science Fiction & Fantasy, Comedy",95
2452,a1642,A Day Without a Mexican,2004,Sergio Arau,"Caroline Aaron, Tony Abatemarco, Melinda Allen","Comedy, Drama, Fantasy, Mystery",100
2453,a1563,Super Troopers,2002,Jay Chandrasekhar,"Jay Chandrasekhar, Kevin Heffernan, André Vippolis","Comedy, Crime, Mystery",100
2453,b1362,Super Troopers,2002,Jay Chandrasekhar,"Brian Cox, Daniel von Bargen, Marisa Coughlan, Lynda Carter",Comedy,103
2454,b1712,Never Been Thawed,2005,Sean Anders,"Mike Gordon, Shelly Frasier, S. Joseph Isham, John Angelo",Comedy,87
2454,a1947,Never Been Thawed,2005,Sean Anders,"Greg Behrendt, Kent Voss, Sean Anders",Comedy,87
2455,a2756,Grow Up Tony Phillips,2013,Emily Hagins,"Trevon D. Anderson, Caleb Barwick, Emmet Barwick",Comedy,90
2455,b2519,Grow Up Tony Phillips,2013,Emily Hagins,"AJ Bowen, Barbara Crampton, Tony Vespe, Devin Bonnee",Comedy,90
2456,b2568,Kick-Ass 2,2013,Jeff Wadlow,"Aaron Taylor-Johnson, Christopher Mintz-Pl..., Chloe Grace Moretz, John Leguizamo","Action & Adventure, Comedy",103
2456,d1592,kick-ass 2,2013,Jeff Wadlow,"Aaron Johnson,Chloë Grace Moretz,Christopher Mintz-Plasse,Clark Duke,Jim Carrey,Donald Faison,Robert Emms,Lindy Booth,Olga Kurkulina,Andy Nyman","Action, Adventure, Comedy, Crime",113
2457,a1741,Proud,2004,Mary Pat Kelly,"Reggie Austin, Vernel Bagneris, Marcus Chait",Drama,87
2457,b1521,Proud,2004,Mary Pat Kelly,"Ossie Davis, Albert Jones, Jeffrey Nash, Erik LaRay Harvey",Drama,88
2458,b1866,Danny Roane: First Time Director,2006,Andy Dick,"Andy Dick, Sara Rue, Bob Odenkirk, Ben Stiller","Television, Comedy",84
2458,a2115,Danny Roane: First Time Director,2006,Andy Dick,"Eddie Alfano, Jamie Anne Allman, Bob Bancroft",Comedy,83
2459,b918,The Limits of Control,2009,Jim Jarmusch,"Hiam Abbass, Gael Garca Bernal, Paz de la Huerta, Isaach De Bankol","Mystery & Suspense, Drama",116
2459,a987,The Limits of Control,2009,Jim Jarmusch,"Isaach De Bankolé, Alex Descas, Jean-François Stévenin","Crime, Drama, Mystery, Thriller",116
2460,b743,Proud American,2008,Fred Ashman,"Jonathan Banks, Kimberlin Ann Brown, Michael Barreta, Marc McClure","Documentary, Drama",104
2460,a800,Proud American,2008,Fred Ashman,"Michael G. Davis, Cecelia Antoinette, Marie Antoinette",Drama,115
2461,b2587,Lil Bub & Friendz,,Andy Capper,"Mike Bridavsky, Ben Lashes","Documentary, Special Interest",66
2461,a2831,Lil Bub & Friendz,2013,Andy Capper,"Devin Yuceil, Lil Bub, Mike Bridavsky",Documentary,65
2462,b1839,Broken Bridges,2006,Steven Goldmann,"Toby Keith, Kelly Preston, Burt Reynolds, Lindsey Haun",Drama,104
2462,a2083,Broken Bridges,2006,Steven Goldmann,"Brian F. Durkin, Jason Leith, Richard Tillman","Drama, Music",105
2463,a1431,Dumb Luck,2003,Craig Clyde,"Scott Baio, Tracy Nelson, Richard Moll","Comedy, Mystery",93
2463,b1246,Dumb Luck,2003,Craig Clyde,"Bobby Edner, Eileen Brennan, Hal Linden, Joan Mullaney",Comedy,
2464,a1486,Knockaround Guys,2002,Brian Koppelman,"Jennifer Baxter, Dennis Hopper, Vin Diesel","Crime, Drama, Thriller",92
2464,b1294,Knockaround Guys,2002,Brain Koppleman,"Barry Pepper, Andrew Davoli, Seth Green, Vin Diesel","Drama, Action & Adventure, Comedy",93
2465,d2197,"crazy, stupid, love",2011,"Glenn Ficarra,John Requa","Steve Carell,Ryan Gosling,Julianne Moore,Emma Stone,Analeigh Tipton,Jonah Bobo,Joey King,Marisa Tomei,Beth Littleford,John Carroll Lynch,Kevin Bacon","Comedy, Drama, Romance",118
2465,b488,Crazy Stupid Love.,2011,Glenn Ficarra,"Steve Carell, Ryan Gosling, Julianne Moore, Emma Stone","Drama, Romance, Comedy",118
2466,a400,Mirrors 2,2010,Víctor García,"Nick Stahl, Emmanuelle Vaugier, Evan Jones","Horror, Mystery, Thriller",86
2466,b382,Mirrors 2,,Victor Garca,"Nick Stahl, Lawrence Turner, Emmanuelle Vaugier, William Katt","Mystery & Suspense, Horror",90
2467,d2568,the big lebowski,1998,Joel Coen,"Jeff Bridges,John Goodman,Julianne Moore,Steve Buscemi,David Huddleston,John Turturro,Tara Reid,Philip Seymour Hoffman","Comedy, Crime",117
2467,b2933,The Big Lebowski,1998,Ethan Coen,"Jeff Bridges, John Goodman, Julianne Moore, Steve Buscemi",Comedy,118
2468,b122,Eden,2015,Mia Hansen-Lve,"Flix de Givry, Pauline Etienne, Hugo Conzelmann, Roman Kolinka",Drama,131
2468,d460,eden,2015,Mia Hansen-Løve,"Félix de Givry,Brady Corbet,Greta Gerwig,Arsinée Khanjian,Pauline Étienne","Comedy, Drama",131
2469,a2206,Hollow Man II,2006,Claudio Fäh,"Christian Slater, Peter Facinelli, Laura Regan","Action, Horror, Sci-Fi, Thriller",91
2469,b1946,Hollow Man 2,2006,Claudio Faeh,"Christian Slater, Laura Regan, Peter Facinelli, Mike Dopud","Action & Adventure, Horror, Science Fiction & Fantasy",91
2470,b1529,Saw II,2005,Darren Bousman,"Tobin Bell, Donnie Wahlberg, Erik Knudsen, Glenn Plummer","Mystery & Suspense, Horror",92
2470,a1972,Saw II,2005,Darren Lynn Bousman,"Donnie Wahlberg, Beverley Mitchell, Franky G",Horror,93
2471,b285,Bouncing Cats,,Nabil Elderkin,"Common, will.i.am, K'Naan, Abramz Tekya","Documentary, Musical & Performing Arts, Art House & International, Special Interest",75
2471,a291,Bouncing Cats,2010,Nabil Elderkin,"Crazy Legs, Will.i.am","Documentary, Music",75
2472,a2967,The Wicked,2013,Peter Winther,"Devon Werkheiser, Justin Deeley, Jess Adams","Fantasy, Horror, Thriller",105
2472,b2711,The Wicked,,Peter Winther,"Caitlin Carmichael, Devon Werkheiser, Jamie Kaler, Jessica Adams","Action & Adventure, Horror, Mystery & Suspense",91
2473,a8,Abraham Lincoln vs. Zombies,2012,Richard Schenkman,"Bill Oberst Jr., Kent Igleheart, Rhianna Van Helton","Action, Comedy, Horror",96
2473,b8,Abraham Lincoln Vs. Zombies,,Richard Schenkman,"Bill Oberst Jr., Jason Vail, Baby Norman, Don McGraw","Action & Adventure, Horror, Comedy",91
2474,b2662,Sexy Evil Genius,,Shawn Piller,"Seth Green, Katee Sackhoff, William Baldwin, Michelle Trachtenber...","Drama, Science Fiction & Fantasy, Comedy",90
2474,a2915,Sexy Evil Genius,2014,Shawn Piller,"Katee Sackhoff, Anthony Michael Hall, Michelle Trachtenberg","Comedy, Drama, Mystery, Thriller",91
2475,d1774,oscar shorts: animation,2013,,,,
2475,d1770,oscar shorts: live action,2013,,,,
2476,b2657,Saving Santa,,Leon Joosen,"Martin Freeman (II), Tim Curry, Newell Alexander, Tim Conway","Animation, Kids & Family",83
2476,a2910,Saving Santa,2013,Leon Joosen,"Newell Alexander, Noel Clarke, Joan Collins","Animation, Adventure, Comedy, Family, Fantasy, Musical",83
2477,a14,Alien Origin,2012,Mark Atkins,"Philip Coc, Eric Darins, Daniela Flynn","Biography, Horror, Sci-Fi, Thriller",88
2477,b15,Alien Origin,,Mark Atkins,"Chelsea Vincent, Peter Pedrero, Philip Coc, Trey McCurley","Action & Adventure, Mystery & Suspense, Science Fiction & Fantasy",91
2478,b2132,10 MPH,,Hunter Weeks,"Hunter Weeks, Gannon Weeks, J. Fred Keough, Josh Caldwell","Documentary, Special Interest",92
2478,a1084,10 MPH,2007,Hunter Weeks,"Josh Caldwell, Johnathan F. Keough, Alon Waisman",Documentary,92
2479,b96,Cowgirls n' Angels,2012,Timothy Armstrong,"Bailee Madison, James Cromwell, Alicia Witt, Kathleen Rose Perkin...",Kids & Family,91
2479,a96,Cowgirls 'n Angels,2012,Timothy Armstrong,"Bailee Madison, Dusta Kimzey, Richard Levi",Family,92
2480,a2672,The Book of Esther,2013,David A.R. White,"Jen Lilley, Linda Bisesti, John Clement",Drama,90
2480,b2443,The Book of Esther,,David A.R. White,"Jen Lilley, Joel Smallbone, Jennifer Lyons, Robert Miano",Drama,90
2481,a1265,The Last Producer,2001,Burt Reynolds,"Sean Astin, David Atkinson, Leslie Bega","Comedy, Drama",90
2481,b1090,The Last Producer,,Burt Reynolds,"Burt Reynolds, Benjamin Bratt, Lauren Holly, Sean Astin",,120
2482,b1983,Lime Salted Love,,Danielle Agnello,"Billy Drago, Danielle Agnello, David J. O'Donnell, George Castaneda",Drama,
2482,a2249,Lime Salted Love,2007,Danielle Agnello,"Kristanna Loken, Joe Hall, Danielle Agnello",Drama,120
2483,a1389,American Pie 2,2001,J.B. Rogers,"Jason Biggs, Seann William Scott, Shannon Elizabeth","Comedy, Romance",108
2483,b1209,American Pie 2,2001,James B. Rogers (II),"Jason Biggs, Shannon Elizabeth, Jennifer Coolidge, Alyson Hannigan",Comedy,96
2484,a122,Dragon Eyes,2014,John Hyams,"Cung Le, Jean-Claude Van Damme, Johnny Holmes","Action, Crime, Drama, Thriller",91
2484,b120,Dragon Eyes,2012,John Hyams (II),"Cung Le, Jean-Claude Van Damm..., Peter Weller, Crystal Mantecon","Drama, Action & Adventure",92
2484,c964,Dragon Eyes,2012,John Hyams,"Cung Le, Jean-Claude Van Damme, Johnny Holmes","Action, Crime, Drama",91
2485,d3526,days of heaven,1978,Terrence Malick,"Richard Gere,Brooke Adams,Linda Manz,Jackie Shultis,Stuart Margolin,Gene Bell,Richard Libertini","Drama, Romance",94
2485,d3525,gates of heaven,1978,,,Documentary,85
2486,c4084,The Legend,1993,Corey Yuen,"Jet Li, Josephine Siao, Michelle Reis","Action, Comedy, History",100
2486,c4085,The Legend II,1993,Corey Yuen,"Jet Li, Josephine Siao, Adam Cheng","Action, Adventure, Comedy",95
2487,a2453,The Hills Have Eyes II,2007,Martin Weisz,"Daniella Alonso, Jacob Vargas, Michael Bailey Smith","Horror, Thriller",89
2487,b2237,The Hills Have Eyes 2,2007,Martin Weisz,"Michael McMillian, Jessica Stroup, Jacob Vargas, Flex Alexander",Horror,90
2488,a1743,Raise Your Voice,2004,Sean McNamara,"Hilary Duff, John Corbett, Rebecca De Mornay","Family, Music, Romance",103
2488,b1523,Raise Your Voice,2004,Sean Patrick Mcnamara,"Hilary Duff, Oliver James, Rita Wilson, David Keith","Musical & Performing Arts, Drama",108
2489,a976,The Janky Promoters,2009,Marcus Raboy,"Ice Cube, Mike Epps, Jeezy","Comedy, Crime, Music",85
2489,b909,Janky Promoters,2009,Marcus Raboy,"Ice Cube, Mike Epps, Young Jeezy, Aloma Wright",Comedy,85
2490,c1710,Obitaemyy ostrov,2009,Fedor Bondarchuk,"Vasiliy Stepanov, Yuliya Snigir, Pyotr Fyodorov","Action, Adventure, Sci-Fi",115
2490,c1841,Obitaemyy ostrov. Skhvatka,2009,Fedor Bondarchuk,"Vasiliy Stepanov, Yuliya Snigir, Pyotr Fyodorov","Action, Adventure, Sci-Fi",105
2491,b2660,Season of Miracles,2013,Josh Moody,"John Schneider, Grayson Russell, Andrew Wilson Willia..., Rusty Whitener","Drama, Kids & Family, Comedy",79
2491,a2913,Season of Miracles,2013,Dave Moody,"John Schneider, Grayson Russell, Andrew Wilson Williams","Comedy, Drama, Family, Sport",80
2492,b2536,The Host,2007,Joon-ho Bong,"Song Kang-ho, Ah-sung Ko, Byun Hee-bong, Park Hae-il","Drama, Action & Adventure, Horror, Art House & International, Comedy",119
2492,d104,the host,2007,Bong Joon-ho,"Song Kang-Ho,Byun Hee-Bong,Park Hae-Il,KoA-Sung,Bae Doo-Na,Scott Wilson","Comedy, Drama, Foreign, Horror",119
2493,b2047,Quick Pick,,Will Vzquez,"Oscar A. Diaz, Ralph Diaz-Wagner, John ""B.J."" Bryant, Angelina Assereto",Comedy,86
2493,a2323,Quick Pick,2006,Will Vázquez,"John Bryant, Anna Moreno-Nava, Angelina Assereto",Comedy,87
2494,a2804,Jay and Silent Bob's Super Groovy Cartoon Movie,2013,Steve Stark,"Marc Bernardin, Ming Chen, Matt Cohen","Animation, Comedy",64
2494,b2562,Jay & Silent Bob's Super Groovy Cartoon Movie,2013,Steve Stark,"Jason Mewes, Kevin Smith, Eliza Dushku, Ralph Garman","Comedy, Animation",95
2495,b2684,Sweetwater,2013,Brian Skiba,"Ed Harris, January Jones, Jason Isaacs, Eduardo Noriega","Western, Drama",95
2495,a2940,Sweetwater,2013,Logan Miller,"Ed Harris, January Jones, Jason Isaacs","Thriller, Western",95
2496,b1836,The Break Up,1998,Paul Marcus,"Kiefer Sutherland, Bridget Fonda, Hart Bochner, Penelope Ann Miller","Mystery & Suspense, Drama",110
2496,a2081,Break Up,1998,Paul Marcus,"Kiefer Sutherland, Bridget Fonda, Hart Bochner",Thriller,100
2497,c2857,Infernal Affairs 3,2003,Wai-Keung Lau,"Tony Chiu Wai Leung, Andy Lau, Leon Lai","Action, Crime, Drama",118
2497,c2844,Infernal Affairs 2,2003,Wai-Keung Lau,"Edison Chen, Shawn Yue, Anthony Chau-Sang Wong","Action, Crime, Drama",119
2498,a535,Fear of a Black Republican,2011,Kevin Williams,"Edward Brooke, George W. Bush, Dick Cheney","Documentary, History",111
2498,b503,Fear of a Black Republican,,D. Kevin Williams,"Edward Brooke, Newt Gingrich, Mike Huckabee, Michelle Malkin","Documentary, Special Interest",111
2499,a2945,Texas Chainsaw 3D,2013,John Luessenhop,"Alexandra Daddario, Tania Raymonde, Scott Eastwood","Horror, Thriller",92
2499,b2692,Texas Chainsaw,2013,John Luessenhop,"Alexandra Daddario, Dan Yeager, Trey Songz, Tremaine 'Trey Songz...",Horror,91
2500,b1742,Sin City,2005,Robert Rodriguez,"Bruce Willis, Mickey Rourke, Jessica Alba, Clive Owen","Drama, Action & Adventure, Mystery & Suspense",124
2500,a1976,Sin City,2005,Frank Miller,"Mickey Rourke, Clive Owen, Bruce Willis","Crime, Thriller",124
2501,b2400,30 Nights Of Paranormal Activity With The Devil Inside The Girl With The Dragon Tattoo,,Craig Moss,"Kathryn Fiore, Flip Schultz, Olivia Alexander, Arturo Del Puerto",Comedy,80
2501,a2631,30 Nights of Paranormal Activity with the Devil Inside the Girl with the Dragon Tattoo,2013,Craig Moss,"Ashley Martin, Austin Michael Scott, Heidi Kramer",Comedy,80
2502,b248,The Swan Princess Christmas,,Richard Rich,"Laura Bailey, Summer Eguchi, Yuri Lowenthal, Michaelangelo","Animation, Kids & Family",90
2502,a251,The Swan Princess Christmas,2012,Richard Rich,"Jennifer Miller, Joseph Medrano, David Lodge","Animation, Adventure, Fantasy, Musical",83
2503,a52,Beverly Hills Chihuahua 3: Viva La Fiesta!,2012,Lev L. Spiro,"Marcus Coloma, Erin Cahill, Cedric Yarbrough","Adventure, Comedy, Family",89
2503,b54,Beverly Hills Chihuahua 3: Viva La Fiesta!,,Lev L. Spiro,"George Lopez, Odette Annable, Emily Osment, Madison Pettis","Comedy, Kids & Family",89
2504,b1820,Beyond Conviction,,Rachel Libert,"Lyndy Kelley, Timothy Kelley, Leatrice Floyd, Shawn L. Burton",Documentary,97
2504,a2064,Beyond Conviction,2006,Rachel Libert,Via Buksbazen,Documentary,97
2505,a2109,Crude Impact,2006,James Jandak Wood,"Thom Hartmann, William Rees, Richard Heinberg","Documentary, History",97
2505,b1860,Crude Impact,,James Jandak Wood,"Tundi Agardy, Guy Caruso, Steve Donziger, Emeka Duruigbo","Documentary, Special Interest",98
2506,b2308,Oh Saigon,,Doan Hoang,Doan Hoang,"Documentary, Special Interest",57
2506,a2533,Oh Saigon,2007,Doan Hoang,"Nam Hoang, Van Tran, Anne Hoang","Documentary, War",57
2507,b30,Atom The Amazing Zombie Killer,,Zack Beins,"Lloyd Kaufman, Babette Bombshell, Shawn C. Phillips","Horror, Comedy",80
2507,a28,Atom the Amazing Zombie Killer,2012,Zack Beins,"Tom Autry, Matthew M. Baxter, Brad Beins","Comedy, Horror",80
2508,c2729,The Matrix Revolutions,2003,Andy Wachowski,"Keanu Reeves, Laurence Fishburne, Carrie-Anne Moss","Action, Sci-Fi",129
2508,c2728,The Matrix Reloaded,2003,Andy Wachowski,"Keanu Reeves, Laurence Fishburne, Carrie-Anne Moss","Action, Sci-Fi",138
2509,b890,The Horsemen,2009,Jonas kerlund,"Dennis Quaid, Ziyi Zhang, Lou Taylor Pucci, Clifton Collins Jr.","Drama, Horror, Mystery & Suspense",90
2509,a956,Horsemen,2009,Jonas Ã…kerlund,"Dennis Quaid, Ziyi Zhang, Lou Taylor Pucci","Crime, Drama, Mystery, Thriller",90
2510,b114,The Devil Inside,2012,Joaquin Perea,"Fernanda Andrade, Suzan Crowley, Simon Quarterman, Evan Helmuth",Horror,83
2510,a115,The Devil Inside,2012,William Brent Bell,"Fernanda Andrade, Simon Quarterman, Evan Helmuth",Horror,83
2511,c1418,G.One,2011,Anubhav Sinha,"Shah Rukh Khan, Kareena Kapoor, Arjun Rampal",Action,156
2511,c1233,Ra.One,2011,Anubhav Sinha,"Arjun Rampal, Shah Rukh Khan, Kareena Kapoor","Action, Sci-Fi",156
2512,a1734,The Passion of the Christ,2004,Mel Gibson,"Jim Caviezel, Monica Bellucci, Maia Morgenstern",Drama,127
2512,b1516,The Passion of the Christ,2004,Ferdinand Zecca,"Jim Caviezel, Maia Morgenstern, Maja Morgenstern, Monica Bellucci",Drama,127
2513,c1108,Tai Chi Hero,2012,Stephen Fung,"Daniel Wu, Qi Shu, Tony Ka Fai Leung","Action, Adventure",100
2513,c1016,Tai Chi Zero,2012,Stephen Fung,"Hark-On Fung, Stephen Fung, Xiaochao Yuan","Action, Drama",98
2514,a663,Win Win,2011,Tom McCarthy,"Paul Giamatti, Amy Ryan, Jeffrey Tambor","Comedy, Drama, Sport",106
2514,b620,Win Win,2011,Oliver Bokelberg,"Paul Giamatti, Amy Ryan, Bobby Cannavale, Jeffrey Tambor","Drama, Comedy",106
2515,b3003,Knock Off,1998,Tsui Hark,"Jean-Claude Van Damm..., Rob Schneider, Paul Sorvino, Lela Rochon","Art House & International, Action & Adventure",90
2515,c3420,Knock Off,1998,Hark Tsui,"Jean-Claude Van Damme, Rob Schneider, Lela Rochon","Action, Comedy, Thriller",91
2516,c1746,The Way of War,2009,John Carter,"Cuba Gooding Jr., Clarence Williams III, John Terry","Action, Thriller",90
2516,d2801,theater of war,2009,,,Documentary,95
2517,a552,Happy Feet 2,2011,George Miller,"Elijah Wood, Robin Williams, Pink","Animation, Comedy, Family, Musical",100
2517,d2111,happy feet two,2011,George Miller,"Elijah Wood,Ava Acres,Robin Williams,Pink,Brad Pitt,Matt Damon,Sofia Vergara,Common,Hugo Weaving","Animation, Comedy, Family, Foreign, Music",99
2518,d2209,page one: a year inside the new york times,2011,Andrew Rossi,"David  Carr,Bill Keller,Brian Stelter",,
2518,a603,Page One: Inside the New York Times,2011,Andrew Rossi,"David Carr, Sarah Ellison, Larry Ingrassia",Documentary,92
2519,d3038,wall-e,2008,Andrew Stanton,"Ben Burtt,Elissa Knight,Fred Willard,Jeff Garlin,John Ratzenberger,Kathy Najimy,Sigourney Weaver,Kim Kopf,Garrett Palmer","Adventure, Animation, Family",98
2519,a851,WALL·E,2008,Andrew Stanton,"Ben Burtt, Elissa Knight, Jeff Garlin","Animation, Adventure, Family, Sci-Fi",98
2520,a1137,Chapter 27,2007,J.P. Schaefer,"Chuck Cooper, Victor Verhaeghe, Robert Gerard Larkin","Crime, Drama",84
2520,b2179,Chapter 27,2007,Jarrett Schaeffer,"Jared Leto, Lindsay Lohan, Judah Friedlander, Ursula Abbott",Drama,84
2521,b934,My Life in Ruins,2009,Jose Luis Alcaine,"Nia Vardalos, Richard Dreyfuss, Alexis Georgoulis, Harland Williams",Comedy,95
2521,a1004,My Life in Ruins,2009,Donald Petrie,"Nia Vardalos, Richard Dreyfuss, Rachel Dratch","Comedy, Romance",95
2522,a2254,Live Freaky Die Freaky,2006,John Roecker,"Nick 13, Billie Joe Armstrong, Tim Armstrong","Animation, Comedy, Musical, Sci-Fi",75
2522,b1988,Live Freaky! Die Freaky!,,John Roecker,"Jane Wiedlin, Asia Argento, Davey Havok, John Doe","Animation, Musical & Performing Arts, Science Fiction & Fantasy, Comedy",80
2523,b1097,Love and Basketball,2000,Gina Prince,"Sanaa Lathan, Omar Epps, Dennis Haysbert, Debbi Morgan","Drama, Romance",124
2523,a1273,Love & Basketball,2000,Gina Prince-Bythewood,"Sanaa Lathan, Omar Epps, Glenndon Chatman","Drama, Romance, Sport",124
2524,c585,The Grandmaster,2013,Kar Wai Wong,"Tony Chiu Wai Leung, Ziyi Zhang, Jin Zhang","Action, Biography, Drama",130
2524,d1507,the grandmaster,2013,Wong Kar-Wai,"Tony Leung Chiu-Wai,Ziyi Zhang,Song Hye-Kyo,Chang Chen,Wong Hing-Cheung,Zhao Ben-Shan","Action, Drama, Foreign, History",130
2525,c4689,Day of the Panther,1988,Brian Trenchard-Smith,"Edward John Stazak, John Stanton, James Richards",Action,84
2525,c4738,Strike of the Panther,1988,Brian Trenchard-Smith,"Edward John Stazak, John Stanton, Rowena Wallace",Action,90
2526,c6538,Johnny Dark,1954,George Sherman,"Tony Curtis, Piper Laurie, Don Taylor","Action, Comedy, Drama",85
2526,d2972,johnny guitar,1954,,,"Drama, Western",110
2527,c3813,A Chinese Odyssey Part One: Pandora's Box,1995,Jeffrey Lau,"Stephen Chow, Man Tat Ng, Kar-Ying Law","Action, Adventure, Comedy",87
2527,c3889,A Chinese Odyssey Part Two: Cinderella,1995,Jeffrey Lau,"Stephen Chow, Man Tat Ng, Athena Chu","Action, Adventure, Comedy",95
2528,b897,I Love You Man,2009,Ivan Reitman,"Paul Rudd, Jason Segel, Rashida Jones, Andy Samberg","Drama, Comedy",105
2528,d2789,"i love you, man",2009,John Hamburg,"Paul Rudd,Jason Segel,Rashida Jones,Andy Samberg,J.K. Simmons,Jane Curtin,Jon Favreau,Jaime Pressly",Comedy,105
2529,d951,i am ali,2014,Clare Lewins,,Documentary,111
2529,d921,i am eleven,2014,,,Documentary,93
2529,d1114,i am i,2014,Jocelyn Towne,"Simon Helberg,Jason Ritter,Jocelyn Towne,Kevin Tighe","Documentary, Drama, Foreign",
2530,c1443,Dylan Dog: Dead of Night,2010,Kevin Munroe,"Brandon Routh, Anita Briem, Sam Huntington","Action, Comedy, Crime",107
2530,a529,Dylan Dog: Dead of Night,2011,Kevin Munroe,"Brandon Routh, Anita Briem, Sam Huntington","Action, Comedy, Crime, Fantasy, Horror, Mystery, Sci-Fi, Thriller",107
2531,a2134,DOA: Dead or Alive,2007,Corey Yuen,"Jaime Pressly, Devon Aoki, Sarah Carter","Action, Adventure",87
2531,c2263,DOA: Dead or Alive,2006,Corey Yuen,"Jaime Pressly, Devon Aoki, Sarah Carter","Action, Adventure",87
2532,b104,The Truth (A Dark Truth),2013,Damian Lee,"Andy Garcia, Forest Whitaker, Eva Longoria, Deborah Kara Unger",Action & Adventure,106
2532,a104,A Dark Truth,2013,Damian Lee,"Andy Garcia, Kim Coates, Deborah Kara Unger","Action, Thriller",106
2532,c1035,A Dark Truth,2012,Damian Lee,"Andy Garcia, Kim Coates, Deborah Kara Unger","Action, Thriller",106
2533,c3063,When Strangers Appear,2001,Scott Reynolds,"Radha Mitchell, Josh Lucas, Barry Watson","Action, Mystery, Thriller",98
2533,a1584,When Strangers Appear,2002,Scott Reynolds,"Radha Mitchell, Josh Lucas, Barry Watson","Action, Mystery, Thriller",98
2534,a2329,Robotech: The Shadow Chronicles,2007,Dong-Wook Lee,"Richard Epcar, Eddie Frierson, Mark Hamill","Animation, Action, Adventure, Sci-Fi",88
2534,c2300,Robotech: The Shadow Chronicles,2006,Dong-Wook Lee,"Richard Epcar, Eddie Frierson, Mark Hamill","Animation, Action, Adventure",88
2535,c326,Starship: Rising,2014,Neil Johnson,"Darren Jacobs, Emii, Brooke Lewis","Action, Sci-Fi",91
2535,c336,Starship: Apocalypse,2014,Neil Johnson,"Darren Jacobs, Emii, Brooke Lewis","Action, Sci-Fi",86
2536,a2591,Suffering Man's Charity,2007,Alan Cumming,"Alan Cumming, David Boreanaz, Anne Heche","Comedy, Horror",93
2536,b2364,Suffering Man's Charity (Ghost Writer),,Alan Cumming,"Alan Cumming, David Boreanaz, Anne Heche, Carrie Fisher","Horror, Comedy",92
2537,c4136,Once Upon a Time in China III,1993,Hark Tsui,"Jet Li, Rosamund Kwan, Siu Chung Mok","Action, Adventure, Biography",109
2537,c4228,Once Upon a Time in China II,1992,Hark Tsui,"Jet Li, Rosamund Kwan, Siu Chung Mok","Action, Adventure, Biography",113
2538,b1470,Jandek on Corwood,2004,Chad Friedrichs,"Byron Coley, Calvin Johnson, Barry Hansen","Documentary, Musical & Performing Arts, Art House & International",88
2538,a1685,Jandek on Corwood,2003,Chad Freidrichs,"Byron Coley, Calvin Johnson, Barry Hansen",Documentary,88
2539,b2467,Contest,,Ajay Giunta,"Kenton Duty, Daniel Flaherty, Katherine McNamara, Kyle Dean Massey","Documentary, Drama, Comedy",88
2539,a2700,Contest,2013,Anthony Joseph Giunta,"Kenton Duty, Danny Flaherty, Mary Beth Peil","Drama, Family",87
2540,a111,Death Race: Inferno,2013,Roel Reiné,"Luke Goss, Tanit Phoenix, Danny Trejo","Action, Sci-Fi, Thriller",105
2540,b110,Death Race 3: Inferno (Unrated),,Roel Rein,"Luke Goss, Danny Trejo, Tanit Phoenix, Frederick Koehler","Drama, Action & Adventure, Mystery & Suspense",106
2541,c4373,Dragon Ball Z: Cooler's Revenge,1991,Mitsuo Hashimoto,"Sean Schemmel, Andrew Chandler, Christopher Sabat","Animation, Action, Sci-Fi",48
2541,c4364,Dragon Ball Z: Lord Slug,1991,Mitsuo Hashimoto,"Sean Schemmel, Stephanie Nadolny, Christopher Sabat","Animation, Action, Fantasy",43
2542,a2597,Taxi to the Dark Side,2009,Alex Gibney,"Alex Gibney, Brian Keith Allen, Moazzam Begg","Documentary, Crime, War",106
2542,b2369,Taxi to the Dark Side,2007,Alex Gibney,"Moazzam Begg, Willie Brand, Jack Cloonan, Damien Corsetti","Documentary, Special Interest",106
2542,d3121,taxi to the dark side,2008,Alex Gibney,,Documentary,106
2543,a2478,The King of Kong: A Fistful of Quarters,2008,Seth Gordon,"Steve Wiebe, Billy Mitchell, Mark Alpiger","Documentary, Biography, Sport",79
2543,d13,the king of kong: a fistful of quarters,2007,Seth Gordon,,Documentary,79
2544,b267,Watchers of the Sky,2015,Edet Belzberg,"Samantha Power, Luis Moreno-Ocampo, Benjamin Ferencz, Emmanuel Uwurukundo","Documentary, Special Interest",120
2544,d954,watchers of the sky,2014,Edet Belzberg,,"Documentary, History",120
2545,a1748,Ripley's Game,2003,Liliana Cavani,"John Malkovich, Dougray Scott, Lena Headey","Crime, Drama, Mystery, Thriller",110
2545,d220,ripley's game,2002,Liliana Cavani,,"Drama, Thriller",110
2546,c741,Revelation Road: The Beginning of the End,2013,Gabriel Sabloff,"David A.R. White, Brian Bosworth, Eric Roberts",Action,88
2546,c817,Revelation Road 2: The Sea of Glass and Fire,2013,Gabriel Sabloff,"David A.R. White, Brian Bosworth, Andrea Logan White",Action,90
2547,b1518,The Phantom of the Opera,2005,Joel Schumacher,"Gerard Butler, Emmy Rossum, Patrick Wilson, Miranda Richardson","Drama, Horror, Musical & Performing Arts, Special Interest",143
2547,a1736,The Phantom of the Opera,2004,Joel Schumacher,"Gerard Butler, Emmy Rossum, Patrick Wilson","Drama, Musical, Romance, Thriller",143
2548,b2114,Unrest,2006,Jason Todd Ipson,"Corri English, Scott Davis, Scot Davis, Joshua Alba",Horror,84
2548,a2403,Unrest,2007,Jason Todd Ipson,"Corri English, Scot Davis, Joshua Alba","Horror, Thriller",88
2549,b2069,Secret of the Cave,2007,Zach C. Gray,"Patrick Bergin, Kevin Novotny, Joseph Kelly, Niall O'Brien","Drama, Action & Adventure, Kids & Family",88
2549,a2350,Secret of the Cave,2006,Zach C. Gray,"Kevin Novotny, Patrick Bergin, Joseph Kelly",Adventure,88
2550,b1354,Soul Survivors,2000,Stephen Carpenter,"Casey Affleck, Melissa Sagemiller, Wes Bentley, Eliza Dushku","Horror, Mystery & Suspense, Comedy",85
2550,a1555,Soul Survivors,2001,Stephen Carpenter,"Melissa Sagemiller, Wes Bentley, Casey Affleck","Drama, Horror, Mystery, Thriller",84
2551,a1170,The Flock,2007,Wai-Keung Lau,"Richard Gere, Claire Danes, KaDee Strickland","Crime, Drama, Mystery, Thriller",96
2551,b2209,The Flock,2008,Wai-keung Lau,"Richard Gere, Claire Danes, Avril Lavigne, KaDee Strickland","Drama, Action & Adventure, Mystery & Suspense",105
2552,b2549,InAPPropriate Comedy,2013,Vince Offer,"Lindsay Lohan, Adrien Brody, Michelle Rodriguez, Ari Shaffir",Comedy,84
2552,a2790,InAPPropriate Comedy,2014,Vince Offer,"Adrien Brody, Lindsay Lohan, Michelle Rodriguez",Comedy,83
2553,a1297,Panic,2001,Henry Bromell,"William H. Macy, Neve Campbell, John Ritter","Comedy, Crime, Drama",88
2553,b1120,Panic,2000,Henry Bromell,"William H. Macy, Neve Campbell, John Ritter, Donald Sutherland",Drama,90
2554,a145,Forgetting the Girl,2012,Nate Taylor,"Christopher Denham, Lindsay Beamish, Elizabeth Rice","Drama, Thriller",85
2554,b142,Forgetting The Girl,2013,Nate Taylor,"Christopher Denham, Lindsay Beamish, Elizabeth Rice, Anna Camp","Mystery & Suspense, Drama",85
2555,a114,Detention of the Dead,2012,Alex Craig Mann,"Jacob Zachar, Alexa Nikolas, Christa B. Allen","Comedy, Horror",87
2555,b113,Detention Of The Dead,2013,Alex Craig Mann,"Max Adler, Alexa Nikolas, Christa B. Allen, Jacob Zachar","Horror, Comedy",87
2556,a1353,Traffic,2001,Steven Soderbergh,"Michael Douglas, Benicio Del Toro, Catherine Zeta-Jones","Crime, Drama, Thriller",147
2556,b1172,Traffic,2000,Steven Soderbergh,"Michael Douglas, Benicio Del Toro, Don Cheadle, Catherine Zeta-Jones",Drama,147
2557,b1187,What Women Want,2001,Nancy Meyers,"Helen Hunt, Mel Gibson, Marisa Tomei, Alan Alda",Comedy,127
2557,a1368,What Women Want,2000,Nancy Meyers,"Mel Gibson, Helen Hunt, Marisa Tomei","Comedy, Fantasy, Romance",127
2558,c1546,Boy Wonder,2010,Michael Morrissey,"Caleb Steinmeyer, Zulay Henao, Bill Sage","Action, Crime, Drama",93
2558,d2187,boy wonder,2011,Michael Morrissey,"Caleb Steinmeyer,Bill Sage,Zulay Henao,Tracy Middendorf","Action, Crime, Drama, Thriller",93
2559,a1711,Million Dollar Baby,2005,Clint Eastwood,"Hilary Swank, Clint Eastwood, Morgan Freeman","Drama, Sport",132
2559,b1495,Million Dollar Baby,2004,Clint Eastwood,"Clint Eastwood, Hilary Swank, Morgan Freeman, Jay Baruchel","Drama, Romance",133
2560,b1156,The Smokers,2001,Kat Slater,"Dominique Swain, Busy Philipps, Keri Lynn Pratt, Nicholas M. Loeb","Drama, Action & Adventure, Comedy",97
2560,a1335,The Smokers,2000,Kat Slater,"Dominique Swain, Busy Philipps, Keri Lynn Pratt",Drama,96
2561,b1582,The Work and the Glory,2004,Russell Holt,"Sam Hennings, Brenda Strong, Eric Johnson, Alexander Carroll","Drama, Faith & Spirituality",110
2561,a1805,The Work and the Glory,2005,Russell Holt,"Sam Hennings, Eric Johnson, Alexander Carroll","Romance, Drama",118
2562,b1476,Kinsey,2004,Bill Condon,"Liam Neeson, Laura Linney, Chris O'Donnell, Peter Sarsgaard",Drama,118
2562,a1691,Kinsey,2005,Bill Condon,"Liam Neeson, Laura Linney, Chris O'Donnell","Biography, Drama",118
2563,a1241,The Golden Bowl,2001,James Ivory,"Uma Thurman, Jeremy Northam, Kate Beckinsale","Drama, Romance",130
2563,b1069,The Golden Bowl,2000,James Ivory,"Uma Thurman, Kate Beckinsale, Jeremy Northam, Nick Nolte","Drama, Romance, Art House & International",179
2564,a1679,Hotel Rwanda,2005,Terry George,"Don Cheadle, Sophie Okonedo, Joaquin Phoenix","Drama, History, War",121
2564,b1462,Hotel Rwanda,2004,Terry George,"Don Cheadle, Sophie Okonedo, Nick Nolte, Joaquin Phoenix",Drama,121
2565,b633,August,2008,Austin Chick,"Josh Hartnett, Naomie Harris, Adam Scott, Emmanuelle Chriqui",Drama,88
2565,a677,August,2009,Austin Chick,"Josh Hartnett, Naomie Harris, Adam Scott",Drama,88
2566,d721,the dead lands,2015,Toa Fraser,"James Rolleston,Lawrence Makoare,Te Kohe Tuhaka,Xavier Horan",Action,107
2566,c440,The Dead Lands,2014,Toa Fraser,"James Rolleston, Lawrence Makoare, Te Kohe Tuhaka",Action,107
2567,c3419,Hard Rain,1998,Mikael Salomon,"Morgan Freeman, Christian Slater, Randy Quaid","Action, Crime, Drama",97
2567,b2986,Hard Rain,1997,Mikael Salomon,"Morgan Freeman, Christian Slater, Randy Quaid, Minnie Driver",Action & Adventure,96
2568,a1096,Alice Upside Down,2007,Sandy Tung,"Alyson Stoner, Luke Perry, Lucas Grabeel","Adventure, Comedy, Drama, Family",91
2568,b2143,Alice Upside Down,2008,Sandy Tung,"Alyson Stoner, Lucas Grabeel, Luke Perry, Penny Marshall","Action & Adventure, Kids & Family",90
2569,b1706,The Mostly Unfabulous Social Life of Ethan Green,2006,George Bamber,"Daniel Letterle, Meredith Baxter, David Monahan, Diego Serrano","Drama, Comedy",88
2569,a1940,The Mostly Unfabulous Social Life of Ethan Green,2005,George Bamber,"Daniel Letterle, Diego Serrano, Meredith Baxter","Comedy, Romance",88
2570,a2137,Dreamland,2007,Jason Matzner,"Agnes Bruckner, Kelli Garner, Justin Long",Drama,88
2570,b1884,Dreamland,2006,Jason Matzner,"Agnes Bruckner, Kelli Garner, Justin Long, Gina Gershon","Art House & International, Drama",88
2571,a565,I Melt with You,2012,Mark Pellington,"Thomas Jane, Rob Lowe, Jeremy Piven",Drama,129
2571,b530,I Melt with You,2011,Mark Pellington,"Thomas Jane, Jeremy Piven, Rob Lowe, Christian McKay","Mystery & Suspense, Drama",116
2572,a1949,Neverwas,2006,Joshua Michael Stern,"Aaron Eckhart, Ian McKellen, Brittany Murphy","Drama, Fantasy, Mystery",103
2572,b1714,Neverwas,2005,Joshua Michael Stern,"Aaron Eckhart, Ian McKellen, Brittany Murphy, William Hurt","Mystery & Suspense, Drama",102
2573,b1572,Watermarks,2005,Yaron Zilberman,"Judith Haspel, Trude Hirschler, Anni Lampl, Hanni Lux","Documentary, Art House & International, Sports & Fitness, Special Interest",80
2573,a1794,Watermarks,2004,Yaron Zilberman,"Hanni Lux, Judith Haspel, Anni Lampl","Documentary, History, Sport",80
2574,a1684,In Good Company,2005,Paul Weitz,"Dennis Quaid, Topher Grace, Scarlett Johansson","Comedy, Drama, Romance",109
2574,b1468,In Good Company,2004,Paul Weitz,"Dennis Quaid, Topher Grace, Scarlett Johansson, Marg Helgenberger","Drama, Comedy",109
2575,a1958,Pretty Persuasion,2006,Marcos Siega,"Evan Rachel Wood, Ron Livingston, James Woods","Comedy, Drama",104
2575,b1723,Pretty Persuasion,2005,Marcos Siega,"Evan Rachel Wood, Ron Livingston, James Woods, Jane Krakowski","Drama, Comedy",110
2576,a1401,A Beautiful Mind,2002,Ron Howard,"Russell Crowe, Ed Harris, Jennifer Connelly","Biography, Drama",135
2576,b1218,A Beautiful Mind,2001,Ron Howard,"Russell Crowe, Jennifer Connelly, Ed Harris, Christopher Plummer",Drama,135
2577,b1537,Sideways,2004,Alexander Payne,"Paul Giamatti, Thomas Haden Church, Virginia Madsen, Sandra Oh","Drama, Romance, Comedy",127
2577,a1757,Sideways,2005,Alexander Payne,"Paul Giamatti, Thomas Haden Church, Virginia Madsen","Comedy, Drama, Romance",126
2578,b2150,Americanizing Shelley,2007,Lorraine Senna,"Namrata Singh Gujral, Beau Bridges, Brad Raider, RonReaco Lee","Drama, Comedy",90
2578,a1103,Americanizing Shelley,2008,Lorraine Senna,"Namrata Singh Gujral, Beau Bridges, Brad Raider","Comedy, Drama, Romance",90
2579,b274,Adventures of Power,2009,Ari Gold,"Ari Gold, Michael McKean, Jane Lynch, Adrian Grenier","Musical & Performing Arts, Comedy",88
2579,a280,Adventures of Power,2008,Ari Gold,"Ari Gold, Michael McKean, Jane Lynch","Comedy, Music",89
2580,a1701,A Love Song for Bobby Long,2005,Shainee Gabel,"Scarlett Johansson, John Travolta, Gabriel Macht",Drama,119
2580,b1485,A Love Song for Bobby Long,2004,Shainee Gabel,"John Travolta, Scarlett Johansson, Gabriel Macht, Deborah Kara Unger",Drama,119
2581,a2066,The Big Bad Swim,2006,Ishai Setton,"Paget Brewster, Jeff Branson, Jess Weixler",Comedy,96
2581,b1822,The Big Bad Swim,2007,Ishai Setton,"Paget Brewster, Jeff Branson, Jess Weixler, Avi Setton","Art House & International, Comedy",96
2582,a1747,Riding the Bullet,2005,Mick Garris,"Jonathan Jackson, David Arquette, Barbara Hershey","Horror, Thriller",98
2582,b1527,Riding the Bullet,2004,Mick Garris,"Jonathan Jackson, David Arquette, Cliff Robertson, Barbara Hershey","Mystery & Suspense, Horror",98
2583,b2051,Right at Your Door,2007,Chris Gorak,"Mary McCormack, Rory Cochrane, Tony Perez, Scotty Noyd Jr.","Mystery & Suspense, Drama",95
2583,a2328,Right at Your Door,2006,Chris Gorak,"Mary McCormack, Rory Cochrane, Tony Perez","Drama, Thriller",96
2584,b1568,Voces inocentes (Innocent Voices),2005,Luis Mandoki,"Carlos Padilla, Leonor Varela, Xuna Primus, Gustavo Muoz","Art House & International, Drama",110
2584,a1790,Innocent Voices,2005,Luis Mandoki,"Carlos Padilla, Leonor Varela, Xuna Primus","Drama, War",120
2585,b1272,American Heist,2015,Sarik Andreasyan,"Adrien Brody, Hayden Christensen, Jordana Brewster, Laura Cayouette","Drama, Action & Adventure",94
2585,c368,American Heist,2014,Sarik Andreasyan,"Hayden Christensen, Adrien Brody, Jordana Brewster","Action, Crime, Drama",94
2586,b1132,Psycho Beach Party,2000,Robert Lee King,"Lauren Ambrose, Thomas Gibson, Nicholas Brendon, Kimberley Davies","Comedy, Cult Movies",95
2586,a1309,Psycho Beach Party,2001,Robert Lee King,"Lauren Ambrose, Nicholas Brendon, Thomas Gibson","Comedy, Horror, Mystery",95
2587,b1151,Shadow of the Vampire,2000,E. Elias Merhige,"John Malkovich, Willem Dafoe, Udo Kier, Cary Elwes","Drama, Horror, Mystery & Suspense",93
2587,a1329,Shadow of the Vampire,2001,E. Elias Merhige,"John Malkovich, Willem Dafoe, Udo Kier","Drama, Horror",92
2588,b2447,Breathe In,2014,Drake Doremus,"Guy Pearce, Felicity Jones, Amy Ryan, Mackenzie Davis","Drama, Romance",97
2588,a2676,Breathe In,2013,Drake Doremus,"Felicity Jones, Guy Pearce, Mackenzie Davis","Drama, Romance",98
2589,a2050,The Astronaut Farmer,2007,Michael Polish,"Billy Bob Thornton, Virginia Madsen, Bruce Dern","Adventure, Drama, Sci-Fi",104
2589,b1809,The Astronaut Farmer,2006,Michael Polish,"Billy Bob Thornton, Virginia Madsen, Bruce Dern, Tim Blake Nelson",Drama,104
2590,a935,Fragments,2009,Rowan Woods,"Kate Beckinsale, Forest Whitaker, Guy Pearce","Crime, Drama",100
2590,b873,Fragments,2008,Rowan Woods,"Forest Whitaker, Kate Beckinsale, Guy Pearce, Dakota Fanning","Mystery & Suspense, Drama",96
2591,a75,Caroline and Jackie,2012,Adam Christian Clark,"Marguerite Moreau, Bitsie Tulloch, David Giuntoli",Drama,85
2591,b75,Caroline And Jackie,2013,Adam Christian Clark,"Marguerite Moreau, Bitsie Tulloch, David Giuntoli, Valerie Azlynn",Drama,85
2592,a1472,The Jimmy Show,2002,Frank Whaley,"Frank Whaley, Carla Gugino, Ethan Hawke","Comedy, Drama",96
2592,b1281,The Jimmy Show,2001,Frank Whaley,"Frank Whaley, Carla Gugino, Ethan Hawke, Lynn Cohen","Drama, Comedy",97
2593,a1804,The Woodsman,2005,Nicole Kassell,"Kevin Bacon, Kyra Sedgwick, Yasiin Bey",Drama,87
2593,b1581,The Woodsman,2004,Nicole Kassell,"Kevin Bacon, Kyra Sedgwick, Yasiin Bey, Benjamin Bratt",Drama,85
2594,a1405,Black Hawk Down,2002,Ridley Scott,"Josh Hartnett, Ewan McGregor, Tom Sizemore","Drama, History, Thriller, War",144
2594,b1222,Black Hawk Down,2001,Ridley Scott,"Josh Hartnett, Ewan McGregor, Tom Sizemore, Eric Bana","Drama, Action & Adventure",152
2595,a2215,Idiocracy,2007,Mike Judge,"Luke Wilson, Maya Rudolph, Dax Shepard","Adventure, Comedy, Sci-Fi, Thriller",84
2595,b1953,Idiocracy,2006,Mike Judge,"Luke Wilson, Maya Rudolph, Dax Shepard, Terry Crews","Action & Adventure, Science Fiction & Fantasy, Comedy",104
2596,a2775,The Hospital,1972,Arthur Hiller,"George C. Scott, Diana Rigg, Barnard Hughes","Comedy, Drama, Mystery",103
2596,b2535,The Hospital,1971,Arthur Hiller,"George C. Scott, Diana Rigg, Barnard Hughes, Richard Dysart","Drama, Classics, Comedy",103
2597,a1468,In the Bedroom,2002,Todd Field,"Tom Wilkinson, Sissy Spacek, Nick Stahl","Crime, Drama",130
2597,b1277,In the Bedroom,2001,Todd Field,"Sissy Spacek, Tom Wilkinson, Nick Stahl, Marisa Tomei","Art House & International, Drama",131
2598,b1675,Intermedio,2004,Andrew Lauer,"Edward Furlong, Steve Railsback, Cerina Vincent, Amber Benson","Mystery & Suspense, Horror",82
2598,a1904,Intermedio,2005,Andrew Lauer,"Edward Furlong, Steve Railsback, Cerina Vincent","Horror, Thriller",85
2599,a1797,When Will I Be Loved,2005,James Toback,"Neve Campbell, Frederick Weller, Dominic Chianese","Drama, Thriller",81
2599,b1574,When Will I Be Loved,2004,James Toback,"Neve Campbell, Frederick Weller, Dominic Chianese, Karen Allen",Drama,90
2600,a2557,Reservation Road,2008,Terry George,"Joaquin Phoenix, Mark Ruffalo, Jennifer Connelly","Crime, Drama, Thriller",102
2600,b2331,Reservation Road,2007,Terry George,"Joaquin Phoenix, Mark Ruffalo, Jennifer Connelly, Mira Sorvino","Mystery & Suspense, Drama",103
2601,b1359,Storytelling,2002,Todd Solondz,"Selma Blair, Leo Fitzpatrick, Robert Wisdom, Maria Thayer","Drama, Comedy",88
2601,a1560,Storytelling,2001,Todd Solondz,"Selma Blair, Leo Fitzpatrick, Robert Wisdom","Comedy, Drama, Romance",87
2602,a1667,Godsend,2004,Nick Hamm,"Robert De Niro, Greg Kinnear, Rebecca Romijn","Drama, Horror, Sci-Fi, Thriller",102
2602,b1450,Godsend,2003,Nick Hamm,"Greg Kinnear, Rebecca Romijn, Robert De Niro, Cameron Bright","Drama, Horror, Mystery & Suspense",102
2603,a1467,I Am Sam,2002,Jessie Nelson,"Sean Penn, Michelle Pfeiffer, Dakota Fanning",Drama,132
2603,b1276,I Am Sam,2001,Jessie Nelson,"Sean Penn, Michelle Pfeiffer, Dakota Fanning, Dianne Wiest",Drama,132
2604,b955,Phoebe in Wonderland,2009,Daniel Barnz,"Felicity Huffman, Patricia Clarkson, Elle Fanning, Bill Pullman","Drama, Science Fiction & Fantasy",96
2604,a1025,Phoebe in Wonderland,2008,Daniel Barnz,"Elle Fanning, Patricia Clarkson, Felicity Huffman",Drama,96
2605,b1217,Bartleby,2002,Jonathan Parker,"Crispin Glover, David Paymer, Glenne Headly, Maury Chaykin","Drama, Art House & International, Comedy",82
2605,a1399,Bartleby,2001,Jonathan Parker,"David Paymer, Crispin Glover, Glenne Headly","Comedy, Drama, Mystery",83
2606,a19,Any Day Now,2013,Travis Fine,"Alan Cumming, Garret Dillahunt, Isaac Leyva",Drama,98
2606,b21,Any Day Now,2012,Travis Fine,"Alan Cumming, Garret Dillahunt, Isaac Leyva, Gregg Henry",Drama,97
2607,b2165,Blonde Ambition,2007,Scott Marshall,"Jessica Simpson, Luke Wilson, Rachael Leigh Cook, Penelope Ann Miller","Drama, Comedy",92
2607,a1119,Blonde Ambition,2008,Scott Marshall,"Jessica Simpson, Luke Wilson, Rachael Leigh Cook","Comedy, Romance",93
2608,c3293,The Corruptor,1999,James Foley,"Yun-Fat Chow, Mark Wahlberg, Ric Young","Action, Crime, Drama",110
2608,b2764,The Corruptor,1998,James Foley,"Yun-Fat Chow, Mark Wahlberg, Ric Young, Paul Ben-Victor","Mystery & Suspense, Action & Adventure",110
2609,a2040,Another Gay Movie,2007,Todd Stephens,"Michael Carbonaro, Jonathan Chase, Jonah Blechman","Comedy, Romance",92
2609,b1800,Another Gay Movie,2006,Todd Stephens,"Michael Carbonaro, Jonah Blechman, Jonathan Chase, Mitch Morris","Gay & Lesbian, Comedy",94
2610,d691,white god,2015,Kornél Mundruczó,"Zsófia Psotta,Sándor Zsótér,Lili Horváth,Szabolcs Thuróczy",Drama,121
2610,a2603,White God,2014,Kornél Mundruczó,"Zsófia Psotta, Sándor Zsótér, Lili Horváth",Drama,121
2611,b2032,The Painted Veil,2006,John Curran,"Naomi Watts, Edward Norton, Liev Schreiber, Diana Rigg","Drama, Romance",124
2611,a2302,The Painted Veil,2007,John Curran,"Naomi Watts, Edward Norton, Liev Schreiber","Drama, Romance",125
2612,b1150,Sexy Beast,2000,Jonathan Glazer,"Ray Winstone, Ben Kingsley, Ian McShane, Amanda Redman","Drama, Mystery & Suspense, Comedy",88
2612,a1328,Sexy Beast,2001,Jonathan Glazer,"Ray Winstone, Ben Kingsley, Ian McShane","Crime, Thriller",89
2613,b553,Margaret,2011,Kenneth Lonergan,"Anna Paquin, Matt Damon, Mark Ruffalo, Matthew Broderick",Drama,149
2613,a588,Margaret,2012,Kenneth Lonergan,"Anna Paquin, Matt Damon, Mark Ruffalo",Drama,150
2614,a1279,Memento,2001,Christopher Nolan,"Guy Pearce, Carrie-Anne Moss, Joe Pantoliano","Mystery, Thriller",113
2614,b1103,Memento,2000,Christopher Nolan,"Guy Pearce, Joe Pantoliano, Carrie-Anne Moss, Stephen Tobolowsky","Mystery & Suspense, Drama",116
2615,b2977,Firestorm,1997,Dean Semler,"Howie Long, Scott Glenn, William Forsythe, Suzy Amis","Mystery & Suspense, Action & Adventure",89
2615,c3417,Firestorm,1998,Dean Semler,"Howie Long, Scott Glenn, William Forsythe","Thriller, Action",89
2616,a1409,Buffalo Soldiers,2002,Gregor Jordan,"Joaquin Phoenix, Anna Paquin, Ed Harris","Comedy, Crime, Drama, Thriller, War",98
2616,b1228,Buffalo Soldiers,2001,Gregor Jordan,"Joaquin Phoenix, Ed Harris, Scott Glenn, Anna Paquin","Drama, Mystery & Suspense, Comedy",98
2617,a2242,Land of the Blind,2007,Robert Edwards,"Ralph Fiennes, Donald Sutherland, Tom Hollander","Drama, Thriller",110
2617,b1978,Land of the Blind,2006,Robert Edwards,"Ralph Fiennes, Donald Sutherland, Lara Flynn Boyle, Tom Hollander",Drama,101
2618,a1937,Mirrormask,2006,Dave McKean,"Stephanie Leonidas, Jason Barry, Rob Brydon","Adventure, Drama, Family, Fantasy",101
2618,b1702,MirrorMask,2005,Dave McKean,"Stephanie Leonidas, Jason Barry, Rob Brydon, Gina McKee","Drama, Kids & Family, Science Fiction & Fantasy",101
2619,a1738,Primer,2005,Shane Carruth,"Shane Carruth, David Sullivan, Casey Gooden","Drama, Sci-Fi, Thriller",77
2619,b1515,Primer,2004,Shane Carruth,"Shane Carruth, David Sullivan, Casey Gooden, Anand Upadhyaya","Drama, Mystery & Suspense, Science Fiction & Fantasy",80
2620,b2964,Desperate Measures,1997,Barbet Schroeder,"Michael Keaton, Andy Garcia, Brian Cox, Marcia Gay Harden","Drama, Action & Adventure, Mystery & Suspense",101
2620,c3398,Desperate Measures,1998,Barbet Schroeder,"Michael Keaton, Andy Garcia, Brian Cox","Action, Crime, Drama",100
2621,a1349,Tigerland,2001,Joel Schumacher,"Colin Farrell, Matthew Davis, Clifton Collins Jr.","Drama, War",101
2621,b1169,Tigerland,2000,Joel Schumacher,"Colin Farrell, Matthew Davis, Clifton Collins Jr., Tom Guiry","Drama, Action & Adventure",101
2622,a2612,What Love Is,2007,Mars Callahan,"Cuba Gooding Jr., Matthew Lillard, Sean Astin",Comedy,93
2622,b2384,What Love Is,2008,Mars Callahan,"Cuba Gooding Jr., Sean Astin, Matthew Lillard, Mars Callahan",Comedy,88
2623,b2088,Starter for 10,2006,Tom Vaughan,"James McAvoy, Alice Eve, Rebecca Hall, Catherine Tate","Drama, Romance, Comedy",96
2623,a2371,Starter for 10,2007,Tom Vaughan,"James McAvoy, Alice Eve, Rebecca Hall","Comedy, Drama, Romance",92
2624,a2818,Koch,2012,Neil Barsky,"Ed Koch, Michael Bloomberg, Calvin O. Butts III","Documentary, Biography, History",100
2624,b2574,Koch,2013,Neil Barsky,"Ed Koch, Michael Bloomberg, Calvin O. Butts III, Calvin O. Butts IIII","Documentary, Special Interest",95
2625,c1128,Berserk: The Golden Age Arc II - The Battle for Doldrey,2012,Toshiyuki Kubooka,"Orion Acaba, Chris Jai Alex, G.K. Bowes","Animation, Action, Adventure",80
2625,c1081,Berserk: The Golden Age Arc I - The Egg of the King,2012,Toshiyuki Kubooka,"Hiroaki Iwanaga, Takahiro Sakurai, Toa Yukinari","Animation, Action, Adventure",76
2626,a1178,Adventures in Wild California,2001,Greg MacGillivray,"Troy Hartman, Stephen C. Sillett, Jimmy Smits","Documentary, Short",41
2626,b1010,Adventures in Wild California,2000,Greg GacGillivray,,"Documentary, Sports & Fitness",40
2627,a2225,Iraq in Fragments,2007,James Longley,"Mohammed Haithem, Suleiman Mahmoud, Muqtada al-Sadr","Documentary, War",94
2627,b1963,Iraq in Fragments,2006,James Longley,"Mohammed Haithem, Suleiman Mahmoud","Documentary, Special Interest",93
2628,b1387,Around the Bend,2004,Jordon Roberts,"Michael Caine, Christopher Walken, Josh Lucas, Jonah Bobo","Drama, Comedy",83
2628,a1598,Around the Bend,2005,Jordan Roberts,"Michael Caine, Christopher Walken, Josh Lucas","Comedy, Drama",85
2629,b1349,The Shipping News,2001,Lasse Hallstrom,"Kevin Spacey, Julianne Moore, Judi Dench, Cate Blanchett","Drama, Romance",111
2629,a1550,The Shipping News,2002,Lasse Hallström,"Kevin Spacey, Julianne Moore, Judi Dench",Drama,111
2630,c4343,Fight Back to School,1991,Gordon Chan,"Stephen Chow, Man Tat Ng, Sharla Cheung","Action, Comedy, Crime",100
2630,c4220,Fight Back to School II,1992,Gordon Chan,"Stephen Chow, Sharla Cheung, Man Tat Ng","Action, Comedy, Crime",106
2631,d2835,outlander,2009,Howard McCain,"Jim Caviezel,Sophia Myles,Jack Huston,Ron Perlman,John Hurt","Action, Adventure, Fantasy, Science Fiction",115
2631,c1914,Outlander,2008,Howard McCain,"Jim Caviezel, Sophia Myles, Ron Perlman","Action, Adventure, Sci-Fi",115
2632,d2878,milk,2008,Gus Van Sant,"Sean Penn,Emile Hirsch,Josh Brolin,Diego Luna,James Franco","Drama, Indie",128
2632,a776,Milk,2009,Gus Van Sant,"Sean Penn, Josh Brolin, Emile Hirsch","Biography, Drama, History",128
2633,d2066,seeking justice,2012,Roger Donaldson,"Nicolas Cage,January Jones,Guy Pearce,Harold Perrineau,Jennifer Carpenter","Action, Drama, Thriller",105
2633,c1182,Seeking Justice,2011,Roger Donaldson,"Nicolas Cage, January Jones, Guy Pearce","Action, Drama, Thriller",105
2634,c1787,District 13: Ultimatum,2009,Patrick Alessandrin,"Cyril Raffaelli, David Belle, Philippe Torreton","Action, Crime, Thriller",101
2634,d2481,district 13: ultimatum,2010,Patrick Alessandrin,"Cyril Raffaelli,David Belle,Philippe Torreton,Daniel Duval,Elodie Yung","Action, Crime, Foreign, Science Fiction, Thriller",101
2635,d1304,the outsider,2013,Brian A Miller,"Shannon Elizabeth,James Caan,Jason Patric,Craig Fairbrass,Melissa Ordway","Action, Crime, Drama",94
2635,c271,The Outsider,2014,Brian A Miller,"Craig Fairbrass, James Caan, Jason Patric","Action, Crime, Drama",94
2636,c733,Enemies Closer,2013,Peter Hyams,"Tom Everett Scott, Jean-Claude Van Damme, Orlando Jones","Action, Thriller",85
2636,d1376,enemies closer,2014,Peter Hyams,"Jean-Claude Van Damme,Tom Everett Scott,Orlando Jones,Linzey Cocker,Kristopher Van Varenberg","Action, Thriller",85
2637,c4877,A Better Tomorrow II,1987,John Woo,"Leslie Cheung, Yun-Fat Chow, Lung Ti","Action, Crime, Drama",105
2637,c4987,A Better Tomorrow,1986,John Woo,"Lung Ti, Leslie Cheung, Yun-Fat Chow","Action, Crime, Drama",95
2638,b1048,Cruel Intentions 2,2000,Robert Kumble,"Robin Dunne, Amy Adams, Sarah Thompson, Keri Lynn Pratt","Drama, Comedy",87
2638,a1218,Cruel Intentions 2,2001,Roger Kumble,"Robin Dunne, Sarah Thompson, Keri Lynn Pratt",Drama,87
2639,b153,Tyler Perry's Good Deeds,2012,Tyler Perry,"Tyler Perry, Thandie Newton, Gabrielle Union, Eddie Cibrian","Drama, Romance, Comedy",109
2639,a155,Good Deeds,2012,Tyler Perry,"Tyler Perry, Gabrielle Union, Thandie Newton","Comedy, Drama, Romance",110
2640,c316,Taken 3,2014,Olivier Megaton,"Liam Neeson, Forest Whitaker, Maggie Grace","Action, Thriller",109
2640,d742,taken 3,2015,Oliver Megaton,"Liam Neeson,Famke Janssen,Maggie Grace,Forest Whitaker,Dougray Scott","Action, Crime, Thriller",109
2641,c4834,City on Fire,1987,Ringo Lam,"Yun-Fat Chow, Danny Lee, Yueh Sun","Action, Crime, Drama",101
2641,c4829,Prison on Fire,1987,Ringo Lam,"Yun-Fat Chow, Tony Ka Fai Leung, Ka-Kui Ho","Action, Crime, Drama",98
2642,c307,Kill Me Three Times,2014,Kriv Stenders,"Simon Pegg, Teresa Palmer, Alice Braga","Action, Comedy, Thriller",90
2642,d713,kill me three times,2015,Kriv Stenders,"Simon Pegg,Teresa Palmer,Luke Hemsworth,Sullivan Stapleton,Alice Braga,Callan Mulvey",Thriller,90
2643,d3514,the general,1927,"Buster Keaton,Clyde Bruckman","Buster Keaton,Marion Mack,Charles Smith","Action, Adventure, Comedy, Drama, Romance, War",107
2643,c6903,The General,1926,Clyde Bruckman,"Buster Keaton, Marion Mack, Glen Cavender","Action, Adventure, Comedy",67
2644,a2770,Her,2014,Spike Jonze,"Joaquin Phoenix, Amy Adams, Scarlett Johansson","Drama, Romance, Sci-Fi",126
2644,d1325,her,2013,Spike Jonze,"Joaquin Phoenix,Scarlett Johansson,Amy Adams,Olivia Wilde,Rooney Mara,Portia Doubleday","Comedy, Drama, Romance, Science Fiction",120
2645,d1232,afflicted,2014,"Clif Prowse,Derek Lee","Baya Rehaz,Derek Lee,Clif Prowse","Action, Thriller",85
2645,c688,Afflicted,2013,Derek Lee,"Clif Prowse, Derek Lee, Michael Gill","Horror, Mystery, Thriller",85
2646,d2206,the whistleblower,2011,Larysa Kondracki,"Rachel Weisz,David Strathairn,Nikolaj Lie Kaas,Anna Anissimova,Vanessa Redgrave,Monica Bellucci","Action, Drama, Thriller",112
2646,c1429,The Whistleblower,2010,Larysa Kondracki,"Rachel Weisz, Monica Bellucci, Vanessa Redgrave","Action, Biography, Crime",112
2647,d1142,wolf creek 2,2014,Greg Mclean,"John Jarratt,Ryan Corr,Shannon Ashlyn,Phillipe Klaus,Gerard Kennedy,Annie Byron","Horror, Thriller",106
2647,c637,Wolf Creek 2,2013,Greg McLean,"John Jarratt, Ryan Corr, Shannon Ashlyn","Action, Horror, Thriller",106
2648,c900,The Sweeney,2012,Nick Love,"Ray Winstone, Ben Drew, Hayley Atwell","Action, Crime, Drama",112
2648,d1753,the sweeney,2013,Nick Love,"Ray Winstone,Ben Drew,Hayley Atwell,Steven MacKintosh,Paul Anderson,Damian Lewis","Crime, Drama",112
2649,a2374,Stephanie Daley,2006,Hilary Brougher,"Tilda Swinton, Amber Tamblyn, Timothy Hutton",Drama,92
2649,d139,stephanie daley,2007,Hilary Brougher,"Amber Tamblyn,Tilda Swinton,Timothy Hutton,Denis O'Hare,Jim Gaffigan,Melissa Leo","Drama, Indie",92
2650,c221,Skin Trade,2014,Ekachai Uekrongtham,"Dolph Lundgren, Tony Jaa, Ron Perlman","Action, Crime, Thriller",96
2650,d543,skin trade,2015,Ekachai Uekrongtham,"Ron Perlman,Tony Jaa,Dolph Lundgren,Celina Jade,Michael Jai White,Peter Weller","Action, Crime, Thriller",96
2651,b1837,The Breed,2006,Nick Mastandrea,"Michelle Rodriguez, Oliver Hudson, Taryn Manning, Eric Lively",Horror,90
2651,a2082,The Breed,2007,Nicholas Mastandrea,"Michelle Rodriguez, Oliver Hudson, Taryn Manning","Comedy, Horror, Thriller",91
2652,d2126,the killing,1956,,,"Action, Crime, Drama, Thriller",85
2652,b2820,The King and I,1956,Walter Lang,"Yul Brynner, Deborah Kerr, Rita Moreno, Terry Saunders","Romance, Musical & Performing Arts, Classics",133
2653,a1856,Don't Come Knocking,2005,Wim Wenders,"Sam Shepard, Jessica Lange, Tim Roth","Drama, Music",122
2653,d192,don't come knocking,2006,Wim Wenders,"Sam Shepard,Jessica Lange,Tim Roth,Gabriel Mann,Sarah Polley,Fairuza Balk,Eva Marie Saint","Drama, Music",123
2654,c204,Seventh Son,2014,Sergey Bodrov,"Ben Barnes, Julianne Moore, Jeff Bridges","Action, Adventure, Fantasy",102
2654,d790,seventh son,2015,Sergey Bodrov,"Jeff Bridges,Julianne Moore,Ben Barnes,Alicia Vikander,Kit Harington,Djimon Hounsou,Olivia Williams","Adventure, Family, Fantasy",102
2655,c3481,San goo waak chai ji siu nin gik dau pin,1998,Wai-Keung Lau,"Nicholas Tse, Francis Ng, Qi Shu","Action, Drama",117
2655,c3473,98 goo waak chai ji lung chang foo dau,1998,Wai-Keung Lau,"Ekin Cheng, Qi Shu, Kar Lok Chin",Action,114
2656,c4643,L.A. Vice,1989,Joseph Merhi,"Lawrence Hilton-Jacobs, William Smith, Jean Levine","Action, Crime",80
2656,c4566,L.A. Heat,1989,Joseph Merhi,"Lawrence Hilton-Jacobs, Jim Brown, Kevin Benton",Action,85
2657,c1934,The Baader Meinhof Complex,2008,Uli Edel,"Martina Gedeck, Moritz Bleibtreu, Johanna Wokalek","Action, Biography, Crime",150
2657,d2699,the baader-meinhof complex,2009,Uli Edel,"Bruno Ganz,Martina Gedeck,Moritz Bleibtreu,Johanna Wokalek,Nadja Uhl",,
2658,b2025,The Oh in Ohio,2006,Billy Kent,"Parker Posey, Paul Rudd, Mischa Barton, Miranda Bailey",Comedy,91
2658,a2295,The Oh in Ohio,2007,Billy Kent,"Parker Posey, Paul Rudd, Danny DeVito","Comedy, Drama, Romance",88
2659,a1363,Whipped,2000,Peter M. Cohen,"Amanda Peet, Brian Van Holt, Jonathan Abrahams","Comedy, Romance",82
2659,b1191,Whipped,1999,Peter M. Cohen,"Amanda Peet, Brian Van Holt, Judah Domke, Zorie Barber",Comedy,85
2660,a844,U2 3D,2008,Catherine Owens,"Bono, Adam Clayton, Larry Mullen Jr.","Documentary, Music",85
2660,b788,U2 3D,2007,Catherine Owens,"U2, Bono, The Edge, Adam Clayton","Musical & Performing Arts, Documentary",85
2661,a1454,Gosford Park,2002,Robert Altman,"Maggie Smith, Ryan Phillippe, Michael Gambon","Drama, Mystery",137
2661,b1263,Gosford Park,2001,Robert Altman,"Michael Gambon, Kristin Scott Thomas, Maggie Smith, Helen Mirren","Drama, Mystery & Suspense, Comedy",138
2662,a673,The Accidental Husband,2008,Griffin Dunne,"Uma Thurman, Justina Machado, Jeffrey Dean Morgan","Comedy, Romance",90
2662,b629,The Accidental Husband,2009,Griffin Dunne,"Uma Thurman, Colin Firth, Jeffrey Dean Morgan, Sam Shepard","Comedy, Romance",91
2663,b1315,My First Mister,2002,Christine Lahti,"Albert Brooks, Leelee Sobieski, Desmond Harrington, Carol Kane",Comedy,109
2663,a1512,My First Mister,2001,Christine Lahti,"Albert Brooks, Leelee Sobieski, Rutanya Alda","Comedy, Drama, Romance",109
2664,a2815,Kink,2013,Christina Voros,"Peter Acworth, Maitresse Madeline, Chris Norris","Documentary, Biography",80
2664,b2571,Kink,2014,Christina Voros,"Peter Acworth, Maitresse Madeline, Chris Nelson Norris, Tomcat","Documentary, Special Interest",80
2665,a2370,Stalking Santa,2006,Greg Kiefer,"Chris Clark, Daryn Tufts, Lisa Clark",Comedy,82
2665,b2087,Stalking Santa,2007,Greg Kiefer,"Lisa Clark, Christopher Clark, Daryn Tufts, William Shatner",Comedy,82
2666,d3153,exiled,2007,Johnnie To,"Nick Cheung,Roy Cheung,Josie Ho,Francis Ng","Action, Crime, Foreign, Thriller",110
2666,c2372,Exiled,2006,Johnnie To,"Nick Cheung, Anthony Chau-Sang Wong, Francis Ng","Action, Crime, Thriller",110
2667,d2531,harry brown,2010,Daniel Barber,"Michael Caine,Emily Mortimer,Charlie Creed-Miles,Ben Drew","Action, Adventure, Foreign, Thriller",103
2667,c1799,Harry Brown,2009,Daniel Barber,"Michael Caine, Emily Mortimer, David Bradley","Action, Crime, Drama",103
2668,a2123,The Dead Girl,2007,Karen Moncrieff,"Toni Collette, Brittany Murphy, Marcia Gay Harden","Crime, Drama, Mystery",85
2668,b1873,The Dead Girl,2006,Karen Moncrieff,"Toni Collette, Piper Laurie, Brittany Murphy, Mary Beth Hurt","Drama, Art House & International, Mystery & Suspense",94
2669,b1576,The Whole Ten Yards,2003,Howard Deutch,"Bruce Willis, Matthew Perry, Amanda Peet, Kevin Pollak","Drama, Action & Adventure, Mystery & Suspense, Comedy",99
2669,a1799,The Whole Ten Yards,2004,Howard Deutch,"Bruce Willis, Matthew Perry, Natasha Henstridge","Comedy, Crime, Thriller",98
2670,a1070,Wah Do Dem,2009,Ben Chace,"Kevin Bewersdorf, Sean Bones, Carl Bradshaw","Adventure, Comedy, Drama",76
2670,b993,Wah Do Dem,2010,Ben Chace,"Kevin Bewersdorf, Carl Bradshaw, Mark Gibbs, Norah Jones","Drama, Action & Adventure, Comedy",76
2671,a2783,I Am Divine,2014,Jeffrey Schwarz,"Divine, Michael Musto, Mark Payne",Documentary,90
2671,b2542,I Am Divine,2013,Jeffrey Schwarz,"Divine, John Waters, Michael Musto, Ricki Lake","Documentary, Special Interest",90
2672,a2246,The Last Winter,2008,Larry Fessenden,"Ron Perlman, James Le Gros, Connie Britton","Horror, Thriller",101
2672,b1981,The Last Winter,2007,Larry Fessenden,"Ron Perlman, James LeGros, Connie Britton, Zach Gilford","Mystery & Suspense, Horror",100
2673,a2554,Remember the Daze,2007,Jess Manafort,"Katrina Begin, Charles Chen, Melonie Diaz","Comedy, Drama",101
2673,b2328,Remember the Daze,2008,Jess Manafort,"Amber Heard, Alexa Vega, Katrina Begin, Melonie Diaz","Drama, Art House & International, Comedy",101
2674,b1367,Thirteen Conversations About One Thing,2001,Jill Sprecher,"Matthew McConaughey, David Connelly, John Turturro, Clea DuVall","Drama, Art House & International, Comedy",104
2674,a1568,Thirteen Conversations About One Thing,2002,Jill Sprecher,"Alan Arkin, John Turturro, Matthew McConaughey",Drama,104
2675,a2356,Sherrybaby,2007,Laurie Collyer,"Maggie Gyllenhaal, Ryan Simpkins, Sam Bottoms",Drama,96
2675,b2074,Sherrybaby,2006,Laurie Collyer,"Maggie Gyllenhaal, Sam Bottoms, Giancarlo Esposito, Bridget Barkan",Drama,96
2676,a1896,House of D,2005,David Duchovny,"David Duchovny, Téa Leoni, Robin Williams","Comedy, Drama",97
2676,b1667,House of D,2004,David Duchovny,"Anton Yelchin, Ta Leoni, David Duchovny, Robin Williams",Drama,97
2677,a2490,The Life Before Her Eyes,2008,Vadim Perelman,"Uma Thurman, Evan Rachel Wood, Eva Amurri Martino","Drama, Mystery, Thriller",90
2677,b2270,The Life Before Her Eyes,2007,Vadim Perelman,"Uma Thurman, Evan Rachel Wood, Eva Amurri, Gabrielle Brennan","Mystery & Suspense, Drama",90
2678,a2315,Premium,2006,Pete Chatmon,"Dorian Missick, Zoe Saldana, Hill Harper","Comedy, Drama, Romance",97
2678,b2040,Premium,2007,Pete Chatmon,"Dorian Missick, Zoe Saldana, William Sadler, Frankie Faison","Drama, Comedy",97
2679,b1303,Lovely & Amazing,2001,Nicole Holofcener,"Catherine Keener, Brenda Blethyn, Emily Mortimer, Raven Goodwin","Drama, Art House & International, Comedy",89
2679,a1495,Lovely & Amazing,2002,Nicole Holofcener,"Catherine Keener, Brenda Blethyn, Troy Ruptash","Comedy, Drama, Romance",91
2680,a1347,Thirteen Days,2001,Roger Donaldson,"Kevin Costner, Bruce Greenwood, Shawn Driscoll","Drama, History, Thriller",145
2680,b1168,Thirteen Days,2000,Roger Donaldson,"Kevin Costner, Bruce Greenwood, Steven Culp, Dylan Baker",Drama,145
2681,b281,Big Money Rustlas,2011,Paul Andresen,"Shaggy 2 Dope, Insane Clown Posse, Violent J, Twiztid","Western, Comedy, Special Interest",95
2681,a287,Big Money Rustlas,2010,Paul Andresen,"Violent J, Shaggy 2 Dope, Tony Borcherding","Comedy, Western",95
2682,b1566,A Very Long Engagement,2004,Jean-Pierre Jeunet,"Audrey Tautou, Gaspard Ulliel, Jean-Pierre Becker, Dominique Bettenfeld","Drama, Romance, Art House & International",133
2682,a1788,A Very Long Engagement,2005,Jean-Pierre Jeunet,"Audrey Tautou, Gaspard Ulliel, Jodie Foster","Drama, Mystery, Romance, War",133
2683,a1458,Harvard Man,2001,James Toback,"Sarah Michelle Gellar, Adrian Grenier, Joey Lauren Adams","Comedy, Crime, Drama, Romance, Thriller",99
2683,b1267,Harvard Man,2002,James Toback,"Adrian Grenier, Sarah Michelle Gella..., Joey Lauren Adams, Eric Stoltz","Drama, Comedy",97
2684,c272,Montana,2014,Mo Ali,"Michelle Fairley, Lars Mikkelsen, Dominique Tipper","Action, Crime, Drama",108
2684,b3020,Montana,2015,Mo Ali,"Michelle Fairley, Lars Mikkelsen, Ashley Walters, Adam Deacon","Drama, Action & Adventure, Mystery & Suspense",108
2685,b1398,Black Cloud,2005,Ricky Schroder,"Eddie Spears, Rick Schroder, Julia Jones, Peter Greene","Drama, Action & Adventure",95
2685,a1610,Black Cloud,2004,Ricky Schroder,"Eddie Spears, Russell Means, Julia Jones",Drama,97
2686,a1570,To End All Wars,2001,David L. Cunningham,"Robert Carlyle, Kiefer Sutherland, Ciarán McMenamin","Action, Drama, War",117
2686,b1369,To End All Wars,2002,David L. Cunningham,"Robert Carlyle, Kiefer Sutherland, Ciaran McMenamin, Mark Strong (II)",Drama,126
2687,b2167,Blue State,2007,Marshall Lewy,"Breckin Meyer, Anna Paquin, Richard Blackburn, Gloria O'Neill","Drama, Art House & International, Comedy",90
2687,a1121,Blue State,2008,Marshall Lewy,"Breckin Meyer, Anna Paquin, Joyce Krenz","Comedy, Drama, Romance",88
2688,a2405,Vacationland,2007,Todd Verow,"Brad Hallowell, Gregory J. Lucas, Hilary Mann",Drama,104
2688,b2117,Vacationland,2006,Todd Verow,"Brad Hallowell, Gregory J. Lucas, Jennifer Stackpole, Mindy Hofman","Art House & International, Drama",104
2689,b905,An Invisible Sign,2011,Marilyn Agrelo,"Jessica Alba, Chris Messina, J.K. Simmons, John Shea","Drama, Comedy",96
2689,a972,An Invisible Sign,2010,Marilyn Agrelo,"Jessica Alba, Chris Messina, Sonia Braga","Comedy, Drama, Family, Romance",96
2690,a1732,Palindromes,2005,Todd Solondz,"Jennifer Jason Leigh, Ellen Barkin, Stephen Adly Guirgis","Comedy, Drama",100
2690,b1513,Palindromes,2004,Todd Solondz,"Ellen Barkin, Jennifer Jason Leigh, Emani Sledge, Valerie Shusterov","Drama, Comedy, Special Interest",100
2691,b2215,Full of It,2007,Christian Charles,"Ryan Pinkston, Kate Mara, John Carroll Lynch, Cynthia Stevenson","Drama, Comedy",91
2691,a2428,Full of It,2008,Christian Charles,"Ryan Pinkston, Kate Mara, Teri Polo","Drama, Comedy",93
2692,b344,Hurricane Season,2010,Tim Story,"Forest Whitaker, Isaiah Washington, Bow Wow, Taraji P. Henson","Sports & Fitness, Drama",102
2692,a358,Hurricane Season,2009,Tim Story,"Forest Whitaker, Isaiah Washington, Shad Moss","Drama, Sport",102
2693,a1252,The House of Mirth,2001,Terence Davies,"Gillian Anderson, Dan Aykroyd, Eleanor Bron","Romance, Drama",135
2693,b1080,The House of Mirth,2000,Terence Davies,"Gillian Anderson, Eric Stoltz, Dan Aykroyd, Laura Linney","Drama, Romance",143
2694,b1510,November,2005,Greg Harrison,"Courteney Cox, James LeGros, Michael Ealy, Nora Dunn","Documentary, Drama, Mystery & Suspense, Special Interest",25
2694,a1728,November,2004,Greg Harrison,"Courteney Cox, James Le Gros, Michael Ealy","Drama, Mystery, Thriller",73
2695,b134,The First Time,2012,Jon Kasdan,"Brittany Robertson, Dylan O'Brien, Victoria Justice, Craig Robertson",Drama,95
2695,a139,The First Time,2013,Jon Kasdan,"Dylan O'Brien, Britt Robertson, Victoria Justice","Comedy, Drama, Romance",95
2696,b1127,Pollock,2000,Ed Harris,"Ed Harris, Marcia Gay Harden, Jennifer Connelly, Jeffrey Tambor",Drama,123
2696,a1304,Pollock,2001,Ed Harris,"Ed Harris, Marcia Gay Harden, Tom Bower","Biography, Drama",122
2697,b1781,10 Items or Less,2006,Brad Silberling,"Morgan Freeman, Paz Vega, Bobby Cannavale, Anne Dudek","Drama, Comedy",81
2697,a2018,10 Items or Less,2007,Brad Silberling,"Morgan Freeman, Paz Vega, Jonah Hill","Comedy, Drama",82
2698,b1995,Loving Annabelle,2006,Katherine Brooks,"Diane Gaidry, Erin Kelly, Ilene Graff, Kevin McCarthy","Drama, Romance, Gay & Lesbian",77
2698,a2260,Loving Annabelle,2007,Katherine Brooks,"Erin Kelly, Diane Gaidry, Laura Breckenridge","Drama, Romance",76
2699,b2060,The Sasquatch Gang,2007,Tim Skousen,"Justin Long, Joey Kern, Jeremy Sumpter, Carl Weathers","Science Fiction & Fantasy, Comedy",84
2699,a2341,The Sasquatch Gang,2006,Tim Skousen,"Justin Long, Jeremy Sumpter, Addie Land",Comedy,86
2700,a1403,The Believer,2001,Henry Bean,"Ryan Gosling, Summer Phoenix, Peter Meadows",Drama,102
2700,b1220,The Believer,2002,Henry Bean,"Ryan Gosling, Summer Phoenix, Theresa Russell, Glenn Fitzgerald",Drama,98
2701,a2103,Come Early Morning,2007,Joey Lauren Adams,"Ashley Judd, Jeffrey Donovan, Tim Blake Nelson","Drama, Romance",97
2701,b1854,Come Early Morning,2006,Joey Lauren Adams,"Ashley Judd, Joey Lauren Adams, Jeffrey Donovan, Laura Prepon","Drama, Romance",95
2702,a2874,The Pardon,2013,Tom Anton,"Jaime King, John Hawkes, Leigh Whannell",Crime,120
2702,b2624,The Pardon,2012,Tom Anton,"Jaime King, Jason Lewis, John Hawkes, M.C. Gainey",Drama,120
2703,b1792,Alone with Her,2007,Eric Nicholas,"Colin Hanks, Ana Claudia Talancn, Jordana Spiro, Jonathon Trent","Mystery & Suspense, Drama",79
2703,a2033,Alone with Her,2008,Eric Nicholas,"Ana Claudia Talancón, Colin Hanks, Jordana Spiro","Crime, Drama, Thriller",78
2704,b41,The Battery,2014,Jeremy Gardner,"Adam Cronheim, Alana O'Brien, Niels Bolle, Jamie Pantanella","Drama, Horror",101
2704,a40,The Battery,2013,Jeremy Gardner,"Jeremy Gardner, Adam Cronheim, Niels Bolle","Adventure, Drama, Horror",101
2705,a1435,Escape from Hell,1980,Edoardo Mulargia,"Anthony Steffen, Ajita Wilson, Cristina Lay","Drama, Thriller, Crime",93
2705,b1248,Escape from Hell,,Danny R. Carrales,"Bob Lauro, Dan Kruse, Daniel Kruse, Don Brooks","Drama, Horror, Faith & Spirituality",78
2706,d2122,outrage,2012,Takeshi Kitano,"Beat Takeshi,Soichiro Kitamura,Ryo Kase,Tomokazu Miura","Action, Crime, Documentary, Drama, Foreign, Thriller",109
2706,c960,Beyond Outrage,2012,Takeshi Kitano,"Toshiyuki Nishida, Tomokazu Miura, Takeshi Kitano","Action, Crime, Drama",112
2707,d3323,faust,1926,Alexander Sokurov,"Florian Brückner, Antje Lewald, Anton Adasinsky, Johannes Zeiler, Hanna Schygulla, Isolda Dychauk, Georg Friedrich","Drama, Fantasy, Foreign, Science Fiction",85
2707,d1480,faust,2013,Alexander Sokurov,"Johannes Zeiler,Anton Adasinsky,Isolda Dychauk,Georg Friedrich,Hanna Schygulla,Florian Brückner,Antje Lewald","Drama, Fantasy, Foreign",140
2708,d652,'71,2015,Yann Demange,"Jack O'Connell,Paul Anderson,Sean Harris,Sam Reid,Sam Hazeldine,Charlie Murphy,David Wilmot,Killian Scott","Action, Drama, Thriller, War",99
2708,c338,'71,2014,Yann Demange,"Jack O'Connell, Sam Reid, Sean Harris","Action, Drama, Thriller",99
2709,d2281,the way,2011,Emilio Estevez,"Martin Sheen,Emilio Estevez,Deborah Kara Unger,Yorick Van Wageningen,James Nesbitt,Tcheky Karyo,Spencer Garrett,Angela Molina","Action, Adventure, Comedy, Crime, Drama, Indie",128
2709,a660,The Way,2010,Emilio Estevez,"Martin Sheen, Emilio Estevez, Deborah Kara Unger","Adventure, Comedy, Drama",123
2710,c1939,Lady Magdalene's,2008,J. Neil Schulman,"Nichelle Nichols, Ethan Keogh, Susan Smythe","Action, Comedy, Music",116
2710,a2484,Lady Magdalene's,2011,J. Neil Schulman,"Nichelle Nichols, Ethan Keogh, Susan Smythe","Action, Comedy, Music, Romance, Thriller",116
2711,a1569,Thir13en Ghosts,2001,Steve Beck,"Tony Shalhoub, Shannon Elizabeth, Embeth Davidtz","Horror, Mystery, Thriller",91
2711,b1368,Thirteen Ghosts (13 Ghosts),2001,Steve Beck,"Tony Shalhoub, Matthew Lillard, Shannon Elizabeth, Alec Roberts",Horror,91
2712,c6570,Beat the Devil,1953,John Huston,"Humphrey Bogart, Jennifer Jones, Gina Lollobrigida","Action, Adventure, Comedy",89
2712,d3421,beat the devil,1954,,,"Adventure, Comedy, Crime, Drama",89
